seqname,source,feature,HP_number,start,end,Putative_Id,Orf_Size,Prot_Size(est),score,strand,frame,attribute
.,forsyth,gene,HP0001,220,633,transcription termination factor NusB (nusB) {Escherichia coli},413,15180,.,-,.,gene=HP0001;Putative_Id=transcription termination factor NusB (nusB) {Escherichia coli};Orf_Size=413;Prot_Size(est)=15180.0
.,forsyth,gene,HP0002,638,1105,riboflavin synthase beta chain (ribE) {Haemophilus influenzae},467,17160,.,-,.,gene=HP0002;Putative_Id=riboflavin synthase beta chain (ribE) {Haemophilus influenzae};Orf_Size=467;Prot_Size(est)=17160.0
.,forsyth,gene,HP0003,1118,1945,3-deoxy-d-manno-octulosonic acid 8-phosphate synthetase (kdsA) {Chlamydia psittaci},827,30360,.,-,.,gene=HP0003;Putative_Id=3-deoxy-d-manno-octulosonic acid 8-phosphate synthetase (kdsA) {Chlamydia psittaci};Orf_Size=827;Prot_Size(est)=30360.0
.,forsyth,gene,HP0004,1935,2597,carbonic anhydrase (icfA) {Synechococcus sp.},662,24310,.,-,.,gene=HP0004;Putative_Id=carbonic anhydrase (icfA) {Synechococcus sp.};Orf_Size=662;Prot_Size(est)=24310.0
.,forsyth,gene,HP0005,2719,3399,orotidine 5'-phosphate decarboxylase (pyrF) {Bacillus subtilis},680,24970,.,+,.,gene=HP0005;Putative_Id=orotidine 5'-phosphate decarboxylase (pyrF) {Bacillus subtilis};Orf_Size=680;Prot_Size(est)=24970.0
.,forsyth,gene,HP0006,3403,4230,pantoate-beta-alanine ligase (panC) {Bacillus subtilis},827,30360,.,+,.,gene=HP0006;Putative_Id=pantoate-beta-alanine ligase (panC) {Bacillus subtilis};Orf_Size=827;Prot_Size(est)=30360.0
.,forsyth,gene,HP0007,4697,4765,hypothetical protein,68,2530,.,+,.,gene=HP0007;Putative_Id=hypothetical protein;Orf_Size=68;Prot_Size(est)=2530.0
.,forsyth,gene,HP0008,4937,5017,hypothetical protein,80,2970,.,+,.,gene=HP0008;Putative_Id=hypothetical protein;Orf_Size=80;Prot_Size(est)=2970.0
.,forsyth,gene,HP0009,5244,7145,outer membrane protein (omp1),1901,69740,.,-,.,gene=HP0009;Putative_Id=outer membrane protein (omp1);Orf_Size=1901;Prot_Size(est)=69740.0
.,forsyth,gene,HP0010,7606,9243,chaperone and heat shock protein (groEL) {Helicobacter pylori},1637,60060,.,-,.,gene=HP0010;Putative_Id=chaperone and heat shock protein (groEL) {Helicobacter pylori};Orf_Size=1637;Prot_Size(est)=60060.0
.,forsyth,gene,HP0011,9271,9624,co-chaperone (groES) {Helicobacter pylori},353,12980,.,-,.,gene=HP0011;Putative_Id=co-chaperone (groES) {Helicobacter pylori};Orf_Size=353;Prot_Size(est)=12980.0
.,forsyth,gene,HP0012,9911,11587,DNA primase (dnaG) {Haemophilus influenzae},1676,61490,.,+,.,gene=HP0012;Putative_Id=DNA primase (dnaG) {Haemophilus influenzae};Orf_Size=1676;Prot_Size(est)=61490.0
.,forsyth,gene,HP0013,11587,12636,hypothetical protein,1049,38500,.,+,.,gene=HP0013;Putative_Id=hypothetical protein;Orf_Size=1049;Prot_Size(est)=38500.0
.,forsyth,gene,HP0014,12728,13552,hypothetical protein,824,30250,.,+,.,gene=HP0014;Putative_Id=hypothetical protein;Orf_Size=824;Prot_Size(est)=30250.0
.,forsyth,gene,HP0015,13702,13980,hypothetical protein,278,10230,.,+,.,gene=HP0015;Putative_Id=hypothetical protein;Orf_Size=278;Prot_Size(est)=10230.0
.,forsyth,gene,HP0016,13983,14243,hypothetical protein,260,9570,.,+,.,gene=HP0016;Putative_Id=hypothetical protein;Orf_Size=260;Prot_Size(est)=9570.0
.,forsyth,gene,HP0017,14248,16608,virB4 homolog (virB4) {Agrobacterium radiobacter},2360,86570,.,+,.,gene=HP0017;Putative_Id=virB4 homolog (virB4) {Agrobacterium radiobacter};Orf_Size=2360;Prot_Size(est)=86570.0
.,forsyth,gene,HP0018,16863,18269,hypothetical protein,1406,51590,.,+,.,gene=HP0018;Putative_Id=hypothetical protein;Orf_Size=1406;Prot_Size(est)=51590.0
.,forsyth,gene,HP0019,18380,19342,chemotaxis protein (cheV) {Bacillus subtilis},962,35310,.,+,.,gene=HP0019;Putative_Id=chemotaxis protein (cheV) {Bacillus subtilis};Orf_Size=962;Prot_Size(est)=35310.0
.,forsyth,gene,HP0020,19342,20556,carboxynorspermidine decarboxylase (nspC) {Synechocystis sp.},1214,44550,.,+,.,gene=HP0020;Putative_Id=carboxynorspermidine decarboxylase (nspC) {Synechocystis sp.};Orf_Size=1214;Prot_Size(est)=44550.0
.,forsyth,gene,HP0021,20572,21141,hypothetical protein,569,20900,.,-,.,gene=HP0021;Putative_Id=hypothetical protein;Orf_Size=569;Prot_Size(est)=20900.0
.,forsyth,gene,HP0022,21155,22717,conserved hypothetical integral membrane protein {Salmonella choleraesuis},1562,57310,.,-,.,gene=HP0022;Putative_Id=conserved hypothetical integral membrane protein {Salmonella choleraesuis};Orf_Size=1562;Prot_Size(est)=57310.0
.,forsyth,gene,HP0023,22773,22889,hypothetical protein,116,4290,.,+,.,gene=HP0023;Putative_Id=hypothetical protein;Orf_Size=116;Prot_Size(est)=4290.0
.,forsyth,gene,HP0024,22903,22992,hypothetical protein,89,3300,.,+,.,gene=HP0024;Putative_Id=hypothetical protein;Orf_Size=89;Prot_Size(est)=3300.0
.,forsyth,gene,HP0025,23327,25459,outer membrane protein (omp2),2132,78210,.,-,.,gene=HP0025;Putative_Id=outer membrane protein (omp2);Orf_Size=2132;Prot_Size(est)=78210.0
.,forsyth,gene,HP0026,26081,27358,citrate synthase (gltA) {Rickettsia prowazekii},1277,46860,.,-,.,gene=HP0026;Putative_Id=citrate synthase (gltA) {Rickettsia prowazekii};Orf_Size=1277;Prot_Size(est)=46860.0
.,forsyth,gene,HP0027,27557,28831,isocitrate dehydrogenase (icd) {Escherichia coli},1274,46750,.,+,.,gene=HP0027;Putative_Id=isocitrate dehydrogenase (icd) {Escherichia coli};Orf_Size=1274;Prot_Size(est)=46750.0
.,forsyth,gene,HP0028,28901,29431,conserved hypothetical secreted protein {Haemophilus influenzae},530,19470,.,+,.,gene=HP0028;Putative_Id=conserved hypothetical secreted protein {Haemophilus influenzae};Orf_Size=530;Prot_Size(est)=19470.0
.,forsyth,gene,HP0029,29414,30067,dethiobiotin synthetase (bioD) {Methanococcus jannaschii},653,23980,.,-,.,gene=HP0029;Putative_Id=dethiobiotin synthetase (bioD) {Methanococcus jannaschii};Orf_Size=653;Prot_Size(est)=23980.0
.,forsyth,gene,HP0030,30074,31852,hypothetical protein,1778,65230,.,-,.,gene=HP0030;Putative_Id=hypothetical protein;Orf_Size=1778;Prot_Size(est)=65230.0
.,forsyth,gene,HP0031,31961,32371,hypothetical protein,410,15070,.,+,.,gene=HP0031;Putative_Id=hypothetical protein;Orf_Size=410;Prot_Size(est)=15070.0
.,forsyth,gene,HP0032,32405,32677,conserved hypothetical protein {Escherichia coli},272,10010,.,+,.,gene=HP0032;Putative_Id=conserved hypothetical protein {Escherichia coli};Orf_Size=272;Prot_Size(est)=10010.0
.,forsyth,gene,HP0033,32680,34902,ATP-dependent C1p protease (clpA) {Escherichia coli},2222,81510,.,+,.,gene=HP0033;Putative_Id=ATP-dependent C1p protease (clpA) {Escherichia coli};Orf_Size=2222;Prot_Size(est)=81510.0
.,forsyth,gene,HP0034,34895,35245,aspartate 1-decarboxylase (panD) {Bacillus subtilis},350,12870,.,+,.,gene=HP0034;Putative_Id=aspartate 1-decarboxylase (panD) {Bacillus subtilis};Orf_Size=350;Prot_Size(est)=12870.0
.,forsyth,gene,HP0035,35251,35541,conserved hypothetical protein {Escherichia coli},290,10670,.,+,.,gene=HP0035;Putative_Id=conserved hypothetical protein {Escherichia coli};Orf_Size=290;Prot_Size(est)=10670.0
.,forsyth,gene,HP0036,35544,36545,hypothetical protein,1001,36740,.,+,.,gene=HP0036;Putative_Id=hypothetical protein;Orf_Size=1001;Prot_Size(est)=36740.0
.,forsyth,gene,HP0037,36556,37608,NADH-ubiquinone oxidoreductase subunit {Trypanosoma brucei},1052,38610,.,+,.,gene=HP0037;Putative_Id=NADH-ubiquinone oxidoreductase subunit {Trypanosoma brucei};Orf_Size=1052;Prot_Size(est)=38610.0
.,forsyth,gene,HP0038,37738,38472,hypothetical protein,734,26950,.,+,.,gene=HP0038;Putative_Id=hypothetical protein;Orf_Size=734;Prot_Size(est)=26950.0
.,forsyth,gene,HP0039,38472,38741,hypothetical protein,269,9900,.,+,.,gene=HP0039;Putative_Id=hypothetical protein;Orf_Size=269;Prot_Size(est)=9900.0
.,forsyth,gene,HP0040,38710,39450,hypothetical protein,740,27170,.,+,.,gene=HP0040;Putative_Id=hypothetical protein;Orf_Size=740;Prot_Size(est)=27170.0
.,forsyth,gene,HP0041,39446,39814,hypothetical protein,368,13530,.,+,.,gene=HP0041;Putative_Id=hypothetical protein;Orf_Size=368;Prot_Size(est)=13530.0
.,forsyth,gene,HP0042,39880,40578,trbI protein {Escherichia coli},698,25630,.,+,.,gene=HP0042;Putative_Id=trbI protein {Escherichia coli};Orf_Size=698;Prot_Size(est)=25630.0
.,forsyth,gene,HP0043,40651,42060,mannose-6-phosphate isomerase (pmi) or (algA)  {Pseudomonas aeruginosa},1409,51700,.,+,.,gene=HP0043;Putative_Id=mannose-6-phosphate isomerase (pmi) or (algA)  {Pseudomonas aeruginosa};Orf_Size=1409;Prot_Size(est)=51700.0
.,forsyth,gene,HP0044,42105,43247,GDP-D-mannose dehydratase (rfbD) {Vibrio cholerae},1142,41910,.,+,.,gene=HP0044;Putative_Id=GDP-D-mannose dehydratase (rfbD) {Vibrio cholerae};Orf_Size=1142;Prot_Size(est)=41910.0
.,forsyth,gene,HP0045,43243,44172,nodulation protein (nolK) {Azorhizobium caulinodans},929,34100,.,+,.,gene=HP0045;Putative_Id=nodulation protein (nolK) {Azorhizobium caulinodans};Orf_Size=929;Prot_Size(est)=34100.0
.,forsyth,gene,HP0046,44299,44433,hypothetical protein,134,4950,.,+,.,gene=HP0046;Putative_Id=hypothetical protein;Orf_Size=134;Prot_Size(est)=4950.0
.,forsyth,gene,HP0047,45044,46039,hydrogenase expression/formation protein (hypE) {Rhodobacter capsulatus},995,36520,.,-,.,gene=HP0047;Putative_Id=hydrogenase expression/formation protein (hypE) {Rhodobacter capsulatus};Orf_Size=995;Prot_Size(est)=36520.0
.,forsyth,gene,HP0048,46045,48351,transcriptional regulator (hypF) {Rhodobacter capsulatus},2306,84590,.,-,.,gene=HP0048;Putative_Id=transcriptional regulator (hypF) {Rhodobacter capsulatus};Orf_Size=2306;Prot_Size(est)=84590.0
.,forsyth,gene,HP0049,48294,49283,hypothetical protein,989,36300,.,-,.,gene=HP0049;Putative_Id=hypothetical protein;Orf_Size=989;Prot_Size(est)=36300.0
.,forsyth,gene,HP0050,49338,50033,adenine specific DNA methyltransferase (dpnA) {Streptococcus pneumonia},695,25520,.,-,.,gene=HP0050;Putative_Id=adenine specific DNA methyltransferase (dpnA) {Streptococcus pneumonia};Orf_Size=695;Prot_Size(est)=25520.0
.,forsyth,gene,HP0051,50033,51097,cytosine specific DNA methyltransferase (DDEM) {Desulfovibrio desulfuricans},1064,39050,.,-,.,gene=HP0051;Putative_Id=cytosine specific DNA methyltransferase (DDEM) {Desulfovibrio desulfuricans};Orf_Size=1064;Prot_Size(est)=39050.0
.,forsyth,gene,HP0052,51275,52264,hypothetical protein,989,36300,.,-,.,gene=HP0052;Putative_Id=hypothetical protein;Orf_Size=989;Prot_Size(est)=36300.0
.,forsyth,gene,HP0053,52462,53718,hypothetical protein,1256,46090,.,-,.,gene=HP0053;Putative_Id=hypothetical protein;Orf_Size=1256;Prot_Size(est)=46090.0
.,forsyth,gene,HP0054,53718,56186,adenine/cytosine DNA methyltransferase {Haemophilus paragallinarum},2468,90530,.,-,.,gene=HP0054;Putative_Id=adenine/cytosine DNA methyltransferase {Haemophilus paragallinarum};Orf_Size=2468;Prot_Size(est)=90530.0
.,forsyth,gene,HP0055,56227,57714,proline permease (putP) {Escherichia coli},1487,54560,.,-,.,gene=HP0055;Putative_Id=proline permease (putP) {Escherichia coli};Orf_Size=1487;Prot_Size(est)=54560.0
.,forsyth,gene,HP0056,57744,61298,delta-1-pyrroline-5-carboxylate dehydrogenase {Synechocystis sp.),3554,130350,.,-,.,gene=HP0056;Putative_Id=delta-1-pyrroline-5-carboxylate dehydrogenase {Synechocystis sp.);Orf_Size=3554;Prot_Size(est)=130350.0
.,forsyth,gene,HP0057,61619,61825,hypothetical protein,206,7590,.,+,.,gene=HP0057;Putative_Id=hypothetical protein;Orf_Size=206;Prot_Size(est)=7590.0
.,forsyth,gene,HP0058,61943,63140,hypothetical protein,1197,43926.66667,.,+,.,gene=HP0058;Putative_Id=hypothetical protein;Orf_Size=1197;Prot_Size(est)=43926.666666666664
.,forsyth,gene,HP0059,63145,63996,hypothetical protein,851,31240,.,+,.,gene=HP0059;Putative_Id=hypothetical protein;Orf_Size=851;Prot_Size(est)=31240.0
.,forsyth,gene,HP0060,64016,66454,hypothetical protein,2438,89430,.,+,.,gene=HP0060;Putative_Id=hypothetical protein;Orf_Size=2438;Prot_Size(est)=89430.0
.,forsyth,gene,HP0061,66454,67020,hypothetical protein,566,20790,.,+,.,gene=HP0061;Putative_Id=hypothetical protein;Orf_Size=566;Prot_Size(est)=20790.0
.,forsyth,gene,HP0062,67039,67296,hypothetical protein,257,9460,.,+,.,gene=HP0062;Putative_Id=hypothetical protein;Orf_Size=257;Prot_Size(est)=9460.0
.,forsyth,gene,HP0063,67310,68797,hypothetical protein,1487,54560,.,+,.,gene=HP0063;Putative_Id=hypothetical protein;Orf_Size=1487;Prot_Size(est)=54560.0
.,forsyth,gene,HP0064,68770,69186,hypothetical protein,416,15290,.,+,.,gene=HP0064;Putative_Id=hypothetical protein;Orf_Size=416;Prot_Size(est)=15290.0
.,forsyth,gene,HP0065,69191,69541,hypothetical protein,350,12870,.,+,.,gene=HP0065;Putative_Id=hypothetical protein;Orf_Size=350;Prot_Size(est)=12870.0
.,forsyth,gene,HP0066,69468,71960,conserved hypothetical ATP-binding protein {Bacillus subtilis},2492,91410,.,+,.,gene=HP0066;Putative_Id=conserved hypothetical ATP-binding protein {Bacillus subtilis};Orf_Size=2492;Prot_Size(est)=91410.0
.,forsyth,gene,HP0067,72024,72818,urease accessory protein (ureH) {Helicobacter pylori},794,29150,.,-,.,gene=HP0067;Putative_Id=urease accessory protein (ureH) {Helicobacter pylori};Orf_Size=794;Prot_Size(est)=29150.0
.,forsyth,gene,HP0068,72821,73417,urease accessory protein (ureG) {Helicobacter pylori},596,21890,.,-,.,gene=HP0068;Putative_Id=urease accessory protein (ureG) {Helicobacter pylori};Orf_Size=596;Prot_Size(est)=21890.0
.,forsyth,gene,HP0069,73449,74210,urease accessory protein (ureF) {Helicobacter pylori},761,27940,.,-,.,gene=HP0069;Putative_Id=urease accessory protein (ureF) {Helicobacter pylori};Orf_Size=761;Prot_Size(est)=27940.0
.,forsyth,gene,HP0070,74236,74745,urease accessory protein (ureE) {Helicobacter pylori},509,18700,.,-,.,gene=HP0070;Putative_Id=urease accessory protein (ureE) {Helicobacter pylori};Orf_Size=509;Prot_Size(est)=18700.0
.,forsyth,gene,HP0071,74750,75334,urease accessory protein (ureI) {Helicobacter pylori},584,21450,.,-,.,gene=HP0071;Putative_Id=urease accessory protein (ureI) {Helicobacter pylori};Orf_Size=584;Prot_Size(est)=21450.0
.,forsyth,gene,HP0072,75530,77236,urease beta subunit (urea amidohydrolase) (ureB) {Helicobacter  pylori},1706,62590,.,-,.,gene=HP0072;Putative_Id=urease beta subunit (urea amidohydrolase) (ureB) {Helicobacter  pylori};Orf_Size=1706;Prot_Size(est)=62590.0
.,forsyth,gene,HP0073,77243,77956,urease alpha subunit (ureA) (urea amidohydrolase) {Helicobacter pylori},713,26180,.,-,.,gene=HP0073;Putative_Id=urease alpha subunit (ureA) (urea amidohydrolase) {Helicobacter pylori};Orf_Size=713;Prot_Size(est)=26180.0
.,forsyth,gene,HP0074,78305,78775,lipoprotein signal peptidase (lspA) {Helicobacter pylori},470,17270,.,-,.,gene=HP0074;Putative_Id=lipoprotein signal peptidase (lspA) {Helicobacter pylori};Orf_Size=470;Prot_Size(est)=17270.0
.,forsyth,gene,HP0075,78772,80106,urease protein (ureC) {Helicobacter pylori},1334,48950,.,-,.,gene=HP0075;Putative_Id=urease protein (ureC) {Helicobacter pylori};Orf_Size=1334;Prot_Size(est)=48950.0
.,forsyth,gene,HP0076,80196,80462,ribosomal protein S20 (rps20) {Rhizobium meliloti},266,9790,.,+,.,gene=HP0076;Putative_Id=ribosomal protein S20 (rps20) {Rhizobium meliloti};Orf_Size=266;Prot_Size(est)=9790.0
.,forsyth,gene,HP0077,80589,81644,peptide chain release factor RF-1 (prfA) {Escherichia coli},1055,38720,.,+,.,gene=HP0077;Putative_Id=peptide chain release factor RF-1 (prfA) {Escherichia coli};Orf_Size=1055;Prot_Size(est)=38720.0
.,forsyth,gene,HP0078,82058,82312,hypothetical protein,254,9350,.,+,.,gene=HP0078;Putative_Id=hypothetical protein;Orf_Size=254;Prot_Size(est)=9350.0
.,forsyth,gene,HP0079,82326,84110,outer membrane protein (omp3),1784,65450,.,+,.,gene=HP0079;Putative_Id=outer membrane protein (omp3);Orf_Size=1784;Prot_Size(est)=65450.0
.,forsyth,gene,HP0080,84359,86137,hypothetical protein,1778,65230,.,+,.,gene=HP0080;Putative_Id=hypothetical protein;Orf_Size=1778;Prot_Size(est)=65230.0
.,forsyth,gene,HP0081,86410,86529,hypothetical protein,119,4400,.,+,.,gene=HP0081;Putative_Id=hypothetical protein;Orf_Size=119;Prot_Size(est)=4400.0
.,forsyth,gene,HP0082,86659,88677,methyl-accepting chemotaxis transducer (tlpC) {Bacillus subtilis},2018,74030,.,-,.,gene=HP0082;Putative_Id=methyl-accepting chemotaxis transducer (tlpC) {Bacillus subtilis};Orf_Size=2018;Prot_Size(est)=74030.0
.,forsyth,gene,HP0083,88836,89222,ribosomal protein S9 (rps9) {Escherichia coli},386,14190,.,-,.,gene=HP0083;Putative_Id=ribosomal protein S9 (rps9) {Escherichia coli};Orf_Size=386;Prot_Size(est)=14190.0
.,forsyth,gene,HP0084,89222,89644,ribosomal protein L13 (rpl13) {Escherichia coli},422,15510,.,-,.,gene=HP0084;Putative_Id=ribosomal protein L13 (rpl13) {Escherichia coli};Orf_Size=422;Prot_Size(est)=15510.0
.,forsyth,gene,HP0085,89960,90145,hypothetical protein,185,6820,.,-,.,gene=HP0085;Putative_Id=hypothetical protein;Orf_Size=185;Prot_Size(est)=6820.0
.,forsyth,gene,HP0086,90155,91504,conserved hypothetical protein {Escherichia coli},1349,49500,.,-,.,gene=HP0086;Putative_Id=conserved hypothetical protein {Escherichia coli};Orf_Size=1349;Prot_Size(est)=49500.0
.,forsyth,gene,HP0087,91561,92931,hypothetical protein,1370,50270,.,-,.,gene=HP0087;Putative_Id=hypothetical protein;Orf_Size=1370;Prot_Size(est)=50270.0
.,forsyth,gene,HP0088,92955,94967,RNA polymerase sigma-70 factor (rpoD) {Haemophilus influenzae},2012,73810,.,-,.,gene=HP0088;Putative_Id=RNA polymerase sigma-70 factor (rpoD) {Haemophilus influenzae};Orf_Size=2012;Prot_Size(est)=73810.0
.,forsyth,gene,HP0089,95194,95886,pfs protein (pfs) {Haemophilus influenzae},692,25410,.,-,.,gene=HP0089;Putative_Id=pfs protein (pfs) {Haemophilus influenzae};Orf_Size=692;Prot_Size(est)=25410.0
.,forsyth,gene,HP0090,95900,96826,malonyl coenzyme A-acyl carrier protein transacylase (fabD) {Haemophilus influenzae},926,33990,.,-,.,gene=HP0090;Putative_Id=malonyl coenzyme A-acyl carrier protein transacylase (fabD) {Haemophilus influenzae};Orf_Size=926;Prot_Size(est)=33990.0
.,forsyth,gene,HP0091,97256,98086,type II restriction enzyme R protein (hsdR) {Moraxella bovis},830,30470,.,+,.,gene=HP0091;Putative_Id=type II restriction enzyme R protein (hsdR) {Moraxella bovis};Orf_Size=830;Prot_Size(est)=30470.0
.,forsyth,gene,HP0092,98083,98913,type II restriction enzyme M protein (hsdM) {Moraxella bovis},830,30470,.,+,.,gene=HP0092;Putative_Id=type II restriction enzyme M protein (hsdM) {Moraxella bovis};Orf_Size=830;Prot_Size(est)=30470.0
.,forsyth,gene,HP0093,98939,99268,hypothetical protein,329,12100,.,-,.,gene=HP0093;Putative_Id=hypothetical protein;Orf_Size=329;Prot_Size(est)=12100.0
.,forsyth,gene,HP0094,99376,99840,conserved hypothetical protein {Yersinia enterocolitica},464,17050,.,-,.,gene=HP0094;Putative_Id=conserved hypothetical protein {Yersinia enterocolitica};Orf_Size=464;Prot_Size(est)=17050.0
.,forsyth,gene,HP0095,99942,100469,hypothetical protein,527,19360,.,-,.,gene=HP0095;Putative_Id=hypothetical protein;Orf_Size=527;Prot_Size(est)=19360.0
.,forsyth,gene,HP0096,100542,101483,phosphoglycerate dehydrogenase {Methanococcus jannaschii},941,34540,.,+,.,gene=HP0096;Putative_Id=phosphoglycerate dehydrogenase {Methanococcus jannaschii};Orf_Size=941;Prot_Size(est)=34540.0
.,forsyth,gene,HP0097,101646,102356,hypothetical protein,710,26070,.,-,.,gene=HP0097;Putative_Id=hypothetical protein;Orf_Size=710;Prot_Size(est)=26070.0
.,forsyth,gene,HP0098,102464,103921,threonine synthase (thrC) {Haemophilus influenzae},1457,53460,.,-,.,gene=HP0098;Putative_Id=threonine synthase (thrC) {Haemophilus influenzae};Orf_Size=1457;Prot_Size(est)=53460.0
.,forsyth,gene,HP0099,104125,106149,methyl-accepting chemotaxis protein (tlpA) {Bacillus subtilis},2024,74250,.,+,.,gene=HP0099;Putative_Id=methyl-accepting chemotaxis protein (tlpA) {Bacillus subtilis};Orf_Size=2024;Prot_Size(est)=74250.0
.,forsyth,gene,HP0100,106152,107255,conserved hypothetical protein {Haemophilus influenzae},1103,40480,.,+,.,gene=HP0100;Putative_Id=conserved hypothetical protein {Haemophilus influenzae};Orf_Size=1103;Prot_Size(est)=40480.0
.,forsyth,gene,HP0101,107471,108229,hypothetical protein,758,27830,.,+,.,gene=HP0101;Putative_Id=hypothetical protein;Orf_Size=758;Prot_Size(est)=27830.0
.,forsyth,gene,HP0102,108218,108994,conserved hypothetical protein {Yersinia enterocolitica},776,28490,.,-,.,gene=HP0102;Putative_Id=conserved hypothetical protein {Yersinia enterocolitica};Orf_Size=776;Prot_Size(est)=28490.0
.,forsyth,gene,HP0103,109028,110722,methyl-accepting chemotaxis protein (tlpB) {Bacillus subtilis},1694,62150,.,-,.,gene=HP0103;Putative_Id=methyl-accepting chemotaxis protein (tlpB) {Bacillus subtilis};Orf_Size=1694;Prot_Size(est)=62150.0
.,forsyth,gene,HP0104,110931,112673,"2',3'-cyclic-nucleotide 2'-phosphodiesterase (cpdB) {Haemophilus influenzae}",1742,63910,.,-,.,"gene=HP0104;Putative_Id=2',3'-cyclic-nucleotide 2'-phosphodiesterase (cpdB) {Haemophilus influenzae};Orf_Size=1742;Prot_Size(est)=63910.0"
.,forsyth,gene,HP0105,112831,113295,conserved hypothetical protein {Haemophilus influenzae},464,17050,.,-,.,gene=HP0105;Putative_Id=conserved hypothetical protein {Haemophilus influenzae};Orf_Size=464;Prot_Size(est)=17050.0
.,forsyth,gene,HP0106,113336,114475,cystathionine gamma-synthase (metB) {Haemophilus influenzae},1139,41800,.,-,.,gene=HP0106;Putative_Id=cystathionine gamma-synthase (metB) {Haemophilus influenzae};Orf_Size=1139;Prot_Size(est)=41800.0
.,forsyth,gene,HP0107,114503,115420,cysteine synthetase (cysK) {Bacillus subtilis},917,33660,.,-,.,gene=HP0107;Putative_Id=cysteine synthetase (cysK) {Bacillus subtilis};Orf_Size=917;Prot_Size(est)=33660.0
.,forsyth,gene,HP0108,115459,116016,hypothetical protein,557,20460,.,+,.,gene=HP0108;Putative_Id=hypothetical protein;Orf_Size=557;Prot_Size(est)=20460.0
.,forsyth,gene,HP0109,116365,118224,chaperone and heat shock protein 70 (dnaK) {Rhizobium meliloti},1859,68200,.,-,.,gene=HP0109;Putative_Id=chaperone and heat shock protein 70 (dnaK) {Rhizobium meliloti};Orf_Size=1859;Prot_Size(est)=68200.0
.,forsyth,gene,HP0110,118257,118823,co-chaperone and heat shock protein (grpE) {Bacillus subtilis},566,20790,.,-,.,gene=HP0110;Putative_Id=co-chaperone and heat shock protein (grpE) {Bacillus subtilis};Orf_Size=566;Prot_Size(est)=20790.0
.,forsyth,gene,HP0111,118826,119653,hypothetical protein,827,30360,.,-,.,gene=HP0111;Putative_Id=hypothetical protein;Orf_Size=827;Prot_Size(est)=30360.0
.,forsyth,gene,HP0112,119980,120672,hypothetical protein,692,25410,.,+,.,gene=HP0112;Putative_Id=hypothetical protein;Orf_Size=692;Prot_Size(est)=25410.0
.,forsyth,gene,HP0113,120696,120989,hypothetical protein,293,10780,.,+,.,gene=HP0113;Putative_Id=hypothetical protein;Orf_Size=293;Prot_Size(est)=10780.0
.,forsyth,gene,HP0114,121005,122888,hypothetical protein,1883,69080,.,-,.,gene=HP0114;Putative_Id=hypothetical protein;Orf_Size=1883;Prot_Size(est)=69080.0
.,forsyth,gene,HP0115,122951,124492,flagellin B (flaB) {Helicobacter pylori},1541,56540,.,-,.,gene=HP0115;Putative_Id=flagellin B (flaB) {Helicobacter pylori};Orf_Size=1541;Prot_Size(est)=56540.0
.,forsyth,gene,HP0116,124658,126865,DNA topoisomerase I (topA) {Bacillus subtilis},2207,80960,.,+,.,gene=HP0116;Putative_Id=DNA topoisomerase I (topA) {Bacillus subtilis};Orf_Size=2207;Prot_Size(est)=80960.0
.,forsyth,gene,HP0117,126861,127784,conserved hypothetical protein {Methanococcus jannaschii},923,33880,.,+,.,gene=HP0117;Putative_Id=conserved hypothetical protein {Methanococcus jannaschii};Orf_Size=923;Prot_Size(est)=33880.0
.,forsyth,gene,HP0118,127934,129118,hypothetical protein,1184,43450,.,-,.,gene=HP0118;Putative_Id=hypothetical protein;Orf_Size=1184;Prot_Size(est)=43450.0
.,forsyth,gene,HP0119,129386,130768,hypothetical protein,1382,50710,.,-,.,gene=HP0119;Putative_Id=hypothetical protein;Orf_Size=1382;Prot_Size(est)=50710.0
.,forsyth,gene,HP0120,131056,132249,hypothetical protein,1193,43780,.,-,.,gene=HP0120;Putative_Id=hypothetical protein;Orf_Size=1193;Prot_Size(est)=43780.0
.,forsyth,gene,HP0121,132349,134784,phosphoenolpyruvate synthase (ppsA) {Escherichia coli},2435,89320,.,-,.,gene=HP0121;Putative_Id=phosphoenolpyruvate synthase (ppsA) {Escherichia coli};Orf_Size=2435;Prot_Size(est)=89320.0
.,forsyth,gene,HP0122,134971,135099,hypothetical protein,128,4730,.,+,.,gene=HP0122;Putative_Id=hypothetical protein;Orf_Size=128;Prot_Size(est)=4730.0
.,forsyth,gene,HP0123,135142,136977,threonyl-tRNA synthetase (thrS) {Escherichia coli},1835,67320,.,+,.,gene=HP0123;Putative_Id=threonyl-tRNA synthetase (thrS) {Escherichia coli};Orf_Size=1835;Prot_Size(est)=67320.0
.,forsyth,gene,HP0124,136977,137585,translation initiation factor IF-3 (infC) {Bacillus stearothermophilus},608,22330,.,+,.,gene=HP0124;Putative_Id=translation initiation factor IF-3 (infC) {Bacillus stearothermophilus};Orf_Size=608;Prot_Size(est)=22330.0
.,forsyth,gene,HP0125,137569,137760,ribosomal protein L35 (rpl35) {Pseudomonas syringae},191,7040,.,+,.,gene=HP0125;Putative_Id=ribosomal protein L35 (rpl35) {Pseudomonas syringae};Orf_Size=191;Prot_Size(est)=7040.0
.,forsyth,gene,HP0126,137857,138204,ribosomal protein L20 (rpl20) {Pseudomonas syringae},347,12760,.,+,.,gene=HP0126;Putative_Id=ribosomal protein L20 (rpl20) {Pseudomonas syringae};Orf_Size=347;Prot_Size(est)=12760.0
.,forsyth,gene,HP0127,138407,139264,outer membrane protein (omp4),857,31460,.,+,.,gene=HP0127;Putative_Id=outer membrane protein (omp4);Orf_Size=857;Prot_Size(est)=31460.0
.,forsyth,gene,HP0128,139319,139441,hypothetical protein,122,4510,.,+,.,gene=HP0128;Putative_Id=hypothetical protein;Orf_Size=122;Prot_Size(est)=4510.0
.,forsyth,gene,HP0129,139617,140039,hypothetical protein,422,15510,.,+,.,gene=HP0129;Putative_Id=hypothetical protein;Orf_Size=422;Prot_Size(est)=15510.0
.,forsyth,gene,HP0130,140453,141310,hypothetical protein,857,31460,.,+,.,gene=HP0130;Putative_Id=hypothetical protein;Orf_Size=857;Prot_Size(est)=31460.0
.,forsyth,gene,HP0131,142028,142126,hypothetical protein,98,3630,.,+,.,gene=HP0131;Putative_Id=hypothetical protein;Orf_Size=98;Prot_Size(est)=3630.0
.,forsyth,gene,HP0132,142230,143594,L-serine deaminase (sdaA) {Escherichia coli},1364,50050,.,-,.,gene=HP0132;Putative_Id=L-serine deaminase (sdaA) {Escherichia coli};Orf_Size=1364;Prot_Size(est)=50050.0
.,forsyth,gene,HP0133,143597,144835,serine transporter (sdaC) {Escherichia coli},1238,45430,.,-,.,gene=HP0133;Putative_Id=serine transporter (sdaC) {Escherichia coli};Orf_Size=1238;Prot_Size(est)=45430.0
.,forsyth,gene,HP0134,145016,146362,3-deoxy-D-arabino-heptulosonate 7-phosphate synthase (dhs1) {Arabidopsis thaliana},1346,49390,.,+,.,gene=HP0134;Putative_Id=3-deoxy-D-arabino-heptulosonate 7-phosphate synthase (dhs1) {Arabidopsis thaliana};Orf_Size=1346;Prot_Size(est)=49390.0
.,forsyth,gene,HP0135,146444,146575,hypothetical protein,131,4840,.,+,.,gene=HP0135;Putative_Id=hypothetical protein;Orf_Size=131;Prot_Size(est)=4840.0
.,forsyth,gene,HP0136,146816,147271,bacterioferritin comigratory protein (bcp) {Escherichia coli},455,16720,.,-,.,gene=HP0136;Putative_Id=bacterioferritin comigratory protein (bcp) {Escherichia coli};Orf_Size=455;Prot_Size(est)=16720.0
.,forsyth,gene,HP0137,147284,147916,hypothetical protein,632,23210,.,-,.,gene=HP0137;Putative_Id=hypothetical protein;Orf_Size=632;Prot_Size(est)=23210.0
.,forsyth,gene,HP0138,147912,149354,conserved hypothetical iron-sulfur protein {Escherichia coli},1442,52910,.,-,.,gene=HP0138;Putative_Id=conserved hypothetical iron-sulfur protein {Escherichia coli};Orf_Size=1442;Prot_Size(est)=52910.0
.,forsyth,gene,HP0139,149386,150111,conserved hypothetical secreted protein {Escherichia coli},725,26620,.,-,.,gene=HP0139;Putative_Id=conserved hypothetical secreted protein {Escherichia coli};Orf_Size=725;Prot_Size(est)=26620.0
.,forsyth,gene,HP0140,150342,151988,L-lactate permease (lctP) {Escherichia coli},1646,60390,.,+,.,gene=HP0140;Putative_Id=L-lactate permease (lctP) {Escherichia coli};Orf_Size=1646;Prot_Size(est)=60390.0
.,forsyth,gene,HP0141,152048,153700,L-lactate permease (lctP) {Escherichia coli},1652,60610,.,+,.,gene=HP0141;Putative_Id=L-lactate permease (lctP) {Escherichia coli};Orf_Size=1652;Prot_Size(est)=60610.0
.,forsyth,gene,HP0142,153730,154713,A/G-specific adenine glycosylase (mutY) {Escherichia coli},983,36080,.,-,.,gene=HP0142;Putative_Id=A/G-specific adenine glycosylase (mutY) {Escherichia coli};Orf_Size=983;Prot_Size(est)=36080.0
.,forsyth,gene,HP0143,154717,156164,2-oxoglutarate/malate translocator (SODiT1) {Haemophilus influenzae},1447,53093.33333,.,-,.,gene=HP0143;Putative_Id=2-oxoglutarate/malate translocator (SODiT1) {Haemophilus influenzae};Orf_Size=1447;Prot_Size(est)=53093.333333333336
.,forsyth,gene,HP0144,156334,157797,"cytochrome c oxidase, heme b and copper-binding subunit, membrane-bound (fixN) {Rhizobium meliloti}",1463,53680,.,+,.,"gene=HP0144;Putative_Id=cytochrome c oxidase, heme b and copper-binding subunit, membrane-bound (fixN) {Rhizobium meliloti};Orf_Size=1463;Prot_Size(est)=53680.0"
.,forsyth,gene,HP0145,157813,158508,"cytochrome c oxidase, monoheme subunit, membrane-bound (fixO) {Bradyrhizobium japonicum}",695,25520,.,+,.,"gene=HP0145;Putative_Id=cytochrome c oxidase, monoheme subunit, membrane-bound (fixO) {Bradyrhizobium japonicum};Orf_Size=695;Prot_Size(est)=25520.0"
.,forsyth,gene,HP0146,158519,158737,cbb3-type cytochrome c oxidase subunit Q (CcoQ) {Rhodobacter sphaeroides},218,8030,.,+,.,gene=HP0146;Putative_Id=cbb3-type cytochrome c oxidase subunit Q (CcoQ) {Rhodobacter sphaeroides};Orf_Size=218;Prot_Size(est)=8030.0
.,forsyth,gene,HP0147,158742,159599,"cytochrome c oxidase, diheme subunit, membrane-bound (fixP) {Rhizobium meliloti}",857,31460,.,+,.,"gene=HP0147;Putative_Id=cytochrome c oxidase, diheme subunit, membrane-bound (fixP) {Rhizobium meliloti};Orf_Size=857;Prot_Size(est)=31460.0"
.,forsyth,gene,HP0148,159630,159833,hypothetical protein,203,7480,.,+,.,gene=HP0148;Putative_Id=hypothetical protein;Orf_Size=203;Prot_Size(est)=7480.0
.,forsyth,gene,HP0149,159937,160518,hypothetical protein,581,21340,.,+,.,gene=HP0149;Putative_Id=hypothetical protein;Orf_Size=581;Prot_Size(est)=21340.0
.,forsyth,gene,HP0150,160534,161121,hypothetical protein,587,21560,.,+,.,gene=HP0150;Putative_Id=hypothetical protein;Orf_Size=587;Prot_Size(est)=21560.0
.,forsyth,gene,HP0151,161157,161966,conserved hypothetical membrane protein {Bacillus subtilis},809,29700,.,+,.,gene=HP0151;Putative_Id=conserved hypothetical membrane protein {Bacillus subtilis};Orf_Size=809;Prot_Size(est)=29700.0
.,forsyth,gene,HP0152,161969,162829,hypothetical protein,860,31570,.,-,.,gene=HP0152;Putative_Id=hypothetical protein;Orf_Size=860;Prot_Size(est)=31570.0
.,forsyth,gene,HP0153,162928,163968,recombinase (recA) {Helicobacter pylori},1040,38170,.,+,.,gene=HP0153;Putative_Id=recombinase (recA) {Helicobacter pylori};Orf_Size=1040;Prot_Size(est)=38170.0
.,forsyth,gene,HP0154,163983,165260,enolase (eno) {Bacillus subtilis},1277,46860,.,+,.,gene=HP0154;Putative_Id=enolase (eno) {Bacillus subtilis};Orf_Size=1277;Prot_Size(est)=46860.0
.,forsyth,gene,HP0155,165256,165528,hypothetical protein,272,10010,.,+,.,gene=HP0155;Putative_Id=hypothetical protein;Orf_Size=272;Prot_Size(est)=10010.0
.,forsyth,gene,HP0156,165543,166142,hypothetical protein,599,22000,.,+,.,gene=HP0156;Putative_Id=hypothetical protein;Orf_Size=599;Prot_Size(est)=22000.0
.,forsyth,gene,HP0157,166150,166635,shikimic acid kinase I (aroK) {Haemophilus influenzae},485,17820,.,+,.,gene=HP0157;Putative_Id=shikimic acid kinase I (aroK) {Haemophilus influenzae};Orf_Size=485;Prot_Size(est)=17820.0
.,forsyth,gene,HP0158,166660,167613,hypothetical protein,953,34980,.,+,.,gene=HP0158;Putative_Id=hypothetical protein;Orf_Size=953;Prot_Size(est)=34980.0
.,forsyth,gene,HP0159,167616,168731,"lipopolysaccharide 1,2-glucosyltransferase (rfaJ) {Escherichia coli}",1115,40920,.,-,.,"gene=HP0159;Putative_Id=lipopolysaccharide 1,2-glucosyltransferase (rfaJ) {Escherichia coli};Orf_Size=1115;Prot_Size(est)=40920.0"
.,forsyth,gene,HP0160,168882,169799,conserved hypothetical secreted protein {Escherichia coli},917,33660,.,+,.,gene=HP0160;Putative_Id=conserved hypothetical secreted protein {Escherichia coli};Orf_Size=917;Prot_Size(est)=33660.0
.,forsyth,gene,HP0161,170145,170252,hypothetical protein,107,3960,.,+,.,gene=HP0161;Putative_Id=hypothetical protein;Orf_Size=107;Prot_Size(est)=3960.0
.,forsyth,gene,HP0162,170707,171426,conserved hypothetical protein {Pseudomonas aeruginosa},719,26400,.,-,.,gene=HP0162;Putative_Id=conserved hypothetical protein {Pseudomonas aeruginosa};Orf_Size=719;Prot_Size(est)=26400.0
.,forsyth,gene,HP0163,171430,172398,delta-aminolevulinic acid dehydratase (hemB) {Bacillus subtilis},968,35530,.,-,.,gene=HP0163;Putative_Id=delta-aminolevulinic acid dehydratase (hemB) {Bacillus subtilis};Orf_Size=968;Prot_Size(est)=35530.0
.,forsyth,gene,HP0164,172473,173234,"signal-transducing protein, histidine kinase {Bacillus subtilis}",761,27940,.,-,.,"gene=HP0164;Putative_Id=signal-transducing protein, histidine kinase {Bacillus subtilis};Orf_Size=761;Prot_Size(est)=27940.0"
.,forsyth,gene,HP0165,173234,173752,hypothetical protein,518,19030,.,-,.,gene=HP0165;Putative_Id=hypothetical protein;Orf_Size=518;Prot_Size(est)=19030.0
.,forsyth,gene,HP0166,173781,174455,response regulator (ompR) {Campylobacter jejuni},674,24750,.,-,.,gene=HP0166;Putative_Id=response regulator (ompR) {Campylobacter jejuni};Orf_Size=674;Prot_Size(est)=24750.0
.,forsyth,gene,HP0167,174694,175164,hypothetical protein,470,17270,.,-,.,gene=HP0167;Putative_Id=hypothetical protein;Orf_Size=470;Prot_Size(est)=17270.0
.,forsyth,gene,HP0168,175146,175406,hypothetical protein,260,9570,.,-,.,gene=HP0168;Putative_Id=hypothetical protein;Orf_Size=260;Prot_Size(est)=9570.0
.,forsyth,gene,HP0169,175456,176721,collagenase (prtC) {Haemophilus influenzae},1265,46420,.,-,.,gene=HP0169;Putative_Id=collagenase (prtC) {Haemophilus influenzae};Orf_Size=1265;Prot_Size(est)=46420.0
.,forsyth,gene,HP0170,176727,177485,hypothetical protein,758,27830,.,-,.,gene=HP0170;Putative_Id=hypothetical protein;Orf_Size=758;Prot_Size(est)=27830.0
.,forsyth,gene,HP0171,177563,178651,peptide chain release factor RF-2 (prfB) {Escherichia coli},1088,39930,.,-,.,gene=HP0171;Putative_Id=peptide chain release factor RF-2 (prfB) {Escherichia coli};Orf_Size=1088;Prot_Size(est)=39930.0
.,forsyth,gene,HP0172,178715,179887,molybdopterin biosynthesis protein (moeA) {Escherichia coli},1172,43010,.,-,.,gene=HP0172;Putative_Id=molybdopterin biosynthesis protein (moeA) {Escherichia coli};Orf_Size=1172;Prot_Size(est)=43010.0
.,forsyth,gene,HP0173,179900,180664,flagellar biosynthetic protein (fliR) {Bacillus subtilis},764,28050,.,-,.,gene=HP0173;Putative_Id=flagellar biosynthetic protein (fliR) {Bacillus subtilis};Orf_Size=764;Prot_Size(est)=28050.0
.,forsyth,gene,HP0174,180661,181434,hypothetical protein,773,28380,.,-,.,gene=HP0174;Putative_Id=hypothetical protein;Orf_Size=773;Prot_Size(est)=28380.0
.,forsyth,gene,HP0175,181865,182761,cell binding factor 2 {Campylobacter jejuni},896,32890,.,+,.,gene=HP0175;Putative_Id=cell binding factor 2 {Campylobacter jejuni};Orf_Size=896;Prot_Size(est)=32890.0
.,forsyth,gene,HP0176,182781,183701,fructose-bisphosphate aldolase (tsr) {Bacillus subtilis},920,33770,.,+,.,gene=HP0176;Putative_Id=fructose-bisphosphate aldolase (tsr) {Bacillus subtilis};Orf_Size=920;Prot_Size(est)=33770.0
.,forsyth,gene,HP0177,183726,184286,translation elongation factor EF-P (efp) {Escherichia coli},560,20570,.,+,.,gene=HP0177;Putative_Id=translation elongation factor EF-P (efp) {Escherichia coli};Orf_Size=560;Prot_Size(est)=20570.0
.,forsyth,gene,HP0178,184801,185820,spore coat polysaccharide biosynthesis protein E {Methanococcus jannaschii},1019,37400,.,-,.,gene=HP0178;Putative_Id=spore coat polysaccharide biosynthesis protein E {Methanococcus jannaschii};Orf_Size=1019;Prot_Size(est)=37400.0
.,forsyth,gene,HP0179,185827,186465,"ABC transporter, ATP-binding protein {Escherichia coli}",638,23430,.,-,.,"gene=HP0179;Putative_Id=ABC transporter, ATP-binding protein {Escherichia coli};Orf_Size=638;Prot_Size(est)=23430.0"
.,forsyth,gene,HP0180,186465,187739,apolipoprotein N-acyltransferase (cute) {Haemophilus influenzae},1274,46750,.,-,.,gene=HP0180;Putative_Id=apolipoprotein N-acyltransferase (cute) {Haemophilus influenzae};Orf_Size=1274;Prot_Size(est)=46750.0
.,forsyth,gene,HP0181,187997,188668,hypothetical protein,671,24640,.,+,.,gene=HP0181;Putative_Id=hypothetical protein;Orf_Size=671;Prot_Size(est)=24640.0
.,forsyth,gene,HP0182,188681,190183,lysyl-tRNA synthetase (lysS) {Campylobacter jejuni},1502,55110,.,+,.,gene=HP0182;Putative_Id=lysyl-tRNA synthetase (lysS) {Campylobacter jejuni};Orf_Size=1502;Prot_Size(est)=55110.0
.,forsyth,gene,HP0183,190186,191433,serine hydroxymethyltransferase (glyA) {Escherichia coli},1247,45760,.,+,.,gene=HP0183;Putative_Id=serine hydroxymethyltransferase (glyA) {Escherichia coli};Orf_Size=1247;Prot_Size(est)=45760.0
.,forsyth,gene,HP0184,191447,191986,hypothetical protein,539,19800,.,+,.,gene=HP0184;Putative_Id=hypothetical protein;Orf_Size=539;Prot_Size(est)=19800.0
.,forsyth,gene,HP0185,192011,192811,hypothetical protein,800,29370,.,+,.,gene=HP0185;Putative_Id=hypothetical protein;Orf_Size=800;Prot_Size(est)=29370.0
.,forsyth,gene,HP0186,193213,194424,hypothetical protein,1211,44440,.,-,.,gene=HP0186;Putative_Id=hypothetical protein;Orf_Size=1211;Prot_Size(est)=44440.0
.,forsyth,gene,HP0187,194454,194738,hypothetical protein,284,10450,.,-,.,gene=HP0187;Putative_Id=hypothetical protein;Orf_Size=284;Prot_Size(est)=10450.0
.,forsyth,gene,HP0188,194802,194900,hypothetical protein,98,3630,.,-,.,gene=HP0188;Putative_Id=hypothetical protein;Orf_Size=98;Prot_Size(est)=3630.0
.,forsyth,gene,HP0189,195057,195587,conserved hypothetical integral membrane protein {Escherichia coli},530,19470,.,+,.,gene=HP0189;Putative_Id=conserved hypothetical integral membrane protein {Escherichia coli};Orf_Size=530;Prot_Size(est)=19470.0
.,forsyth,gene,HP0190,195599,197104,conserved hypothetical secreted protein {Escherichia coli},1505,55220,.,-,.,gene=HP0190;Putative_Id=conserved hypothetical secreted protein {Escherichia coli};Orf_Size=1505;Prot_Size(est)=55220.0
.,forsyth,gene,HP0191,197129,197863,"fumarate reductase, iron-sulfur subunit (frdB) {Wolinella succinogenes}",734,26950,.,-,.,"gene=HP0191;Putative_Id=fumarate reductase, iron-sulfur subunit (frdB) {Wolinella succinogenes};Orf_Size=734;Prot_Size(est)=26950.0"
.,forsyth,gene,HP0192,197859,200000,"fumarate reductase, flavoprotein subunit (frdA) {Wolinella succinogenes}",2141,78540,.,-,.,"gene=HP0192;Putative_Id=fumarate reductase, flavoprotein subunit (frdA) {Wolinella succinogenes};Orf_Size=2141;Prot_Size(est)=78540.0"
.,forsyth,gene,HP0193,200013,200777,"fumarate reductase, cytochrome b subunit (frdC) {Wolinella succinogenes}",764,28050,.,-,.,"gene=HP0193;Putative_Id=fumarate reductase, cytochrome b subunit (frdC) {Wolinella succinogenes};Orf_Size=764;Prot_Size(est)=28050.0"
.,forsyth,gene,HP0194,200992,201693,triosephosphate isomerase (tpi) {Mycoplasma hyopneumoniae},701,25740,.,+,.,gene=HP0194;Putative_Id=triosephosphate isomerase (tpi) {Mycoplasma hyopneumoniae};Orf_Size=701;Prot_Size(est)=25740.0
.,forsyth,gene,HP0195,201706,202530,enoyl-(acyl-carrier-protein) reductase (NADH) (fabI) {Escherichia coli},824,30250,.,+,.,gene=HP0195;Putative_Id=enoyl-(acyl-carrier-protein) reductase (NADH) (fabI) {Escherichia coli};Orf_Size=824;Prot_Size(est)=30250.0
.,forsyth,gene,HP0196,202543,203550,UDP-3-0-(3-hydroxymyristoyl) glucosamine N-acyltransferase (lpxD) {Rickettsia rickettsii},1007,36960,.,+,.,gene=HP0196;Putative_Id=UDP-3-0-(3-hydroxymyristoyl) glucosamine N-acyltransferase (lpxD) {Rickettsia rickettsii};Orf_Size=1007;Prot_Size(est)=36960.0
.,forsyth,gene,HP0197,203618,204772,S-adenosylmethionine synthetase 2 (metX) {Escherichia coli},1154,42350,.,+,.,gene=HP0197;Putative_Id=S-adenosylmethionine synthetase 2 (metX) {Escherichia coli};Orf_Size=1154;Prot_Size(est)=42350.0
.,forsyth,gene,HP0198,204842,205252,nucleoside diphosphate kinase (ndk) {Myxococcus xanthus},410,15070,.,+,.,gene=HP0198;Putative_Id=nucleoside diphosphate kinase (ndk) {Myxococcus xanthus};Orf_Size=410;Prot_Size(est)=15070.0
.,forsyth,gene,HP0199,205281,205634,hypothetical protein,353,12980,.,+,.,gene=HP0199;Putative_Id=hypothetical protein;Orf_Size=353;Prot_Size(est)=12980.0
.,forsyth,gene,HP0200,205653,205796,ribosomal protein L32 (rpl32) {Bacillus stearothermophilus},143,5280,.,+,.,gene=HP0200;Putative_Id=ribosomal protein L32 (rpl32) {Bacillus stearothermophilus};Orf_Size=143;Prot_Size(est)=5280.0
.,forsyth,gene,HP0201,205874,206887,fatty acid/phospholipid synthesis protein (plsX) {Escherichia coli},1013,37180,.,+,.,gene=HP0201;Putative_Id=fatty acid/phospholipid synthesis protein (plsX) {Escherichia coli};Orf_Size=1013;Prot_Size(est)=37180.0
.,forsyth,gene,HP0202,206915,207907,beta-ketoacyl-acyl carrier protein synthase III (fabH) {Escherichia coli},992,36410,.,+,.,gene=HP0202;Putative_Id=beta-ketoacyl-acyl carrier protein synthase III (fabH) {Escherichia coli};Orf_Size=992;Prot_Size(est)=36410.0
.,forsyth,gene,HP0203,207932,208204,hypothetical protein,272,10010,.,+,.,gene=HP0203;Putative_Id=hypothetical protein;Orf_Size=272;Prot_Size(est)=10010.0
.,forsyth,gene,HP0204,208869,209249,hypothetical protein,380,13970,.,-,.,gene=HP0204;Putative_Id=hypothetical protein;Orf_Size=380;Prot_Size(est)=13970.0
.,forsyth,gene,HP0205,209268,211646,hypothetical protein,2378,87230,.,-,.,gene=HP0205;Putative_Id=hypothetical protein;Orf_Size=2378;Prot_Size(est)=87230.0
.,forsyth,gene,HP0206,211853,212176,hypothetical protein,323,11880,.,-,.,gene=HP0206;Putative_Id=hypothetical protein;Orf_Size=323;Prot_Size(est)=11880.0
.,forsyth,gene,HP0207,212141,213376,ATP-binding protein (mpr) {Escherichia coli},1235,45320,.,+,.,gene=HP0207;Putative_Id=ATP-binding protein (mpr) {Escherichia coli};Orf_Size=1235;Prot_Size(est)=45320.0
.,forsyth,gene,HP0208,213396,214591,"lipopolysaccharide 1,2-glucosyltransferase (rfaJ) {Escherichia coli}",1195,43853.33333,.,-,.,"gene=HP0208;Putative_Id=lipopolysaccharide 1,2-glucosyltransferase (rfaJ) {Escherichia coli};Orf_Size=1195;Prot_Size(est)=43853.333333333336"
.,forsyth,gene,HP0209,214745,216094,hypothetical protein,1349,49500,.,+,.,gene=HP0209;Putative_Id=hypothetical protein;Orf_Size=1349;Prot_Size(est)=49500.0
.,forsyth,gene,HP0210,216201,218063,chaperone and heat shock protein C62.5 (htpG) {Escherichia coli},1862,68310,.,+,.,gene=HP0210;Putative_Id=chaperone and heat shock protein C62.5 (htpG) {Escherichia coli};Orf_Size=1862;Prot_Size(est)=68310.0
.,forsyth,gene,HP0211,218269,219018,conserved hypothetical secreted protein {Escherichia coli},749,27500,.,-,.,gene=HP0211;Putative_Id=conserved hypothetical secreted protein {Escherichia coli};Orf_Size=749;Prot_Size(est)=27500.0
.,forsyth,gene,HP0212,219101,220249,succinyl-diaminopimelate desuccinylase (dapE) {Haemophilus influenzae},1148,42130,.,-,.,gene=HP0212;Putative_Id=succinyl-diaminopimelate desuccinylase (dapE) {Haemophilus influenzae};Orf_Size=1148;Prot_Size(est)=42130.0
.,forsyth,gene,HP0213,220262,222124,glucose inhibited division protein (gidA) {Haemophilus influenzae},1862,68310,.,-,.,gene=HP0213;Putative_Id=glucose inhibited division protein (gidA) {Haemophilus influenzae};Orf_Size=1862;Prot_Size(est)=68310.0
.,forsyth,gene,HP0214,222220,223875,sodium-dependent transporter (huNaDC-1) {Homo sapiens},1655,60720,.,+,.,gene=HP0214;Putative_Id=sodium-dependent transporter (huNaDC-1) {Homo sapiens};Orf_Size=1655;Prot_Size(est)=60720.0
.,forsyth,gene,HP0215,223891,224688,CDP-diglyceride synthetase (cdsA) {Escherichia coli},797,29260,.,+,.,gene=HP0215;Putative_Id=CDP-diglyceride synthetase (cdsA) {Escherichia coli};Orf_Size=797;Prot_Size(est)=29260.0
.,forsyth,gene,HP0216,224692,225795,conserved hypothetical protein {Escherichia coli},1103,40480,.,+,.,gene=HP0216;Putative_Id=conserved hypothetical protein {Escherichia coli};Orf_Size=1103;Prot_Size(est)=40480.0
.,forsyth,gene,HP0217,225849,226988,hypothetical protein,1139,41800,.,+,.,gene=HP0217;Putative_Id=hypothetical protein;Orf_Size=1139;Prot_Size(est)=41800.0
.,forsyth,gene,HP0218,227010,227558,hypothetical protein,548,20130,.,-,.,gene=HP0218;Putative_Id=hypothetical protein;Orf_Size=548;Prot_Size(est)=20130.0
.,forsyth,gene,HP0219,227686,228162,hypothetical protein,476,17490,.,+,.,gene=HP0219;Putative_Id=hypothetical protein;Orf_Size=476;Prot_Size(est)=17490.0
.,forsyth,gene,HP0220,228339,229499,synthesis of [Fe-S] cluster (nifS) {Anabaena sp.},1160,42570,.,+,.,gene=HP0220;Putative_Id=synthesis of [Fe-S] cluster (nifS) {Anabaena sp.};Orf_Size=1160;Prot_Size(est)=42570.0
.,forsyth,gene,HP0221,229524,230501,nifU-like protein {Anabaena azollae},977,35860,.,+,.,gene=HP0221;Putative_Id=nifU-like protein {Anabaena azollae};Orf_Size=977;Prot_Size(est)=35860.0
.,forsyth,gene,HP0222,230651,230869,hypothetical protein,218,8030,.,+,.,gene=HP0222;Putative_Id=hypothetical protein;Orf_Size=218;Prot_Size(est)=8030.0
.,forsyth,gene,HP0223,230973,232340,ATP-dependent protease (sms) {Haemophilus influenzae},1367,50160,.,+,.,gene=HP0223;Putative_Id=ATP-dependent protease (sms) {Haemophilus influenzae};Orf_Size=1367;Prot_Size(est)=50160.0
.,forsyth,gene,HP0224,232467,233543,peptide methionine sulfoxide reductase (msrA) {Haemophilus influenzae},1076,39490,.,+,.,gene=HP0224;Putative_Id=peptide methionine sulfoxide reductase (msrA) {Haemophilus influenzae};Orf_Size=1076;Prot_Size(est)=39490.0
.,forsyth,gene,HP0225,233581,233646,hypothetical protein,65,2420,.,+,.,gene=HP0225;Putative_Id=hypothetical protein;Orf_Size=65;Prot_Size(est)=2420.0
.,forsyth,gene,HP0226,233932,234762,conserved hypothetical integral membrane protein {Pseudomonas sp.},830,30470,.,-,.,gene=HP0226;Putative_Id=conserved hypothetical integral membrane protein {Pseudomonas sp.};Orf_Size=830;Prot_Size(est)=30470.0
.,forsyth,gene,HP0227,234976,237048,outer membrane protein (omp5),2072,76010,.,-,.,gene=HP0227;Putative_Id=outer membrane protein (omp5);Orf_Size=2072;Prot_Size(est)=76010.0
.,forsyth,gene,HP0228,237297,238466,conserved hypothetical integral membrane protein {Bacillus subtilis},1169,42900,.,+,.,gene=HP0228;Putative_Id=conserved hypothetical integral membrane protein {Bacillus subtilis};Orf_Size=1169;Prot_Size(est)=42900.0
.,forsyth,gene,HP0229,238711,240159,outer membrane protein (omp6),1448,53130,.,-,.,gene=HP0229;Putative_Id=outer membrane protein (omp6);Orf_Size=1448;Prot_Size(est)=53130.0
.,forsyth,gene,HP0230,240357,241085,CTP:CMP-3-deoxy-D-manno-octulosonate-cytidylyl-transferase (kdsB) {Haemophilus influenzae},728,26730,.,-,.,gene=HP0230;Putative_Id=CTP:CMP-3-deoxy-D-manno-octulosonate-cytidylyl-transferase (kdsB) {Haemophilus influenzae};Orf_Size=728;Prot_Size(est)=26730.0
.,forsyth,gene,HP0231,241193,241987,hypothetical protein,794,29150,.,+,.,gene=HP0231;Putative_Id=hypothetical protein;Orf_Size=794;Prot_Size(est)=29150.0
.,forsyth,gene,HP0232,242006,242650,secreted protein involved in flagellar motility {Helicobacter pylori},644,23650,.,+,.,gene=HP0232;Putative_Id=secreted protein involved in flagellar motility {Helicobacter pylori};Orf_Size=644;Prot_Size(est)=23650.0
.,forsyth,gene,HP0233,242677,243846,conserved hypothetical protein {Haemophilus influenzae},1169,42900,.,+,.,gene=HP0233;Putative_Id=conserved hypothetical protein {Haemophilus influenzae};Orf_Size=1169;Prot_Size(est)=42900.0
.,forsyth,gene,HP0234,243849,244376,conserved hypothetical integral membrane protein {Campylobacter coli},527,19360,.,+,.,gene=HP0234;Putative_Id=conserved hypothetical integral membrane protein {Campylobacter coli};Orf_Size=527;Prot_Size(est)=19360.0
.,forsyth,gene,HP0235,245101,246165,conserved hypothetical secreted protein {Escherichia coli},1064,39050,.,-,.,gene=HP0235;Putative_Id=conserved hypothetical secreted protein {Escherichia coli};Orf_Size=1064;Prot_Size(est)=39050.0
.,forsyth,gene,HP0236,246261,246629,hypothetical protein,368,13530,.,-,.,gene=HP0236;Putative_Id=hypothetical protein;Orf_Size=368;Prot_Size(est)=13530.0
.,forsyth,gene,HP0237,246632,247549,porphobilinogen deaminase (hemC) {Escherichia coli},917,33660,.,-,.,gene=HP0237;Putative_Id=porphobilinogen deaminase (hemC) {Escherichia coli};Orf_Size=917;Prot_Size(est)=33660.0
.,forsyth,gene,HP0238,247563,249293,prolyl-tRNA synthetase (proS) {Escherichia coli},1730,63470,.,-,.,gene=HP0238;Putative_Id=prolyl-tRNA synthetase (proS) {Escherichia coli};Orf_Size=1730;Prot_Size(est)=63470.0
.,forsyth,gene,HP0239,249300,250646,glutamyl-tRNA reductase (hemA) {Pseudomonas aeruginosa},1346,49390,.,-,.,gene=HP0239;Putative_Id=glutamyl-tRNA reductase (hemA) {Pseudomonas aeruginosa};Orf_Size=1346;Prot_Size(est)=49390.0
.,forsyth,gene,HP0240,250649,251569,octaprenyl-diphosphate synthase (ispB) {Escherichia coli},920,33770,.,-,.,gene=HP0240;Putative_Id=octaprenyl-diphosphate synthase (ispB) {Escherichia coli};Orf_Size=920;Prot_Size(est)=33770.0
.,forsyth,gene,HP0241,251582,251974,hypothetical protein,392,14410,.,-,.,gene=HP0241;Putative_Id=hypothetical protein;Orf_Size=392;Prot_Size(est)=14410.0
.,forsyth,gene,HP0242,251970,252251,hypothetical protein,281,10340,.,-,.,gene=HP0242;Putative_Id=hypothetical protein;Orf_Size=281;Prot_Size(est)=10340.0
.,forsyth,gene,HP0243,252275,252706,neutrophil activating protein (napA) (bacterioferritin) {Helicobacter pylori},431,15840,.,-,.,gene=HP0243;Putative_Id=neutrophil activating protein (napA) (bacterioferritin) {Helicobacter pylori};Orf_Size=431;Prot_Size(est)=15840.0
.,forsyth,gene,HP0244,252915,254057,"signal-transducing protein, histidine kinase (atoS) {Escherichia coli}",1142,41910,.,-,.,"gene=HP0244;Putative_Id=signal-transducing protein, histidine kinase (atoS) {Escherichia coli};Orf_Size=1142;Prot_Size(est)=41910.0"
.,forsyth,gene,HP0245,254057,254371,hypothetical protein,314,11550,.,-,.,gene=HP0245;Putative_Id=hypothetical protein;Orf_Size=314;Prot_Size(est)=11550.0
.,forsyth,gene,HP0246,254371,255396,flagellar basal-body P-ring protein (flgI) {Salmonella choleraesuis},1025,37620,.,-,.,gene=HP0246;Putative_Id=flagellar basal-body P-ring protein (flgI) {Salmonella choleraesuis};Orf_Size=1025;Prot_Size(est)=37620.0
.,forsyth,gene,HP0247,255585,257060,"ATP-dependent RNA helicase, DEAD-box family (deaD)  {Haemophilus influenzae}",1475,54120,.,+,.,"gene=HP0247;Putative_Id=ATP-dependent RNA helicase, DEAD-box family (deaD)  {Haemophilus influenzae};Orf_Size=1475;Prot_Size(est)=54120.0"
.,forsyth,gene,HP0248,257084,258169,conserved hypothetical protein {Synechocystis sp.},1085,39820,.,+,.,gene=HP0248;Putative_Id=conserved hypothetical protein {Synechocystis sp.};Orf_Size=1085;Prot_Size(est)=39820.0
.,forsyth,gene,HP0249,258179,258715,hypothetical protein,536,19690,.,+,.,gene=HP0249;Putative_Id=hypothetical protein;Orf_Size=536;Prot_Size(est)=19690.0
.,forsyth,gene,HP0250,258804,260351,"oligopeptide ABC transporter, ATP-binding protein (oppD) {Escherichia coli}",1547,56760,.,-,.,"gene=HP0250;Putative_Id=oligopeptide ABC transporter, ATP-binding protein (oppD) {Escherichia coli};Orf_Size=1547;Prot_Size(est)=56760.0"
.,forsyth,gene,HP0251,260364,261377,"oligopeptide ABC transporter, permease protein (oppC) {Escherichia coli}",1013,37180,.,-,.,"gene=HP0251;Putative_Id=oligopeptide ABC transporter, permease protein (oppC) {Escherichia coli};Orf_Size=1013;Prot_Size(est)=37180.0"
.,forsyth,gene,HP0252,261719,263179,outer membrane protein (omp7),1460,53570,.,+,.,gene=HP0252;Putative_Id=outer membrane protein (omp7);Orf_Size=1460;Prot_Size(est)=53570.0
.,forsyth,gene,HP0253,263195,263308,hypothetical protein,113,4180,.,+,.,gene=HP0253;Putative_Id=hypothetical protein;Orf_Size=113;Prot_Size(est)=4180.0
.,forsyth,gene,HP0254,263314,264606,outer membrane protein (omp8),1292,47410,.,+,.,gene=HP0254;Putative_Id=outer membrane protein (omp8);Orf_Size=1292;Prot_Size(est)=47410.0
.,forsyth,gene,HP0255,264709,265941,adenylosuccinate synthetase (purA) {Bacillus subtilis},1232,45210,.,+,.,gene=HP0255;Putative_Id=adenylosuccinate synthetase (purA) {Bacillus subtilis};Orf_Size=1232;Prot_Size(est)=45210.0
.,forsyth,gene,HP0256,265941,266366,hypothetical protein,425,15620,.,+,.,gene=HP0256;Putative_Id=hypothetical protein;Orf_Size=425;Prot_Size(est)=15620.0
.,forsyth,gene,HP0257,266362,267018,conserved hypothetical secreted protein {Bacillus subtilis},656,24090,.,+,.,gene=HP0257;Putative_Id=conserved hypothetical secreted protein {Bacillus subtilis};Orf_Size=656;Prot_Size(est)=24090.0
.,forsyth,gene,HP0258,267021,268064,conserved hypothetical integral membrane protein {Haemophilus influenzae},1043,38280,.,+,.,gene=HP0258;Putative_Id=conserved hypothetical integral membrane protein {Haemophilus influenzae};Orf_Size=1043;Prot_Size(est)=38280.0
.,forsyth,gene,HP0259,268080,269339,"exonuclease VII, large subunit (xseA) {Haemophilus influenzae}",1259,46200,.,+,.,"gene=HP0259;Putative_Id=exonuclease VII, large subunit (xseA) {Haemophilus influenzae};Orf_Size=1259;Prot_Size(est)=46200.0"
.,forsyth,gene,HP0260,269381,270532,adenine specific DNA methyltransferase (mod) {Escherichia coli},1151,42240,.,-,.,gene=HP0260;Putative_Id=adenine specific DNA methyltransferase (mod) {Escherichia coli};Orf_Size=1151;Prot_Size(est)=42240.0
.,forsyth,gene,HP0261,270528,270923,hypothetical protein,395,14520,.,-,.,gene=HP0261;Putative_Id=hypothetical protein;Orf_Size=395;Prot_Size(est)=14520.0
.,forsyth,gene,HP0262,271081,271680,hypothetical protein,599,22000,.,+,.,gene=HP0262;Putative_Id=hypothetical protein;Orf_Size=599;Prot_Size(est)=22000.0
.,forsyth,gene,HP0263,271795,272550,adenine specific DNA methyltransferase (hpaim) {Haemophilus parainfluenzae},755,27720,.,+,.,gene=HP0263;Putative_Id=adenine specific DNA methyltransferase (hpaim) {Haemophilus parainfluenzae};Orf_Size=755;Prot_Size(est)=27720.0
.,forsyth,gene,HP0264,272626,275193,ATP-dependent protease binding subunit (clpB) {Helicobacter pylori},2567,94160,.,+,.,gene=HP0264;Putative_Id=ATP-dependent protease binding subunit (clpB) {Helicobacter pylori};Orf_Size=2567;Prot_Size(est)=94160.0
.,forsyth,gene,HP0265,275250,275969,cytochrome c biogenesis protein (ccdA) {Bacillus subtilis},719,26400,.,+,.,gene=HP0265;Putative_Id=cytochrome c biogenesis protein (ccdA) {Bacillus subtilis};Orf_Size=719;Prot_Size(est)=26400.0
.,forsyth,gene,HP0266,275982,277115,dihydroorotase (pyrC) {Pseudomonas putida},1133,41580,.,+,.,gene=HP0266;Putative_Id=dihydroorotase (pyrC) {Pseudomonas putida};Orf_Size=1133;Prot_Size(est)=41580.0
.,forsyth,gene,HP0267,277103,278329,chlorohydrolase {Campylobacter jejuni},1226,44990,.,+,.,gene=HP0267;Putative_Id=chlorohydrolase {Campylobacter jejuni};Orf_Size=1226;Prot_Size(est)=44990.0
.,forsyth,gene,HP0268,278393,278632,hypothetical protein,239,8800,.,+,.,gene=HP0268;Putative_Id=hypothetical protein;Orf_Size=239;Prot_Size(est)=8800.0
.,forsyth,gene,HP0269,278645,279955,conserved hypothetical ATP-binding protein {Pseudomonas aeruginosa},1310,48070,.,+,.,gene=HP0269;Putative_Id=conserved hypothetical ATP-binding protein {Pseudomonas aeruginosa};Orf_Size=1310;Prot_Size(est)=48070.0
.,forsyth,gene,HP0270,280163,280648,hypothetical protein,485,17820,.,+,.,gene=HP0270;Putative_Id=hypothetical protein;Orf_Size=485;Prot_Size(est)=17820.0
.,forsyth,gene,HP0271,280644,281624,hypothetical protein,980,35970,.,+,.,gene=HP0271;Putative_Id=hypothetical protein;Orf_Size=980;Prot_Size(est)=35970.0
.,forsyth,gene,HP0272,281617,282147,hypothetical protein,530,19470,.,+,.,gene=HP0272;Putative_Id=hypothetical protein;Orf_Size=530;Prot_Size(est)=19470.0
.,forsyth,gene,HP0273,282147,282683,hypothetical protein,536,19690,.,+,.,gene=HP0273;Putative_Id=hypothetical protein;Orf_Size=536;Prot_Size(est)=19690.0
.,forsyth,gene,HP0274,282703,283098,conserved hypothetical protein {Methanococcus jannaschii},395,14520,.,+,.,gene=HP0274;Putative_Id=conserved hypothetical protein {Methanococcus jannaschii};Orf_Size=395;Prot_Size(est)=14520.0
.,forsyth,gene,HP0275,283138,284427,ATP-dependent nuclease (addB) {Bacillus subtilis},1289,47300,.,+,.,gene=HP0275;Putative_Id=ATP-dependent nuclease (addB) {Bacillus subtilis};Orf_Size=1289;Prot_Size(est)=47300.0
.,forsyth,gene,HP0276,284418,284972,hypothetical protein,554,20350,.,+,.,gene=HP0276;Putative_Id=hypothetical protein;Orf_Size=554;Prot_Size(est)=20350.0
.,forsyth,gene,HP0277,285032,285283,ferredoxin {Francisella tularensis},251,9240,.,+,.,gene=HP0277;Putative_Id=ferredoxin {Francisella tularensis};Orf_Size=251;Prot_Size(est)=9240.0
.,forsyth,gene,HP0278,285296,286747,guanosine pentaphosphate phosphohydrolase (gppA) {Escherichia coli},1451,53240,.,+,.,gene=HP0278;Putative_Id=guanosine pentaphosphate phosphohydrolase (gppA) {Escherichia coli};Orf_Size=1451;Prot_Size(est)=53240.0
.,forsyth,gene,HP0279,286747,287766,lipopolysaccharide heptosyltransferase-1 (rfaC) {Escherichia coli},1019,37400,.,+,.,gene=HP0279;Putative_Id=lipopolysaccharide heptosyltransferase-1 (rfaC) {Escherichia coli};Orf_Size=1019;Prot_Size(est)=37400.0
.,forsyth,gene,HP0280,287766,288749,heat shock protein B (ibpB) {Escherichia coli},983,36080,.,+,.,gene=HP0280;Putative_Id=heat shock protein B (ibpB) {Escherichia coli};Orf_Size=983;Prot_Size(est)=36080.0
.,forsyth,gene,HP0281,288855,289967,tRNA-guanine transglycosylase (tgt) {Escherichia coli},1112,40810,.,-,.,gene=HP0281;Putative_Id=tRNA-guanine transglycosylase (tgt) {Escherichia coli};Orf_Size=1112;Prot_Size(est)=40810.0
.,forsyth,gene,HP0282,290018,291457,hypothetical protein,1439,52800,.,+,.,gene=HP0282;Putative_Id=hypothetical protein;Orf_Size=1439;Prot_Size(est)=52800.0
.,forsyth,gene,HP0283,291465,292493,3-dehydroquinate synthase (aroB) {Escherichia coli},1028,37730,.,+,.,gene=HP0283;Putative_Id=3-dehydroquinate synthase (aroB) {Escherichia coli};Orf_Size=1028;Prot_Size(est)=37730.0
.,forsyth,gene,HP0284,292487,294055,conserved hypothetical integral membrane protein {Methanococcus jannaschii},1568,57530,.,+,.,gene=HP0284;Putative_Id=conserved hypothetical integral membrane protein {Methanococcus jannaschii};Orf_Size=1568;Prot_Size(est)=57530.0
.,forsyth,gene,HP0285,294055,295308,conserved hypothetical protein {Bacillus subtilis},1253,45980,.,+,.,gene=HP0285;Putative_Id=conserved hypothetical protein {Bacillus subtilis};Orf_Size=1253;Prot_Size(est)=45980.0
.,forsyth,gene,HP0286,295298,296947,cell division protein (ftsH) {Bacillus subtilis},1649,60500,.,+,.,gene=HP0286;Putative_Id=cell division protein (ftsH) {Bacillus subtilis};Orf_Size=1649;Prot_Size(est)=60500.0
.,forsyth,gene,HP0287,296953,297468,hypothetical protein,515,18920,.,+,.,gene=HP0287;Putative_Id=hypothetical protein;Orf_Size=515;Prot_Size(est)=18920.0
.,forsyth,gene,HP0288,297484,297954,hypothetical protein,470,17270,.,+,.,gene=HP0288;Putative_Id=hypothetical protein;Orf_Size=470;Prot_Size(est)=17270.0
.,forsyth,gene,HP0289,298024,306702,toxin-like outer membrane protein {Helicobacter pylori},8678,318230,.,+,.,gene=HP0289;Putative_Id=toxin-like outer membrane protein {Helicobacter pylori};Orf_Size=8678;Prot_Size(est)=318230.0
.,forsyth,gene,HP0290,306753,307967,diaminopimelate decarboxylase (dap decarboxylase) (lysA) {Haemophilus influenzae},1214,44550,.,+,.,gene=HP0290;Putative_Id=diaminopimelate decarboxylase (dap decarboxylase) (lysA) {Haemophilus influenzae};Orf_Size=1214;Prot_Size(est)=44550.0
.,forsyth,gene,HP0291,307975,308262,hypothetical protein,287,10560,.,+,.,gene=HP0291;Putative_Id=hypothetical protein;Orf_Size=287;Prot_Size(est)=10560.0
.,forsyth,gene,HP0292,308278,309147,hypothetical protein,869,31900,.,+,.,gene=HP0292;Putative_Id=hypothetical protein;Orf_Size=869;Prot_Size(est)=31900.0
.,forsyth,gene,HP0293,309151,310827,para-aminobenzoate synthetase (pabB) {Escherichia coli},1676,61490,.,+,.,gene=HP0293;Putative_Id=para-aminobenzoate synthetase (pabB) {Escherichia coli};Orf_Size=1676;Prot_Size(est)=61490.0
.,forsyth,gene,HP0294,311023,312039,aliphatic amidase (aimE) {Pseudomonas aeruginosa},1016,37290,.,+,.,gene=HP0294;Putative_Id=aliphatic amidase (aimE) {Pseudomonas aeruginosa};Orf_Size=1016;Prot_Size(est)=37290.0
.,forsyth,gene,HP0295,312148,314631,flagellin B homolog (fla) {Helicobacter pylori},2483,91080,.,-,.,gene=HP0295;Putative_Id=flagellin B homolog (fla) {Helicobacter pylori};Orf_Size=2483;Prot_Size(est)=91080.0
.,forsyth,gene,HP0296,314873,315184,ribosomal protein L21 (rpl21) {Escherichia coli},311,11440,.,+,.,gene=HP0296;Putative_Id=ribosomal protein L21 (rpl21) {Escherichia coli};Orf_Size=311;Prot_Size(est)=11440.0
.,forsyth,gene,HP0297,315202,315465,ribosomal protein L27 (rpl27) {Haemophilus influenzae},263,9680,.,+,.,gene=HP0297;Putative_Id=ribosomal protein L27 (rpl27) {Haemophilus influenzae};Orf_Size=263;Prot_Size(est)=9680.0
.,forsyth,gene,HP0298,315585,317231,"dipeptide ABC transporter, periplasmic dipeptide-binding protein (dppA) {Escherichia coli}",1646,60390,.,+,.,"gene=HP0298;Putative_Id=dipeptide ABC transporter, periplasmic dipeptide-binding protein (dppA) {Escherichia coli};Orf_Size=1646;Prot_Size(est)=60390.0"
.,forsyth,gene,HP0299,317245,318246,"dipeptide ABC transporter, permease protein (dppB) {Escherichia coli}",1001,36740,.,+,.,"gene=HP0299;Putative_Id=dipeptide ABC transporter, permease protein (dppB) {Escherichia coli};Orf_Size=1001;Prot_Size(est)=36740.0"
.,forsyth,gene,HP0300,318249,319103,"dipeptide ABC transporter, permease protein (dppC) {Escherichia coli}",854,31350,.,+,.,"gene=HP0300;Putative_Id=dipeptide ABC transporter, permease protein (dppC) {Escherichia coli};Orf_Size=854;Prot_Size(est)=31350.0"
.,forsyth,gene,HP0301,319118,319978,"dipeptide ABC transporter, ATP-binding protein (dppD) {Bacillus subtilis}",860,31570,.,+,.,"gene=HP0301;Putative_Id=dipeptide ABC transporter, ATP-binding protein (dppD) {Bacillus subtilis};Orf_Size=860;Prot_Size(est)=31570.0"
.,forsyth,gene,HP0302,319978,320781,"dipeptide ABC transporter, ATP-binding protein (dppF) {Escherichia coli}",803,29480,.,+,.,"gene=HP0302;Putative_Id=dipeptide ABC transporter, ATP-binding protein (dppF) {Escherichia coli};Orf_Size=803;Prot_Size(est)=29480.0"
.,forsyth,gene,HP0303,320804,321883,GTP-binding protein (obg) {Bacillus subtilis},1079,39600,.,+,.,gene=HP0303;Putative_Id=GTP-binding protein (obg) {Bacillus subtilis};Orf_Size=1079;Prot_Size(est)=39600.0
.,forsyth,gene,HP0304,321928,322914,hypothetical protein,986,36190,.,+,.,gene=HP0304;Putative_Id=hypothetical protein;Orf_Size=986;Prot_Size(est)=36190.0
.,forsyth,gene,HP0305,323161,323712,hypothetical protein,551,20240,.,+,.,gene=HP0305;Putative_Id=hypothetical protein;Orf_Size=551;Prot_Size(est)=20240.0
.,forsyth,gene,HP0306,323725,325014,"glutamate-1-semialdehyde 2,1-aminomutase (hemL) {Escherichia coli}",1289,47300,.,+,.,"gene=HP0306;Putative_Id=glutamate-1-semialdehyde 2,1-aminomutase (hemL) {Escherichia coli};Orf_Size=1289;Prot_Size(est)=47300.0"
.,forsyth,gene,HP0307,325014,325283,hypothetical protein,269,9900,.,+,.,gene=HP0307;Putative_Id=hypothetical protein;Orf_Size=269;Prot_Size(est)=9900.0
.,forsyth,gene,HP0308,325302,325703,hypothetical protein,401,14740,.,+,.,gene=HP0308;Putative_Id=hypothetical protein;Orf_Size=401;Prot_Size(est)=14740.0
.,forsyth,gene,HP0309,325790,326665,conserved hypothetical protein {Pseudomonas fluorescens},875,32120,.,+,.,gene=HP0309;Putative_Id=conserved hypothetical protein {Pseudomonas fluorescens};Orf_Size=875;Prot_Size(est)=32120.0
.,forsyth,gene,HP0310,326681,327559,conserved hypothetical protein {Bacillus stearothermophilus},878,32230,.,+,.,gene=HP0310;Putative_Id=conserved hypothetical protein {Bacillus stearothermophilus};Orf_Size=878;Prot_Size(est)=32230.0
.,forsyth,gene,HP0311,327608,327973,hypothetical protein,365,13420,.,+,.,gene=HP0311;Putative_Id=hypothetical protein;Orf_Size=365;Prot_Size(est)=13420.0
.,forsyth,gene,HP0312,327976,328938,conserved hypothetical ATP-binding protein {Escherichia coli},962,35310,.,+,.,gene=HP0312;Putative_Id=conserved hypothetical ATP-binding protein {Escherichia coli};Orf_Size=962;Prot_Size(est)=35310.0
.,forsyth,gene,HP0313,328950,330092,nitrite extrusion protein (narK) {Bacillus subtilis},1142,41910,.,-,.,gene=HP0313;Putative_Id=nitrite extrusion protein (narK) {Bacillus subtilis};Orf_Size=1142;Prot_Size(est)=41910.0
.,forsyth,gene,HP0314,330453,330569,hypothetical protein,116,4290,.,+,.,gene=HP0314;Putative_Id=hypothetical protein;Orf_Size=116;Prot_Size(est)=4290.0
.,forsyth,gene,HP0315,330591,330872,virulence associated protein D (vapD) {Haemophilus actinomycetemcomitans},281,10340,.,-,.,gene=HP0315;Putative_Id=virulence associated protein D (vapD) {Haemophilus actinomycetemcomitans};Orf_Size=281;Prot_Size(est)=10340.0
.,forsyth,gene,HP0316,330856,331245,hypothetical protein,389,14300,.,-,.,gene=HP0316;Putative_Id=hypothetical protein;Orf_Size=389;Prot_Size(est)=14300.0
.,forsyth,gene,HP0317,331857,334091,outer membrane protein (omp9),2234,81950,.,-,.,gene=HP0317;Putative_Id=outer membrane protein (omp9);Orf_Size=2234;Prot_Size(est)=81950.0
.,forsyth,gene,HP0318,334391,335143,conserved hypothetical protein {Haemophilus influenzae},752,27610,.,-,.,gene=HP0318;Putative_Id=conserved hypothetical protein {Haemophilus influenzae};Orf_Size=752;Prot_Size(est)=27610.0
.,forsyth,gene,HP0319,335207,336829,arginyl-tRNA synthetase (argS) {Corynebacterium glutamicum},1622,59510,.,-,.,gene=HP0319;Putative_Id=arginyl-tRNA synthetase (argS) {Corynebacterium glutamicum};Orf_Size=1622;Prot_Size(est)=59510.0
.,forsyth,gene,HP0320,336835,337071,conserved hypothetical secreted protein {Mycobacterium tuberculosis},236,8690,.,-,.,gene=HP0320;Putative_Id=conserved hypothetical secreted protein {Mycobacterium tuberculosis};Orf_Size=236;Prot_Size(est)=8690.0
.,forsyth,gene,HP0321,337146,337763,5'-guanylate kinase (gmk) {Haemophilus influenzae},617,22660,.,-,.,gene=HP0321;Putative_Id=5'-guanylate kinase (gmk) {Haemophilus influenzae};Orf_Size=617;Prot_Size(est)=22660.0
.,forsyth,gene,HP0322,337759,339273,poly E-rich protein {Petromyzon marinus},1514,55550,.,-,.,gene=HP0322;Putative_Id=poly E-rich protein {Petromyzon marinus};Orf_Size=1514;Prot_Size(est)=55550.0
.,forsyth,gene,HP0323,339415,339954,membrane bound endonuclease (nuc) {Escherichia coli},539,19800,.,+,.,gene=HP0323;Putative_Id=membrane bound endonuclease (nuc) {Escherichia coli};Orf_Size=539;Prot_Size(est)=19800.0
.,forsyth,gene,HP0324,339968,340729,outer membrane protein (omp10),761,27940,.,-,.,gene=HP0324;Putative_Id=outer membrane protein (omp10);Orf_Size=761;Prot_Size(est)=27940.0
.,forsyth,gene,HP0325,340832,341542,flagellar basal-body L-ring protein (flgH) {Salmonella choleraesuis},710,26070,.,+,.,gene=HP0325;Putative_Id=flagellar basal-body L-ring protein (flgH) {Salmonella choleraesuis};Orf_Size=710;Prot_Size(est)=26070.0
.,forsyth,gene,HP0326,341563,343113,CMP-N-acetylneuraminic acid synthetase (neuA) {Escherichia coli},1550,56870,.,+,.,gene=HP0326;Putative_Id=CMP-N-acetylneuraminic acid synthetase (neuA) {Escherichia coli};Orf_Size=1550;Prot_Size(est)=56870.0
.,forsyth,gene,HP0327,343113,343652,flagellar protein G (flaG) {Caulobacter crescentus},539,19800,.,+,.,gene=HP0327;Putative_Id=flagellar protein G (flaG) {Caulobacter crescentus};Orf_Size=539;Prot_Size(est)=19800.0
.,forsyth,gene,HP0328,343591,344526,conserved hypothetical protein {Haemophilus influenzae},935,34320,.,-,.,gene=HP0328;Putative_Id=conserved hypothetical protein {Haemophilus influenzae};Orf_Size=935;Prot_Size(est)=34320.0
.,forsyth,gene,HP0329,344526,345305,NH(3)-dependent NAD+ synthetase (nadE) {Methanococcus jannaschii},779,28600,.,-,.,gene=HP0329;Putative_Id=NH(3)-dependent NAD+ synthetase (nadE) {Methanococcus jannaschii};Orf_Size=779;Prot_Size(est)=28600.0
.,forsyth,gene,HP0330,345554,346543,ketol-acid reductoisomerase (ilvC) {Bacillus subtilis},989,36300,.,+,.,gene=HP0330;Putative_Id=ketol-acid reductoisomerase (ilvC) {Bacillus subtilis};Orf_Size=989;Prot_Size(est)=36300.0
.,forsyth,gene,HP0331,346571,347374,cell division inhibitor (minD) {Escherichia coli},803,29480,.,+,.,gene=HP0331;Putative_Id=cell division inhibitor (minD) {Escherichia coli};Orf_Size=803;Prot_Size(est)=29480.0
.,forsyth,gene,HP0332,347374,347604,cell division topological specificity factor (minE) {Escherichia coli},230,8470,.,+,.,gene=HP0332;Putative_Id=cell division topological specificity factor (minE) {Escherichia coli};Orf_Size=230;Prot_Size(est)=8470.0
.,forsyth,gene,HP0333,347607,348416,DNA processing chain A (dprA) {Haemophilus influenzae},809,29700,.,+,.,gene=HP0333;Putative_Id=DNA processing chain A (dprA) {Haemophilus influenzae};Orf_Size=809;Prot_Size(est)=29700.0
.,forsyth,gene,HP0334,348416,348817,conserved hypothetical protein {Escherichia coli},401,14740,.,+,.,gene=HP0334;Putative_Id=conserved hypothetical protein {Escherichia coli};Orf_Size=401;Prot_Size(est)=14740.0
.,forsyth,gene,HP0335,349106,349291,hypothetical protein,185,6820,.,+,.,gene=HP0335;Putative_Id=hypothetical protein;Orf_Size=185;Prot_Size(est)=6820.0
.,forsyth,gene,HP0336,349236,349649,hypothetical protein,413,15180,.,+,.,gene=HP0336;Putative_Id=hypothetical protein;Orf_Size=413;Prot_Size(est)=15180.0
.,forsyth,gene,HP0337,349779,350081,hypothetical protein,302,11110,.,+,.,gene=HP0337;Putative_Id=hypothetical protein;Orf_Size=302;Prot_Size(est)=11110.0
.,forsyth,gene,HP0338,350068,350631,hypothetical protein,563,20680,.,+,.,gene=HP0338;Putative_Id=hypothetical protein;Orf_Size=563;Prot_Size(est)=20680.0
.,forsyth,gene,HP0339,350692,351039,hypothetical protein,347,12760,.,+,.,gene=HP0339;Putative_Id=hypothetical protein;Orf_Size=347;Prot_Size(est)=12760.0
.,forsyth,gene,HP0340,351030,351293,hypothetical protein,263,9680,.,+,.,gene=HP0340;Putative_Id=hypothetical protein;Orf_Size=263;Prot_Size(est)=9680.0
.,forsyth,gene,HP0341,351308,351400,hypothetical protein,92,3410,.,+,.,gene=HP0341;Putative_Id=hypothetical protein;Orf_Size=92;Prot_Size(est)=3410.0
.,forsyth,gene,HP0342,351596,351985,hypothetical protein,389,14300,.,+,.,gene=HP0342;Putative_Id=hypothetical protein;Orf_Size=389;Prot_Size(est)=14300.0
.,forsyth,gene,HP0343,351988,352407,hypothetical protein,419,15400,.,+,.,gene=HP0343;Putative_Id=hypothetical protein;Orf_Size=419;Prot_Size(est)=15400.0
.,forsyth,gene,HP0344,352310,352771,hypothetical protein,461,16940,.,+,.,gene=HP0344;Putative_Id=hypothetical protein;Orf_Size=461;Prot_Size(est)=16940.0
.,forsyth,gene,HP0345,352764,353096,hypothetical protein,332,12210,.,+,.,gene=HP0345;Putative_Id=hypothetical protein;Orf_Size=332;Prot_Size(est)=12210.0
.,forsyth,gene,HP0346,353219,353998,hypothetical protein,779,28600,.,+,.,gene=HP0346;Putative_Id=hypothetical protein;Orf_Size=779;Prot_Size(est)=28600.0
.,forsyth,gene,HP0347,353998,354891,conserved hypothetical protein {Mycoplasma genitalium},893,32780,.,-,.,gene=HP0347;Putative_Id=conserved hypothetical protein {Mycoplasma genitalium};Orf_Size=893;Prot_Size(est)=32780.0
.,forsyth,gene,HP0348,354894,356441,single-stranded-DNA-specific exonuclease (recJ) {Escherichia coli},1547,56760,.,-,.,gene=HP0348;Putative_Id=single-stranded-DNA-specific exonuclease (recJ) {Escherichia coli};Orf_Size=1547;Prot_Size(est)=56760.0
.,forsyth,gene,HP0349,356453,358066,CTP synthetase (pyrG) {Haemophilus influenzae},1613,59180,.,-,.,gene=HP0349;Putative_Id=CTP synthetase (pyrG) {Haemophilus influenzae};Orf_Size=1613;Prot_Size(est)=59180.0
.,forsyth,gene,HP0350,358326,358991,hypothetical protein,665,24420,.,+,.,gene=HP0350;Putative_Id=hypothetical protein;Orf_Size=665;Prot_Size(est)=24420.0
.,forsyth,gene,HP0351,359038,360738,flagellar basal-body M-ring protein (fliF) {Salmonella choleraesuis},1700,62370,.,+,.,gene=HP0351;Putative_Id=flagellar basal-body M-ring protein (fliF) {Salmonella choleraesuis};Orf_Size=1700;Prot_Size(est)=62370.0
.,forsyth,gene,HP0352,360759,361787,flagellar motor switch protein (fliG) {Borrelia burgdorferi},1028,37730,.,+,.,gene=HP0352;Putative_Id=flagellar motor switch protein (fliG) {Borrelia burgdorferi};Orf_Size=1028;Prot_Size(est)=37730.0
.,forsyth,gene,HP0353,361777,362550,flagellar export protein (fliH) {Borrelia burgdorferi},773,28380,.,+,.,gene=HP0353;Putative_Id=flagellar export protein (fliH) {Borrelia burgdorferi};Orf_Size=773;Prot_Size(est)=28380.0
.,forsyth,gene,HP0354,362550,364403,transketolase B (tktB) {Haemophilus influenzae},1853,67980,.,+,.,gene=HP0354;Putative_Id=transketolase B (tktB) {Haemophilus influenzae};Orf_Size=1853;Prot_Size(est)=67980.0
.,forsyth,gene,HP0355,364403,366208,GTP-binding membrane protein (lepA) {Haemophilus influenzae},1805,66220,.,+,.,gene=HP0355;Putative_Id=GTP-binding membrane protein (lepA) {Haemophilus influenzae};Orf_Size=1805;Prot_Size(est)=66220.0
.,forsyth,gene,HP0356,366226,366981,hypothetical protein,755,27720,.,+,.,gene=HP0356;Putative_Id=hypothetical protein;Orf_Size=755;Prot_Size(est)=27720.0
.,forsyth,gene,HP0357,367136,367885,short chain alcohol dehydrogenase {Haemophilus influenzae},749,27500,.,-,.,gene=HP0357;Putative_Id=short chain alcohol dehydrogenase {Haemophilus influenzae};Orf_Size=749;Prot_Size(est)=27500.0
.,forsyth,gene,HP0358,367906,369438,hypothetical protein,1532,56210,.,-,.,gene=HP0358;Putative_Id=hypothetical protein;Orf_Size=1532;Prot_Size(est)=56210.0
.,forsyth,gene,HP0359,369878,369940,hypothetical protein,62,2310,.,+,.,gene=HP0359;Putative_Id=hypothetical protein;Orf_Size=62;Prot_Size(est)=2310.0
.,forsyth,gene,HP0360,370160,371191,UDP-glucose 4-epimerase {Azospirillum brasilense},1031,37840,.,+,.,gene=HP0360;Putative_Id=UDP-glucose 4-epimerase {Azospirillum brasilense};Orf_Size=1031;Prot_Size(est)=37840.0
.,forsyth,gene,HP0361,371191,371916,pseudouridylate synthase I (hisT) {Mycoplasma genitalium},725,26620,.,-,.,gene=HP0361;Putative_Id=pseudouridylate synthase I (hisT) {Mycoplasma genitalium};Orf_Size=725;Prot_Size(est)=26620.0
.,forsyth,gene,HP0362,371920,372954,conserved hypothetical integral membrane protein {Haemophilus influenzae},1034,37950,.,-,.,gene=HP0362;Putative_Id=conserved hypothetical integral membrane protein {Haemophilus influenzae};Orf_Size=1034;Prot_Size(est)=37950.0
.,forsyth,gene,HP0363,372968,373594,L-isoaspartyl-protein carboxyl methyltransferase (pcm) {Escherichia coli},626,22990,.,-,.,gene=HP0363;Putative_Id=L-isoaspartyl-protein carboxyl methyltransferase (pcm) {Escherichia coli};Orf_Size=626;Prot_Size(est)=22990.0
.,forsyth,gene,HP0364,373607,374629,"ribonucleoside diphosphate reductase, beta subunit (nrdB) {Synechocystis sp.}",1022,37510,.,-,.,"gene=HP0364;Putative_Id=ribonucleoside diphosphate reductase, beta subunit (nrdB) {Synechocystis sp.};Orf_Size=1022;Prot_Size(est)=37510.0"
.,forsyth,gene,HP0365,374835,374924,hypothetical protein,89,3300,.,+,.,gene=HP0365;Putative_Id=hypothetical protein;Orf_Size=89;Prot_Size(est)=3300.0
.,forsyth,gene,HP0366,374953,376077,spore coat polysaccharide biosynthesis protein C {Methanococcus jannaschii},1124,41250,.,-,.,gene=HP0366;Putative_Id=spore coat polysaccharide biosynthesis protein C {Methanococcus jannaschii};Orf_Size=1124;Prot_Size(est)=41250.0
.,forsyth,gene,HP0367,376077,376682,hypothetical protein,605,22220,.,-,.,gene=HP0367;Putative_Id=hypothetical protein;Orf_Size=605;Prot_Size(est)=22220.0
.,forsyth,gene,HP0368,376778,377176,hypothetical protein,398,14630,.,-,.,gene=HP0368;Putative_Id=hypothetical protein;Orf_Size=398;Prot_Size(est)=14630.0
.,forsyth,gene,HP0369,377325,378032,hypothetical protein,707,25960,.,-,.,gene=HP0369;Putative_Id=hypothetical protein;Orf_Size=707;Prot_Size(est)=25960.0
.,forsyth,gene,HP0370,378261,379634,biotin carboxylase (accC) {Escherichia coli},1373,50380,.,-,.,gene=HP0370;Putative_Id=biotin carboxylase (accC) {Escherichia coli};Orf_Size=1373;Prot_Size(est)=50380.0
.,forsyth,gene,HP0371,379643,380110,biotin carboxyl carrier protein (fabE) {Escherichia coli},467,17160,.,-,.,gene=HP0371;Putative_Id=biotin carboxyl carrier protein (fabE) {Escherichia coli};Orf_Size=467;Prot_Size(est)=17160.0
.,forsyth,gene,HP0372,380234,380803,deoxycytidine triphosphate deaminase (dcd) {Haemophilus influenzae},569,20900,.,+,.,gene=HP0372;Putative_Id=deoxycytidine triphosphate deaminase (dcd) {Haemophilus influenzae};Orf_Size=569;Prot_Size(est)=20900.0
.,forsyth,gene,HP0373,380965,383064,conserved hypothetical protein {Helicobacter pylori},2099,77000,.,+,.,gene=HP0373;Putative_Id=conserved hypothetical protein {Helicobacter pylori};Orf_Size=2099;Prot_Size(est)=77000.0
.,forsyth,gene,HP0374,383094,383771,conserved hypothetical protein {Haemophilus influenzae},677,24860,.,-,.,gene=HP0374;Putative_Id=conserved hypothetical protein {Haemophilus influenzae};Orf_Size=677;Prot_Size(est)=24860.0
.,forsyth,gene,HP0375,383775,384203,hypothetical protein,428,15730,.,-,.,gene=HP0375;Putative_Id=hypothetical protein;Orf_Size=428;Prot_Size(est)=15730.0
.,forsyth,gene,HP0376,384259,385260,ferrochelatase (hemH) {Homo sapiens},1001,36740,.,+,.,gene=HP0376;Putative_Id=ferrochelatase (hemH) {Homo sapiens};Orf_Size=1001;Prot_Size(est)=36740.0
.,forsyth,gene,HP0377,385340,386002,"thiol:disulfide interchange protein (dsbC), putative {Erwinia chrysanthemi}",662,24310,.,+,.,"gene=HP0377;Putative_Id=thiol:disulfide interchange protein (dsbC), putative {Erwinia chrysanthemi};Orf_Size=662;Prot_Size(est)=24310.0"
.,forsyth,gene,HP0378,386015,388822,cytochrome c biogenesis protein (ycf5) {Cyanophora paradoxa},2807,102960,.,+,.,gene=HP0378;Putative_Id=cytochrome c biogenesis protein (ycf5) {Cyanophora paradoxa};Orf_Size=2807;Prot_Size(est)=102960.0
.,forsyth,gene,HP0379,388835,390109,fucosyltransferase {Homo sapiens},1274,46750,.,+,.,gene=HP0379;Putative_Id=fucosyltransferase {Homo sapiens};Orf_Size=1274;Prot_Size(est)=46750.0
.,forsyth,gene,HP0380,390128,391471,glutamate dehydrogenase (gdhA) {Eschericha coli},1343,49280,.,-,.,gene=HP0380;Putative_Id=glutamate dehydrogenase (gdhA) {Eschericha coli};Orf_Size=1343;Prot_Size(est)=49280.0
.,forsyth,gene,HP0381,391540,392367,protoporphyrinogen oxidase (hemK) {Bacillus subtilis},827,30360,.,-,.,gene=HP0381;Putative_Id=protoporphyrinogen oxidase (hemK) {Bacillus subtilis};Orf_Size=827;Prot_Size(est)=30360.0
.,forsyth,gene,HP0382,392367,393587,zinc-metallo protease (YJR117W) {Saccharomyces cerevisiae},1220,44770,.,-,.,gene=HP0382;Putative_Id=zinc-metallo protease (YJR117W) {Saccharomyces cerevisiae};Orf_Size=1220;Prot_Size(est)=44770.0
.,forsyth,gene,HP0383,393770,394291,hypothetical protein,521,19140,.,+,.,gene=HP0383;Putative_Id=hypothetical protein;Orf_Size=521;Prot_Size(est)=19140.0
.,forsyth,gene,HP0384,394340,395089,hypothetical protein,749,27500,.,-,.,gene=HP0384;Putative_Id=hypothetical protein;Orf_Size=749;Prot_Size(est)=27500.0
.,forsyth,gene,HP0385,395289,395516,hypothetical protein,227,8360,.,+,.,gene=HP0385;Putative_Id=hypothetical protein;Orf_Size=227;Prot_Size(est)=8360.0
.,forsyth,gene,HP0386,395532,395765,hypothetical protein,233,8580,.,+,.,gene=HP0386;Putative_Id=hypothetical protein;Orf_Size=233;Prot_Size(est)=8580.0
.,forsyth,gene,HP0387,395753,397609,primosomal protein replication factor (priA) {Haemophilus influenzae},1856,68090,.,+,.,gene=HP0387;Putative_Id=primosomal protein replication factor (priA) {Haemophilus influenzae};Orf_Size=1856;Prot_Size(est)=68090.0
.,forsyth,gene,HP0388,397649,398377,conserved hypothetical protein {Haemophilus influenzae},728,26730,.,-,.,gene=HP0388;Putative_Id=conserved hypothetical protein {Haemophilus influenzae};Orf_Size=728;Prot_Size(est)=26730.0
.,forsyth,gene,HP0389,398435,399073,superoxide dismutase (sodB) {Helicobacter pylori},638,23430,.,-,.,gene=HP0389;Putative_Id=superoxide dismutase (sodB) {Helicobacter pylori};Orf_Size=638;Prot_Size(est)=23430.0
.,forsyth,gene,HP0390,399297,399794,adhesin-thiol peroxidase (tagD) {Haemophilus influenzae},497,18260,.,+,.,gene=HP0390;Putative_Id=adhesin-thiol peroxidase (tagD) {Haemophilus influenzae};Orf_Size=497;Prot_Size(est)=18260.0
.,forsyth,gene,HP0391,400055,400549,purine-binding chemotaxis protein (cheW) {Escherichia coli},494,18150,.,-,.,gene=HP0391;Putative_Id=purine-binding chemotaxis protein (cheW) {Escherichia coli};Orf_Size=494;Prot_Size(est)=18150.0
.,forsyth,gene,HP0392,400549,402957,histidine kinase (cheA) {Borrelia burgdorferi},2408,88330,.,-,.,gene=HP0392;Putative_Id=histidine kinase (cheA) {Borrelia burgdorferi};Orf_Size=2408;Prot_Size(est)=88330.0
.,forsyth,gene,HP0393,403017,403949,chemotaxis protein (cheV) {Bacillus subtilis},932,34210,.,-,.,gene=HP0393;Putative_Id=chemotaxis protein (cheV) {Bacillus subtilis};Orf_Size=932;Prot_Size(est)=34210.0
.,forsyth,gene,HP0394,403956,404711,hypothetical protein,755,27720,.,-,.,gene=HP0394;Putative_Id=hypothetical protein;Orf_Size=755;Prot_Size(est)=27720.0
.,forsyth,gene,HP0395,404716,405381,conserved hypothetical protein {Haemophilus influenzae},665,24420,.,-,.,gene=HP0395;Putative_Id=conserved hypothetical protein {Haemophilus influenzae};Orf_Size=665;Prot_Size(est)=24420.0
.,forsyth,gene,HP0396,405407,407254,conserved hypothetical protein {Escherichia coli},1847,67760,.,-,.,gene=HP0396;Putative_Id=conserved hypothetical protein {Escherichia coli};Orf_Size=1847;Prot_Size(est)=67760.0
.,forsyth,gene,HP0397,407267,408838,phosphoglycerate dehydrogenase (serA) {Escherichia coli},1571,57640,.,-,.,gene=HP0397;Putative_Id=phosphoglycerate dehydrogenase (serA) {Escherichia coli};Orf_Size=1571;Prot_Size(est)=57640.0
.,forsyth,gene,HP0398,408857,409402,hypothetical protein,545,20020,.,-,.,gene=HP0398;Putative_Id=hypothetical protein;Orf_Size=545;Prot_Size(est)=20020.0
.,forsyth,gene,HP0399,409434,411101,ribosomal protein S1 (rps1) {Escherichia coli},1667,61160,.,-,.,gene=HP0399;Putative_Id=ribosomal protein S1 (rps1) {Escherichia coli};Orf_Size=1667;Prot_Size(est)=61160.0
.,forsyth,gene,HP0400,411225,412046,penicillin tolerance protein (lytB) {Haemophilus influenzae},821,30140,.,-,.,gene=HP0400;Putative_Id=penicillin tolerance protein (lytB) {Haemophilus influenzae};Orf_Size=821;Prot_Size(est)=30140.0
.,forsyth,gene,HP0401,412039,413325,3-phosphoshikimate 1-carboxyvinyltransferase (aroA) {Campylobacter jejuni},1286,47190,.,-,.,gene=HP0401;Putative_Id=3-phosphoshikimate 1-carboxyvinyltransferase (aroA) {Campylobacter jejuni};Orf_Size=1286;Prot_Size(est)=47190.0
.,forsyth,gene,HP0402,413344,415635,"phenylalanyl-tRNA synthetase, beta subunit (pheT) {Bacillus subtilis}",2291,84040,.,-,.,"gene=HP0402;Putative_Id=phenylalanyl-tRNA synthetase, beta subunit (pheT) {Bacillus subtilis};Orf_Size=2291;Prot_Size(est)=84040.0"
.,forsyth,gene,HP0403,415638,416621,"phenylalanyl-tRNA synthetase, alpha subunit (pheS) {Haemophilus influenzae}",983,36080,.,-,.,"gene=HP0403;Putative_Id=phenylalanyl-tRNA synthetase, alpha subunit (pheS) {Haemophilus influenzae};Orf_Size=983;Prot_Size(est)=36080.0"
.,forsyth,gene,HP0404,416702,417013,protein kinase C inhibitor (SP:P16436) {Haemophilus influenzae},311,11440,.,+,.,gene=HP0404;Putative_Id=protein kinase C inhibitor (SP:P16436) {Haemophilus influenzae};Orf_Size=311;Prot_Size(est)=11440.0
.,forsyth,gene,HP0405,417035,418354,nifS-like protein {Mycobacterium leprae},1319,48400,.,+,.,gene=HP0405;Putative_Id=nifS-like protein {Mycobacterium leprae};Orf_Size=1319;Prot_Size(est)=48400.0
.,forsyth,gene,HP0406,418383,418970,hypothetical protein,587,21560,.,+,.,gene=HP0406;Putative_Id=hypothetical protein;Orf_Size=587;Prot_Size(est)=21560.0
.,forsyth,gene,HP0407,419077,421464,biotin sulfoxide reductase (bisC) {Haemophilus influenzae},2387,87560,.,+,.,gene=HP0407;Putative_Id=biotin sulfoxide reductase (bisC) {Haemophilus influenzae};Orf_Size=2387;Prot_Size(est)=87560.0
.,forsyth,gene,HP0408,421633,422118,hypothetical protein,485,17820,.,+,.,gene=HP0408;Putative_Id=hypothetical protein;Orf_Size=485;Prot_Size(est)=17820.0
.,forsyth,gene,HP0409,422132,423655,GMP synthase (guaA) {Saccharomyces cerevisiae},1523,55880,.,+,.,gene=HP0409;Putative_Id=GMP synthase (guaA) {Saccharomyces cerevisiae};Orf_Size=1523;Prot_Size(est)=55880.0
.,forsyth,gene,HP0410,423743,424489,putative neuraminyllactose-binding hemagglutinin homolog (hpaA) {Helicobacter pylori},746,27390,.,+,.,gene=HP0410;Putative_Id=putative neuraminyllactose-binding hemagglutinin homolog (hpaA) {Helicobacter pylori};Orf_Size=746;Prot_Size(est)=27390.0
.,forsyth,gene,HP0411,424588,424902,hypothetical protein,314,11550,.,+,.,gene=HP0411;Putative_Id=hypothetical protein;Orf_Size=314;Prot_Size(est)=11550.0
.,forsyth,gene,HP0412,425155,425250,hypothetical protein,95,3520,.,+,.,gene=HP0412;Putative_Id=hypothetical protein;Orf_Size=95;Prot_Size(est)=3520.0
.,forsyth,gene,HP0413,426035,426838,"transposase-like protein, PS3IS {Thermophilic bacterium}",803,29480,.,-,.,"gene=HP0413;Putative_Id=transposase-like protein, PS3IS {Thermophilic bacterium};Orf_Size=803;Prot_Size(est)=29480.0"
.,forsyth,gene,HP0414,426876,427289,IS200 insertion sequence from SARA17 {Salmonella choleraesuis},413,15180,.,+,.,gene=HP0414;Putative_Id=IS200 insertion sequence from SARA17 {Salmonella choleraesuis};Orf_Size=413;Prot_Size(est)=15180.0
.,forsyth,gene,HP0415,427687,429555,conserved hypothetical integral membrane protein {Eshcerichia coli},1868,68530,.,+,.,gene=HP0415;Putative_Id=conserved hypothetical integral membrane protein {Eshcerichia coli};Orf_Size=1868;Prot_Size(est)=68530.0
.,forsyth,gene,HP0416,429564,430730,cyclopropane fatty acid synthase (cfa) {Escherichia coli},1166,42790,.,-,.,gene=HP0416;Putative_Id=cyclopropane fatty acid synthase (cfa) {Escherichia coli};Orf_Size=1166;Prot_Size(est)=42790.0
.,forsyth,gene,HP0417,430899,432848,methionyl-tRNA synthetase (metS) {Bacillus stearothermophilus},1949,71500,.,+,.,gene=HP0417;Putative_Id=methionyl-tRNA synthetase (metS) {Bacillus stearothermophilus};Orf_Size=1949;Prot_Size(est)=71500.0
.,forsyth,gene,HP0418,432852,433856,hypothetical protein,1004,36850,.,+,.,gene=HP0418;Putative_Id=hypothetical protein;Orf_Size=1004;Prot_Size(est)=36850.0
.,forsyth,gene,HP0419,433863,434645,conserved hypothetical protein {Haemophilus influenzae},782,28710,.,+,.,gene=HP0419;Putative_Id=conserved hypothetical protein {Haemophilus influenzae};Orf_Size=782;Prot_Size(est)=28710.0
.,forsyth,gene,HP0420,434665,435090,hypothetical protein,425,15620,.,+,.,gene=HP0420;Putative_Id=hypothetical protein;Orf_Size=425;Prot_Size(est)=15620.0
.,forsyth,gene,HP0421,435098,436264,type 1 capsular polysaccharide biosynthesis protein J (capJ) {Staphylococcus aureus},1166,42790,.,+,.,gene=HP0421;Putative_Id=type 1 capsular polysaccharide biosynthesis protein J (capJ) {Staphylococcus aureus};Orf_Size=1166;Prot_Size(est)=42790.0
.,forsyth,gene,HP0422,436282,438126,arginine decarboxylase (speA) {Escherichia coli},1844,67650,.,+,.,gene=HP0422;Putative_Id=arginine decarboxylase (speA) {Escherichia coli};Orf_Size=1844;Prot_Size(est)=67650.0
.,forsyth,gene,HP0423,438245,439168,hypothetical protein,923,33880,.,-,.,gene=HP0423;Putative_Id=hypothetical protein;Orf_Size=923;Prot_Size(est)=33880.0
.,forsyth,gene,HP0424,439287,441143,hypothetical protein,1856,68090,.,-,.,gene=HP0424;Putative_Id=hypothetical protein;Orf_Size=1856;Prot_Size(est)=68090.0
.,forsyth,gene,HP0425,441188,442438,hypothetical protein,1250,45870,.,-,.,gene=HP0425;Putative_Id=hypothetical protein;Orf_Size=1250;Prot_Size(est)=45870.0
.,forsyth,gene,HP0426,442482,444215,hypothetical protein,1733,63580,.,-,.,gene=HP0426;Putative_Id=hypothetical protein;Orf_Size=1733;Prot_Size(est)=63580.0
.,forsyth,gene,HP0427,444268,444600,hypothetical protein,332,12210,.,-,.,gene=HP0427;Putative_Id=hypothetical protein;Orf_Size=332;Prot_Size(est)=12210.0
.,forsyth,gene,HP0428,449150,449704,phage/colicin/tellurite resistance cluster terY protein {Escherichia coli},554,20350,.,+,.,gene=HP0428;Putative_Id=phage/colicin/tellurite resistance cluster terY protein {Escherichia coli};Orf_Size=554;Prot_Size(est)=20350.0
.,forsyth,gene,HP0429,449832,449867,hypothetical protein,35,1320,.,+,.,gene=HP0429;Putative_Id=hypothetical protein;Orf_Size=35;Prot_Size(est)=1320.0
.,forsyth,gene,HP0430,449956,450120,hypothetical protein,164,6050,.,+,.,gene=HP0430;Putative_Id=hypothetical protein;Orf_Size=164;Prot_Size(est)=6050.0
.,forsyth,gene,HP0431,450127,450810,protein phosphatase 2C homolog (ptc1) {Mycoplasma genitalium},683,25080,.,+,.,gene=HP0431;Putative_Id=protein phosphatase 2C homolog (ptc1) {Mycoplasma genitalium};Orf_Size=683;Prot_Size(est)=25080.0
.,forsyth,gene,HP0432,450804,451691,protein kinase C-like protein {Mus musculus},887,32560,.,+,.,gene=HP0432;Putative_Id=protein kinase C-like protein {Mus musculus};Orf_Size=887;Prot_Size(est)=32560.0
.,forsyth,gene,HP0433,451722,452162,hypothetical protein,440,16170,.,+,.,gene=HP0433;Putative_Id=hypothetical protein;Orf_Size=440;Prot_Size(est)=16170.0
.,forsyth,gene,HP0434,452159,453325,hypothetical protein,1166,42790,.,+,.,gene=HP0434;Putative_Id=hypothetical protein;Orf_Size=1166;Prot_Size(est)=42790.0
.,forsyth,gene,HP0435,453399,453971,hypothetical protein,572,21010,.,+,.,gene=HP0435;Putative_Id=hypothetical protein;Orf_Size=572;Prot_Size(est)=21010.0
.,forsyth,gene,HP0436,453958,454320,hypothetical protein,362,13310,.,+,.,gene=HP0436;Putative_Id=hypothetical protein;Orf_Size=362;Prot_Size(est)=13310.0
.,forsyth,gene,HP0437,454333,454758,IS605 transposase (tnpA) {Helicobacter pylori},425,15620,.,-,.,gene=HP0437;Putative_Id=IS605 transposase (tnpA) {Helicobacter pylori};Orf_Size=425;Prot_Size(est)=15620.0
.,forsyth,gene,HP0438,454828,456108,IS605 transposase (tnpB) {Helicobacter pylori},1280,46970,.,+,.,gene=HP0438;Putative_Id=IS605 transposase (tnpB) {Helicobacter pylori};Orf_Size=1280;Prot_Size(est)=46970.0
.,forsyth,gene,HP0439,456083,457180,hypothetical protein,1097,40260,.,-,.,gene=HP0439;Putative_Id=hypothetical protein;Orf_Size=1097;Prot_Size(est)=40260.0
.,forsyth,gene,HP0440,457300,459330,DNA topoisomerase I (topA) {Haemophilus influenzae},2030,74470,.,-,.,gene=HP0440;Putative_Id=DNA topoisomerase I (topA) {Haemophilus influenzae};Orf_Size=2030;Prot_Size(est)=74470.0
.,forsyth,gene,HP0441,459336,461756,VirB4 homolog {Bordetella pertussis},2420,88770,.,-,.,gene=HP0441;Putative_Id=VirB4 homolog {Bordetella pertussis};Orf_Size=2420;Prot_Size(est)=88770.0
.,forsyth,gene,HP0442,461752,462015,hypothetical protein,263,9680,.,-,.,gene=HP0442;Putative_Id=hypothetical protein;Orf_Size=263;Prot_Size(est)=9680.0
.,forsyth,gene,HP0443,462019,462318,hypothetical protein,299,11000,.,-,.,gene=HP0443;Putative_Id=hypothetical protein;Orf_Size=299;Prot_Size(est)=11000.0
.,forsyth,gene,HP0444,462318,463838,hypothetical protein,1520,55770,.,-,.,gene=HP0444;Putative_Id=hypothetical protein;Orf_Size=1520;Prot_Size(est)=55770.0
.,forsyth,gene,HP0445,463957,464139,hypothetical protein,182,6710,.,-,.,gene=HP0445;Putative_Id=hypothetical protein;Orf_Size=182;Prot_Size(est)=6710.0
.,forsyth,gene,HP0446,464161,464937,hypothetical protein,776,28490,.,-,.,gene=HP0446;Putative_Id=hypothetical protein;Orf_Size=776;Prot_Size(est)=28490.0
.,forsyth,gene,HP0447,465045,466124,conserved hypothetical protein {Saccharomyces cerevisiae},1079,39600,.,+,.,gene=HP0447;Putative_Id=conserved hypothetical protein {Saccharomyces cerevisiae};Orf_Size=1079;Prot_Size(est)=39600.0
.,forsyth,gene,HP0448,466124,466507,hypothetical protein,383,14080,.,+,.,gene=HP0448;Putative_Id=hypothetical protein;Orf_Size=383;Prot_Size(est)=14080.0
.,forsyth,gene,HP0449,466757,468172,hypothetical protein,1415,51920,.,+,.,gene=HP0449;Putative_Id=hypothetical protein;Orf_Size=1415;Prot_Size(est)=51920.0
.,forsyth,gene,HP0450,468172,468303,hypothetical protein,131,4840,.,+,.,gene=HP0450;Putative_Id=hypothetical protein;Orf_Size=131;Prot_Size(est)=4840.0
.,forsyth,gene,HP0451,468276,468698,hypothetical protein,422,15510,.,+,.,gene=HP0451;Putative_Id=hypothetical protein;Orf_Size=422;Prot_Size(est)=15510.0
.,forsyth,gene,HP0452,468777,470330,hypothetical protein,1553,56980,.,+,.,gene=HP0452;Putative_Id=hypothetical protein;Orf_Size=1553;Prot_Size(est)=56980.0
.,forsyth,gene,HP0453,470340,473402,hypothetical protein,3062,112310,.,+,.,gene=HP0453;Putative_Id=hypothetical protein;Orf_Size=3062;Prot_Size(est)=112310.0
.,forsyth,gene,HP0454,473368,474063,hypothetical protein,695,25520,.,+,.,gene=HP0454;Putative_Id=hypothetical protein;Orf_Size=695;Prot_Size(est)=25520.0
.,forsyth,gene,HP0455,474313,474621,hypothetical protein,308,11330,.,+,.,gene=HP0455;Putative_Id=hypothetical protein;Orf_Size=308;Prot_Size(est)=11330.0
.,forsyth,gene,HP0456,475056,475505,hypothetical protein,449,16500,.,+,.,gene=HP0456;Putative_Id=hypothetical protein;Orf_Size=449;Prot_Size(est)=16500.0
.,forsyth,gene,HP0457,475826,476086,hypothetical protein,260,9570,.,+,.,gene=HP0457;Putative_Id=hypothetical protein;Orf_Size=260;Prot_Size(est)=9570.0
.,forsyth,gene,HP0458,476101,476334,hypothetical protein,233,8580,.,+,.,gene=HP0458;Putative_Id=hypothetical protein;Orf_Size=233;Prot_Size(est)=8580.0
.,forsyth,gene,HP0459,476337,478910,virB4 homolog (virB4) {Agrobacterium radiobacter},2573,94380,.,+,.,gene=HP0459;Putative_Id=virB4 homolog (virB4) {Agrobacterium radiobacter};Orf_Size=2573;Prot_Size(est)=94380.0
.,forsyth,gene,HP0460,479043,479528,hypothetical protein,485,17820,.,+,.,gene=HP0460;Putative_Id=hypothetical protein;Orf_Size=485;Prot_Size(est)=17820.0
.,forsyth,gene,HP0461,479560,479649,hypothetical protein,89,3300,.,-,.,gene=HP0461;Putative_Id=hypothetical protein;Orf_Size=89;Prot_Size(est)=3300.0
.,forsyth,gene,HP0462,480065,481159,type I restriction enzyme S protein (hsdS) {Methanococcus jannaschii},1094,40150,.,-,.,gene=HP0462;Putative_Id=type I restriction enzyme S protein (hsdS) {Methanococcus jannaschii};Orf_Size=1094;Prot_Size(est)=40150.0
.,forsyth,gene,HP0463,481322,482782,type I restriction enzyme M protein (hsdM) {Escherichia coli},1460,53570,.,-,.,gene=HP0463;Putative_Id=type I restriction enzyme M protein (hsdM) {Escherichia coli};Orf_Size=1460;Prot_Size(est)=53570.0
.,forsyth,gene,HP0464,482778,485942,type I restriction enzyme R protein (hsdR) {Methanococcus jannaschii},3164,116050,.,-,.,gene=HP0464;Putative_Id=type I restriction enzyme R protein (hsdR) {Methanococcus jannaschii};Orf_Size=3164;Prot_Size(est)=116050.0
.,forsyth,gene,HP0465,485993,487885,conserved hypothetical protein {Helicobacter pylori},1892,69410,.,-,.,gene=HP0465;Putative_Id=conserved hypothetical protein {Helicobacter pylori};Orf_Size=1892;Prot_Size(est)=69410.0
.,forsyth,gene,HP0466,487913,488677,conserved hypothetical protein {Helicobacter pylori},764,28050,.,-,.,gene=HP0466;Putative_Id=conserved hypothetical protein {Helicobacter pylori};Orf_Size=764;Prot_Size(est)=28050.0
.,forsyth,gene,HP0467,488690,489034,conserved hypothetical integral membrane protein {Helicobacter pylori},344,12650,.,-,.,gene=HP0467;Putative_Id=conserved hypothetical integral membrane protein {Helicobacter pylori};Orf_Size=344;Prot_Size(est)=12650.0
.,forsyth,gene,HP0468,489006,490490,conserved hypothetical protein {Helicobacter pylori},1484,54450,.,-,.,gene=HP0468;Putative_Id=conserved hypothetical protein {Helicobacter pylori};Orf_Size=1484;Prot_Size(est)=54450.0
.,forsyth,gene,HP0469,490505,490990,conserved hypothetical protein {Helicobacter pylori},485,17820,.,-,.,gene=HP0469;Putative_Id=conserved hypothetical protein {Helicobacter pylori};Orf_Size=485;Prot_Size(est)=17820.0
.,forsyth,gene,HP0470,490978,492711,oligoendopeptidase F (pepF) {Helicobacter pylori},1733,63580,.,-,.,gene=HP0470;Putative_Id=oligoendopeptidase F (pepF) {Helicobacter pylori};Orf_Size=1733;Prot_Size(est)=63580.0
.,forsyth,gene,HP0471,492812,494059,glutathione-regulated potassium-efflux system protein (kefB) {Helicobacter pylori},1247,45760,.,-,.,gene=HP0471;Putative_Id=glutathione-regulated potassium-efflux system protein (kefB) {Helicobacter pylori};Orf_Size=1247;Prot_Size(est)=45760.0
.,forsyth,gene,HP0472,494382,494939,outer membrane protein (omp11),557,20460,.,-,.,gene=HP0472;Putative_Id=outer membrane protein (omp11);Orf_Size=557;Prot_Size(est)=20460.0
.,forsyth,gene,HP0473,495165,495902,"molybdenum ABC transporter, periplasmic molybdate-binding protein (modA) {Helicobacter pylori}",737,27060,.,+,.,"gene=HP0473;Putative_Id=molybdenum ABC transporter, periplasmic molybdate-binding protein (modA) {Helicobacter pylori};Orf_Size=737;Prot_Size(est)=27060.0"
.,forsyth,gene,HP0474,495927,496598,"molybdenum ABC transporter, permease protein (modB) {Escherichia coli}",671,24640,.,+,.,"gene=HP0474;Putative_Id=molybdenum ABC transporter, permease protein (modB) {Escherichia coli};Orf_Size=671;Prot_Size(est)=24640.0"
.,forsyth,gene,HP0475,496598,497392,"molybdenum ABC transporter, ATP-binding protein (modD) {Azotobacter vinelandii}",794,29150,.,+,.,"gene=HP0475;Putative_Id=molybdenum ABC transporter, ATP-binding protein (modD) {Azotobacter vinelandii};Orf_Size=794;Prot_Size(est)=29150.0"
.,forsyth,gene,HP0476,497513,498901,glutamyl-tRNA synthetase (gltX) {Escherichia coli},1388,50930,.,-,.,gene=HP0476;Putative_Id=glutamyl-tRNA synthetase (gltX) {Escherichia coli};Orf_Size=1388;Prot_Size(est)=50930.0
.,forsyth,gene,HP0477,499019,500119,outer membrane protein (omp12),1100,40370,.,+,.,gene=HP0477;Putative_Id=outer membrane protein (omp12);Orf_Size=1100;Prot_Size(est)=40370.0
.,forsyth,gene,HP0478,500131,501765,adenine specific DNA methyltransferase (VSPIM) {Vibrio sp.},1634,59950,.,+,.,gene=HP0478;Putative_Id=adenine specific DNA methyltransferase (VSPIM) {Vibrio sp.};Orf_Size=1634;Prot_Size(est)=59950.0
.,forsyth,gene,HP0479,501734,502579,hypothetical protein,845,31020,.,+,.,gene=HP0479;Putative_Id=hypothetical protein;Orf_Size=845;Prot_Size(est)=31020.0
.,forsyth,gene,HP0480,502628,504424,"GTP-binding protein, fusA-homolog (yihK) {Escherichia coli}",1796,65890,.,+,.,"gene=HP0480;Putative_Id=GTP-binding protein, fusA-homolog (yihK) {Escherichia coli};Orf_Size=1796;Prot_Size(est)=65890.0"
.,forsyth,gene,HP0481,504443,505075,adenine specific DNA methyltransferase (MFOKI) {Flavobacterium okeanokoites},632,23210,.,+,.,gene=HP0481;Putative_Id=adenine specific DNA methyltransferase (MFOKI) {Flavobacterium okeanokoites};Orf_Size=632;Prot_Size(est)=23210.0
.,forsyth,gene,HP0482,505374,505883,hypothetical protein,509,18700,.,+,.,gene=HP0482;Putative_Id=hypothetical protein;Orf_Size=509;Prot_Size(est)=18700.0
.,forsyth,gene,HP0483,506145,507131,cytosine specific DNA methyltransferase (HPHIMC) {Haemophilus parahaemolyticus},986,36190,.,+,.,gene=HP0483;Putative_Id=cytosine specific DNA methyltransferase (HPHIMC) {Haemophilus parahaemolyticus};Orf_Size=986;Prot_Size(est)=36190.0
.,forsyth,gene,HP0484,507136,507885,hypothetical protein,749,27500,.,+,.,gene=HP0484;Putative_Id=hypothetical protein;Orf_Size=749;Prot_Size(est)=27500.0
.,forsyth,gene,HP0485,508125,509066,catalase-like protein {Synechococcus sp.},941,34540,.,-,.,gene=HP0485;Putative_Id=catalase-like protein {Synechococcus sp.};Orf_Size=941;Prot_Size(est)=34540.0
.,forsyth,gene,HP0486,509352,510935,hypothetical protein,1583,58080,.,+,.,gene=HP0486;Putative_Id=hypothetical protein;Orf_Size=1583;Prot_Size(est)=58080.0
.,forsyth,gene,HP0487,510965,512404,hypothetical protein,1439,52800,.,+,.,gene=HP0487;Putative_Id=hypothetical protein;Orf_Size=1439;Prot_Size(est)=52800.0
.,forsyth,gene,HP0488,512806,515676,hypothetical protein,2870,105270,.,+,.,gene=HP0488;Putative_Id=hypothetical protein;Orf_Size=2870;Prot_Size(est)=105270.0
.,forsyth,gene,HP0489,515693,516577,hypothetical protein,884,32450,.,+,.,gene=HP0489;Putative_Id=hypothetical protein;Orf_Size=884;Prot_Size(est)=32450.0
.,forsyth,gene,HP0490,517003,518136,"putative potassium channel protein, putative {Methanococcus jannaschii}",1133,41580,.,-,.,"gene=HP0490;Putative_Id=putative potassium channel protein, putative {Methanococcus jannaschii};Orf_Size=1133;Prot_Size(est)=41580.0"
.,forsyth,gene,HP0491,518288,518473,ribosomal protein L28 (rpL28) {Mycoplasma genitalium},185,6820,.,-,.,gene=HP0491;Putative_Id=ribosomal protein L28 (rpL28) {Mycoplasma genitalium};Orf_Size=185;Prot_Size(est)=6820.0
.,forsyth,gene,HP0492,518576,519409,hypothetical protein,833,30580,.,-,.,gene=HP0492;Putative_Id=hypothetical protein;Orf_Size=833;Prot_Size(est)=30580.0
.,forsyth,gene,HP0493,519534,520592,phospho-N-acetylmuramoyl-pentapeptide-transferase (mraY) {Escherichia coli},1058,38830,.,+,.,gene=HP0493;Putative_Id=phospho-N-acetylmuramoyl-pentapeptide-transferase (mraY) {Escherichia coli};Orf_Size=1058;Prot_Size(est)=38830.0
.,forsyth,gene,HP0494,520597,521862,UDP-N-acetylmuramoylalanine-D-glutamate ligase (murD) {Haemophilus influenzae},1265,46420,.,+,.,gene=HP0494;Putative_Id=UDP-N-acetylmuramoylalanine-D-glutamate ligase (murD) {Haemophilus influenzae};Orf_Size=1265;Prot_Size(est)=46420.0
.,forsyth,gene,HP0495,521865,522122,hypothetical protein,257,9460,.,-,.,gene=HP0495;Putative_Id=hypothetical protein;Orf_Size=257;Prot_Size(est)=9460.0
.,forsyth,gene,HP0496,522115,522513,conserved hypothetical protein {Helicobacter pylori},398,14630,.,-,.,gene=HP0496;Putative_Id=conserved hypothetical protein {Helicobacter pylori};Orf_Size=398;Prot_Size(est)=14630.0
.,forsyth,gene,HP0497,522742,524067,sodium- and chloride-dependent transporter {Haemophilus influenzae},1325,48620,.,+,.,gene=HP0497;Putative_Id=sodium- and chloride-dependent transporter {Haemophilus influenzae};Orf_Size=1325;Prot_Size(est)=48620.0
.,forsyth,gene,HP0498,524081,525406,sodium- and chloride-dependent transporter  {Haemophilus influenzae},1325,48620,.,+,.,gene=HP0498;Putative_Id=sodium- and chloride-dependent transporter  {Haemophilus influenzae};Orf_Size=1325;Prot_Size(est)=48620.0
.,forsyth,gene,HP0499,525424,526488,phospholipase A1 precursor (DR-phospholipase A) {Escherichia coli},1064,39050,.,+,.,gene=HP0499;Putative_Id=phospholipase A1 precursor (DR-phospholipase A) {Escherichia coli};Orf_Size=1064;Prot_Size(est)=39050.0
.,forsyth,gene,HP0500,526549,527670,DNA polymerase III beta-subunit (dnaN) {Haemophilus influenzae},1121,41140,.,+,.,gene=HP0500;Putative_Id=DNA polymerase III beta-subunit (dnaN) {Haemophilus influenzae};Orf_Size=1121;Prot_Size(est)=41140.0
.,forsyth,gene,HP0501,527686,530004,"DNA gyrase, sub B (gyrB) {Haemophilus influenzae}",2318,85030,.,+,.,"gene=HP0501;Putative_Id=DNA gyrase, sub B (gyrB) {Haemophilus influenzae};Orf_Size=2318;Prot_Size(est)=85030.0"
.,forsyth,gene,HP0502,530053,530214,hypothetical protein,161,5940,.,+,.,gene=HP0502;Putative_Id=hypothetical protein;Orf_Size=161;Prot_Size(est)=5940.0
.,forsyth,gene,HP0503,530306,531043,hypothetical protein,737,27060,.,+,.,gene=HP0503;Putative_Id=hypothetical protein;Orf_Size=737;Prot_Size(est)=27060.0
.,forsyth,gene,HP0504,531033,531179,hypothetical protein,146,5390,.,+,.,gene=HP0504;Putative_Id=hypothetical protein;Orf_Size=146;Prot_Size(est)=5390.0
.,forsyth,gene,HP0505,531323,531784,hypothetical protein,461,16940,.,+,.,gene=HP0505;Putative_Id=hypothetical protein;Orf_Size=461;Prot_Size(est)=16940.0
.,forsyth,gene,HP0506,531991,533199,conserved hypothetical secreted protein {Haemophilus influenzae},1208,44330,.,+,.,gene=HP0506;Putative_Id=conserved hypothetical secreted protein {Haemophilus influenzae};Orf_Size=1208;Prot_Size(est)=44330.0
.,forsyth,gene,HP0507,533202,533837,conserved hypothetical protein {Caenorhabditis elegans},635,23320,.,+,.,gene=HP0507;Putative_Id=conserved hypothetical protein {Caenorhabditis elegans};Orf_Size=635;Prot_Size(est)=23320.0
.,forsyth,gene,HP0508,533851,535206,hypothetical protein,1355,49720,.,+,.,gene=HP0508;Putative_Id=hypothetical protein;Orf_Size=1355;Prot_Size(est)=49720.0
.,forsyth,gene,HP0509,535211,536587,glycolate oxidase subunit (glcD) {Helicobacter pylori},1376,50490,.,+,.,gene=HP0509;Putative_Id=glycolate oxidase subunit (glcD) {Helicobacter pylori};Orf_Size=1376;Prot_Size(est)=50490.0
.,forsyth,gene,HP0510,536612,537373,dihydrodipicolinate reductase (dapB) {Helicobacter pylori},761,27940,.,+,.,gene=HP0510;Putative_Id=dihydrodipicolinate reductase (dapB) {Helicobacter pylori};Orf_Size=761;Prot_Size(est)=27940.0
.,forsyth,gene,HP0511,537802,537915,hypothetical protein,113,4180,.,+,.,gene=HP0511;Putative_Id=hypothetical protein;Orf_Size=113;Prot_Size(est)=4180.0
.,forsyth,gene,HP0512,538240,539682,glutamine synthetase (glnA) {Eschericha coli},1442,52910,.,-,.,gene=HP0512;Putative_Id=glutamine synthetase (glnA) {Eschericha coli};Orf_Size=1442;Prot_Size(est)=52910.0
.,forsyth,gene,HP0513,539973,541946,hypothetical protein,1973,72380,.,+,.,gene=HP0513;Putative_Id=hypothetical protein;Orf_Size=1973;Prot_Size(est)=72380.0
.,forsyth,gene,HP0514,542010,542459,ribosomal protein L9 (rpl9) {Bacillus stearothermophilus},449,16500,.,+,.,gene=HP0514;Putative_Id=ribosomal protein L9 (rpl9) {Bacillus stearothermophilus};Orf_Size=449;Prot_Size(est)=16500.0
.,forsyth,gene,HP0515,542466,543005,heat shock protein (hslV) {Haemophilus influenzae},539,19800,.,+,.,gene=HP0515;Putative_Id=heat shock protein (hslV) {Haemophilus influenzae};Orf_Size=539;Prot_Size(est)=19800.0
.,forsyth,gene,HP0516,543008,544336,heat shock protein (hslU) ORF1 {Helicobacter pylori},1328,48730,.,+,.,gene=HP0516;Putative_Id=heat shock protein (hslU) ORF1 {Helicobacter pylori};Orf_Size=1328;Prot_Size(est)=48730.0
.,forsyth,gene,HP0517,544336,545241,GTP-binding protein (era) {Helicobacter pylori},905,33220,.,+,.,gene=HP0517;Putative_Id=GTP-binding protein (era) {Helicobacter pylori};Orf_Size=905;Prot_Size(est)=33220.0
.,forsyth,gene,HP0518,545241,546230,conserved hypothetical secreted protein {Helicobacter pylori},989,36300,.,+,.,gene=HP0518;Putative_Id=conserved hypothetical secreted protein {Helicobacter pylori};Orf_Size=989;Prot_Size(est)=36300.0
.,forsyth,gene,HP0519,546325,547152,conserved hypothetical protein {Helicobacter pylori},827,30360,.,-,.,gene=HP0519;Putative_Id=conserved hypothetical protein {Helicobacter pylori};Orf_Size=827;Prot_Size(est)=30360.0
.,forsyth,gene,HP0520,547328,547672,cag pathogenicity island protein (cag1) {Helicobacter pylori},344,12650,.,+,.,gene=HP0520;Putative_Id=cag pathogenicity island protein (cag1) {Helicobacter pylori};Orf_Size=344;Prot_Size(est)=12650.0
.,forsyth,gene,HP0521,547783,548022,cag pathogenicity island protein (cag2) {Helicobacter pylori},239,8800,.,+,.,gene=HP0521;Putative_Id=cag pathogenicity island protein (cag2) {Helicobacter pylori};Orf_Size=239;Prot_Size(est)=8800.0
.,forsyth,gene,HP0522,548134,549576,cag pathogenicity island protein (cag3) {Helicobacter pylori},1442,52910,.,+,.,gene=HP0522;Putative_Id=cag pathogenicity island protein (cag3) {Helicobacter pylori};Orf_Size=1442;Prot_Size(est)=52910.0
.,forsyth,gene,HP0523,549589,550095,cag pathogenicity island protein (cag4) {Helicobacter pylori},506,18590,.,+,.,gene=HP0523;Putative_Id=cag pathogenicity island protein (cag4) {Helicobacter pylori};Orf_Size=506;Prot_Size(est)=18590.0
.,forsyth,gene,HP0524,550220,552463,cag pathogenicity island protein (cag5) {Helicobacter pylori},2243,82280,.,-,.,gene=HP0524;Putative_Id=cag pathogenicity island protein (cag5) {Helicobacter pylori};Orf_Size=2243;Prot_Size(est)=82280.0
.,forsyth,gene,HP0525,552475,553464,virB11 homolog {Helicobacter pylori},989,36300,.,-,.,gene=HP0525;Putative_Id=virB11 homolog {Helicobacter pylori};Orf_Size=989;Prot_Size(est)=36300.0
.,forsyth,gene,HP0526,553472,554068,cag pathogenicity island protein (cag6) {Helicobacter pylori},596,21890,.,-,.,gene=HP0526;Putative_Id=cag pathogenicity island protein (cag6) {Helicobacter pylori};Orf_Size=596;Prot_Size(est)=21890.0
.,forsyth,gene,HP0527,554209,559989,cag pathogenicity island protein (cag7) {Helicobacter pylori},5780,211970,.,-,.,gene=HP0527;Putative_Id=cag pathogenicity island protein (cag7) {Helicobacter pylori};Orf_Size=5780;Prot_Size(est)=211970.0
.,forsyth,gene,HP0528,560007,561572,cag pathogenicity island protein (cag8) {Helicobacter pylori},1565,57420,.,-,.,gene=HP0528;Putative_Id=cag pathogenicity island protein (cag8) {Helicobacter pylori};Orf_Size=1565;Prot_Size(est)=57420.0
.,forsyth,gene,HP0529,561628,563232,cag pathogenicity island protein (cag9) {Helicobacter pylori},1604,58850,.,-,.,gene=HP0529;Putative_Id=cag pathogenicity island protein (cag9) {Helicobacter pylori};Orf_Size=1604;Prot_Size(est)=58850.0
.,forsyth,gene,HP0530,563240,563995,cag pathogenicity island protein (cag10) {Helicobacter pylori},755,27720,.,-,.,gene=HP0530;Putative_Id=cag pathogenicity island protein (cag10) {Helicobacter pylori};Orf_Size=755;Prot_Size(est)=27720.0
.,forsyth,gene,HP0531,564381,565034,cag pathogenicity island protein (cag11) {Helicobacter pylori},653,23980,.,+,.,gene=HP0531;Putative_Id=cag pathogenicity island protein (cag11) {Helicobacter pylori};Orf_Size=653;Prot_Size(est)=23980.0
.,forsyth,gene,HP0532,565073,565912,cag pathogenicity island protein (cag12) {Helicobacter pylori},839,30800,.,+,.,gene=HP0532;Putative_Id=cag pathogenicity island protein (cag12) {Helicobacter pylori};Orf_Size=839;Prot_Size(est)=30800.0
.,forsyth,gene,HP0533,566038,566124,hypothetical protein,86,3190,.,-,.,gene=HP0533;Putative_Id=hypothetical protein;Orf_Size=86;Prot_Size(est)=3190.0
.,forsyth,gene,HP0534,566129,566716,cag pathogenicity island protein (cag13) {Helicobacter pylori},587,21560,.,-,.,gene=HP0534;Putative_Id=cag pathogenicity island protein (cag13) {Helicobacter pylori};Orf_Size=587;Prot_Size(est)=21560.0
.,forsyth,gene,HP0535,567145,567522,cag pathogenicity island protein (cag14) {Helicobacter pylori},377,13860,.,-,.,gene=HP0535;Putative_Id=cag pathogenicity island protein (cag14) {Helicobacter pylori};Orf_Size=377;Prot_Size(est)=13860.0
.,forsyth,gene,HP0536,567958,568299,cag pathogenicity island protein (cag15) {Helicobacter pylori},341,12540,.,-,.,gene=HP0536;Putative_Id=cag pathogenicity island protein (cag15) {Helicobacter pylori};Orf_Size=341;Prot_Size(est)=12540.0
.,forsyth,gene,HP0537,568723,569850,cag pathogenicity island protein (cag16) {Helicobacter pylori},1127,41360,.,+,.,gene=HP0537;Putative_Id=cag pathogenicity island protein (cag16) {Helicobacter pylori};Orf_Size=1127;Prot_Size(est)=41360.0
.,forsyth,gene,HP0538,569868,570785,cag pathogenicity island protein (cag17) {Helicobacter pylori},917,33660,.,+,.,gene=HP0538;Putative_Id=cag pathogenicity island protein (cag17) {Helicobacter pylori};Orf_Size=917;Prot_Size(est)=33660.0
.,forsyth,gene,HP0539,570873,571583,cag pathogenicity island protein (cag18) {Helicobacter pylori},710,26070,.,-,.,gene=HP0539;Putative_Id=cag pathogenicity island protein (cag18) {Helicobacter pylori};Orf_Size=710;Prot_Size(est)=26070.0
.,forsyth,gene,HP0540,571583,572725,cag pathogenicity island protein (cag19) {Helicobacter pylori},1142,41910,.,-,.,gene=HP0540;Putative_Id=cag pathogenicity island protein (cag19) {Helicobacter pylori};Orf_Size=1142;Prot_Size(est)=41910.0
.,forsyth,gene,HP0541,572739,573848,cag pathogenicity island protein (cag20) {Helicobacter pylori},1109,40700,.,-,.,gene=HP0541;Putative_Id=cag pathogenicity island protein (cag20) {Helicobacter pylori};Orf_Size=1109;Prot_Size(est)=40700.0
.,forsyth,gene,HP0542,573867,574292,cag pathogenicity island protein (cag21) {Helicobacter pylori},425,15620,.,-,.,gene=HP0542;Putative_Id=cag pathogenicity island protein (cag21) {Helicobacter pylori};Orf_Size=425;Prot_Size(est)=15620.0
.,forsyth,gene,HP0543,574350,575153,cag pathogenicity island protein (cag22) {Helicobacter pylori},803,29480,.,-,.,gene=HP0543;Putative_Id=cag pathogenicity island protein (cag22) {Helicobacter pylori};Orf_Size=803;Prot_Size(est)=29480.0
.,forsyth,gene,HP0544,575158,578106,cag pathogenicity island protein (cag23) {Helicobacter pylori},2948,108130,.,-,.,gene=HP0544;Putative_Id=cag pathogenicity island protein (cag23) {Helicobacter pylori};Orf_Size=2948;Prot_Size(est)=108130.0
.,forsyth,gene,HP0545,578118,578738,cag pathogenicity island protein (cag24) {Helicobacter pylori},620,22770,.,-,.,gene=HP0545;Putative_Id=cag pathogenicity island protein (cag24) {Helicobacter pylori};Orf_Size=620;Prot_Size(est)=22770.0
.,forsyth,gene,HP0546,578743,579087,cag pathogenicity island protein (cag25) {Helicobacter pylori},344,12650,.,-,.,gene=HP0546;Putative_Id=cag pathogenicity island protein (cag25) {Helicobacter pylori};Orf_Size=344;Prot_Size(est)=12650.0
.,forsyth,gene,HP0547,579921,583478,cag pathogenicity island protein (cag26) {Helicobacter pylori},3557,130460,.,+,.,gene=HP0547;Putative_Id=cag pathogenicity island protein (cag26) {Helicobacter pylori};Orf_Size=3557;Prot_Size(est)=130460.0
.,forsyth,gene,HP0548,583610,584434,"DNA helicase, putative {Methanococcus jannaschii}",824,30250,.,+,.,"gene=HP0548;Putative_Id=DNA helicase, putative {Methanococcus jannaschii};Orf_Size=824;Prot_Size(est)=30250.0"
.,forsyth,gene,HP0549,584586,585350,glutamate racemase (glr) {Staphylococcus haemolyticus},764,28050,.,-,.,gene=HP0549;Putative_Id=glutamate racemase (glr) {Staphylococcus haemolyticus};Orf_Size=764;Prot_Size(est)=28050.0
.,forsyth,gene,HP0550,585391,586704,transcription termination factor Rho (rho) {Haemophilus influenzae},1313,48180,.,-,.,gene=HP0550;Putative_Id=transcription termination factor Rho (rho) {Haemophilus influenzae};Orf_Size=1313;Prot_Size(est)=48180.0
.,forsyth,gene,HP0551,586968,587168,ribosomal protein L31 (rpl31) {Bacillus subtilis},200,7370,.,+,.,gene=HP0551;Putative_Id=ribosomal protein L31 (rpl31) {Bacillus subtilis};Orf_Size=200;Prot_Size(est)=7370.0
.,forsyth,gene,HP0552,587196,588056,conserved hypothetical protein {Escherichia coli},860,31570,.,+,.,gene=HP0552;Putative_Id=conserved hypothetical protein {Escherichia coli};Orf_Size=860;Prot_Size(est)=31570.0
.,forsyth,gene,HP0553,588072,588752,conserved hypothetical protein {Haemophilus influenzae},680,24970,.,+,.,gene=HP0553;Putative_Id=conserved hypothetical protein {Haemophilus influenzae};Orf_Size=680;Prot_Size(est)=24970.0
.,forsyth,gene,HP0554,588768,589730,hypothetical protein,962,35310,.,+,.,gene=HP0554;Putative_Id=hypothetical protein;Orf_Size=962;Prot_Size(est)=35310.0
.,forsyth,gene,HP0555,589730,590548,hypothetical protein,818,30030,.,+,.,gene=HP0555;Putative_Id=hypothetical protein;Orf_Size=818;Prot_Size(est)=30030.0
.,forsyth,gene,HP0556,590627,591061,hypothetical protein,434,15950,.,-,.,gene=HP0556;Putative_Id=hypothetical protein;Orf_Size=434;Prot_Size(est)=15950.0
.,forsyth,gene,HP0557,591533,592468,acetyl-coenzyme A carboxylase (accA) {Escherichia coli},935,34320,.,-,.,gene=HP0557;Putative_Id=acetyl-coenzyme A carboxylase (accA) {Escherichia coli};Orf_Size=935;Prot_Size(est)=34320.0
.,forsyth,gene,HP0558,592494,593729,beta ketoacyl-acyl carrier protein synthase II (fabF) {Escherichia coli},1235,45320,.,-,.,gene=HP0558;Putative_Id=beta ketoacyl-acyl carrier protein synthase II (fabF) {Escherichia coli};Orf_Size=1235;Prot_Size(est)=45320.0
.,forsyth,gene,HP0559,594040,594273,acyl carrier protein (acpP) {Haemophilus influenzae},233,8580,.,-,.,gene=HP0559;Putative_Id=acyl carrier protein (acpP) {Haemophilus influenzae};Orf_Size=233;Prot_Size(est)=8580.0
.,forsyth,gene,HP0560,594329,594406,hypothetical protein,77,2860,.,-,.,gene=HP0560;Putative_Id=hypothetical protein;Orf_Size=77;Prot_Size(est)=2860.0
.,forsyth,gene,HP0561,594507,595247,3-ketoacyl-acyl carrier protein reductase (fabG) {Escherichia coli},740,27170,.,-,.,gene=HP0561;Putative_Id=3-ketoacyl-acyl carrier protein reductase (fabG) {Escherichia coli};Orf_Size=740;Prot_Size(est)=27170.0
.,forsyth,gene,HP0562,595292,595501,ribosomal protein S21 (rps21) {Myxococcus xanthus},209,7700,.,-,.,gene=HP0562;Putative_Id=ribosomal protein S21 (rps21) {Myxococcus xanthus};Orf_Size=209;Prot_Size(est)=7700.0
.,forsyth,gene,HP0563,595605,596852,hypothetical protein,1247,45760,.,-,.,gene=HP0563;Putative_Id=hypothetical protein;Orf_Size=1247;Prot_Size(est)=45760.0
.,forsyth,gene,HP0564,597100,597267,hypothetical protein,167,6160,.,+,.,gene=HP0564;Putative_Id=hypothetical protein;Orf_Size=167;Prot_Size(est)=6160.0
.,forsyth,gene,HP0565,597296,597940,hypothetical protein,644,23650,.,-,.,gene=HP0565;Putative_Id=hypothetical protein;Orf_Size=644;Prot_Size(est)=23650.0
.,forsyth,gene,HP0566,598050,598868,diaminopimelate epimerase (dapF) {Haemophilus influenzae},818,30030,.,-,.,gene=HP0566;Putative_Id=diaminopimelate epimerase (dapF) {Haemophilus influenzae};Orf_Size=818;Prot_Size(est)=30030.0
.,forsyth,gene,HP0567,598984,600027,membrane protein {Streptococcus pneumoniae},1043,38280,.,+,.,gene=HP0567;Putative_Id=membrane protein {Streptococcus pneumoniae};Orf_Size=1043;Prot_Size(est)=38280.0
.,forsyth,gene,HP0568,600180,600944,hypothetical protein,764,28050,.,-,.,gene=HP0568;Putative_Id=hypothetical protein;Orf_Size=764;Prot_Size(est)=28050.0
.,forsyth,gene,HP0569,601082,602179,GTP-binding protein (gtp1) {Mycoplasma genitalium},1097,40260,.,-,.,gene=HP0569;Putative_Id=GTP-binding protein (gtp1) {Mycoplasma genitalium};Orf_Size=1097;Prot_Size(est)=40260.0
.,forsyth,gene,HP0570,602184,603671,aminopeptidase a/i (pepA) {Haemophilus influenzae},1487,54560,.,-,.,gene=HP0570;Putative_Id=aminopeptidase a/i (pepA) {Haemophilus influenzae};Orf_Size=1487;Prot_Size(est)=54560.0
.,forsyth,gene,HP0571,603722,604297,conserved hypothetical integral membrane protein {Escherichia coli},575,21120,.,-,.,gene=HP0571;Putative_Id=conserved hypothetical integral membrane protein {Escherichia coli};Orf_Size=575;Prot_Size(est)=21120.0
.,forsyth,gene,HP0572,604315,604851,adenine phosphoribosyltransferase (apt) {Escherichia coli},536,19690,.,-,.,gene=HP0572;Putative_Id=adenine phosphoribosyltransferase (apt) {Escherichia coli};Orf_Size=536;Prot_Size(est)=19690.0
.,forsyth,gene,HP0573,604912,605241,hypothetical protein,329,12100,.,-,.,gene=HP0573;Putative_Id=hypothetical protein;Orf_Size=329;Prot_Size(est)=12100.0
.,forsyth,gene,HP0574,605296,605748,galactosidase acetyltransferase (lacA) {Mycoplasma genitalium},452,16610,.,-,.,gene=HP0574;Putative_Id=galactosidase acetyltransferase (lacA) {Mycoplasma genitalium};Orf_Size=452;Prot_Size(est)=16610.0
.,forsyth,gene,HP0575,605772,606467,conserved hypothetical membrane protein {Bacillus subtilis},695,25520,.,-,.,gene=HP0575;Putative_Id=conserved hypothetical membrane protein {Bacillus subtilis};Orf_Size=695;Prot_Size(est)=25520.0
.,forsyth,gene,HP0576,606479,607348,signal peptidase I (lepB) {Haemophilus influenzae},869,31900,.,-,.,gene=HP0576;Putative_Id=signal peptidase I (lepB) {Haemophilus influenzae};Orf_Size=869;Prot_Size(est)=31900.0
.,forsyth,gene,HP0577,607351,608226,methylene-tetrahydrofolate dehydrogenase (folD) {Haemophilus influenzae},875,32120,.,-,.,gene=HP0577;Putative_Id=methylene-tetrahydrofolate dehydrogenase (folD) {Haemophilus influenzae};Orf_Size=875;Prot_Size(est)=32120.0
.,forsyth,gene,HP0578,608303,610336,hypothetical protein,2033,74580,.,-,.,gene=HP0578;Putative_Id=hypothetical protein;Orf_Size=2033;Prot_Size(est)=74580.0
.,forsyth,gene,HP0579,610345,610896,hypothetical protein,551,20240,.,-,.,gene=HP0579;Putative_Id=hypothetical protein;Orf_Size=551;Prot_Size(est)=20240.0
.,forsyth,gene,HP0580,610906,612021,hypothetical protein,1115,40920,.,-,.,gene=HP0580;Putative_Id=hypothetical protein;Orf_Size=1115;Prot_Size(est)=40920.0
.,forsyth,gene,HP0581,612000,613016,dihydroorotase (pyrC) {Salmonella choleraesuis},1016,37290,.,-,.,gene=HP0581;Putative_Id=dihydroorotase (pyrC) {Salmonella choleraesuis};Orf_Size=1016;Prot_Size(est)=37290.0
.,forsyth,gene,HP0582,613023,613994,hypothetical protein,971,35640,.,-,.,gene=HP0582;Putative_Id=hypothetical protein;Orf_Size=971;Prot_Size(est)=35640.0
.,forsyth,gene,HP0583,613981,614859,hypothetical protein,878,32230,.,-,.,gene=HP0583;Putative_Id=hypothetical protein;Orf_Size=878;Prot_Size(est)=32230.0
.,forsyth,gene,HP0584,614859,615227,flagellar switch protein (fliN) {Borrelia burgdorferi},368,13530,.,-,.,gene=HP0584;Putative_Id=flagellar switch protein (fliN) {Borrelia burgdorferi};Orf_Size=368;Prot_Size(est)=13530.0
.,forsyth,gene,HP0585,615312,615965,endonuclease III (nth) {Haemophilus influenzae},653,23980,.,-,.,gene=HP0585;Putative_Id=endonuclease III (nth) {Haemophilus influenzae};Orf_Size=653;Prot_Size(est)=23980.0
.,forsyth,gene,HP0586,616197,619127,hypothetical protein,2930,107470,.,-,.,gene=HP0586;Putative_Id=hypothetical protein;Orf_Size=2930;Prot_Size(est)=107470.0
.,forsyth,gene,HP0587,619045,620031,aminodeoxychorismate lyase (pabC) {Haemophilus influenzae},986,36190,.,+,.,gene=HP0587;Putative_Id=aminodeoxychorismate lyase (pabC) {Haemophilus influenzae};Orf_Size=986;Prot_Size(est)=36190.0
.,forsyth,gene,HP0588,620219,620557,ferrodoxin-like protein {Synechococcus vulcanus},338,12430,.,+,.,gene=HP0588;Putative_Id=ferrodoxin-like protein {Synechococcus vulcanus};Orf_Size=338;Prot_Size(est)=12430.0
.,forsyth,gene,HP0589,620560,621684,"ferredoxin oxidoreductase, alpha subunit {Methanococcus jannaschii}",1124,41250,.,+,.,"gene=HP0589;Putative_Id=ferredoxin oxidoreductase, alpha subunit {Methanococcus jannaschii};Orf_Size=1124;Prot_Size(est)=41250.0"
.,forsyth,gene,HP0590,621689,622507,"ferredoxin oxidoreductase, beta subunit {Methanococcus jannaschii}",818,30030,.,+,.,"gene=HP0590;Putative_Id=ferredoxin oxidoreductase, beta subunit {Methanococcus jannaschii};Orf_Size=818;Prot_Size(est)=30030.0"
.,forsyth,gene,HP0591,622510,623067,"ferredoxin oxidoreductase, gamma subunit {Methanococcus jannaschii}",557,20460,.,+,.,"gene=HP0591;Putative_Id=ferredoxin oxidoreductase, gamma subunit {Methanococcus jannaschii};Orf_Size=557;Prot_Size(est)=20460.0"
.,forsyth,gene,HP0592,623167,626169,type III restriction enzyme R protein (res) {Salmonella choleraesuis},3002,110110,.,+,.,gene=HP0592;Putative_Id=type III restriction enzyme R protein (res) {Salmonella choleraesuis};Orf_Size=3002;Prot_Size(est)=110110.0
.,forsyth,gene,HP0593,626246,628039,adenine specific DNA methyltransferase (mod) {Escherichia coli},1793,65780,.,+,.,gene=HP0593;Putative_Id=adenine specific DNA methyltransferase (mod) {Escherichia coli};Orf_Size=1793;Prot_Size(est)=65780.0
.,forsyth,gene,HP0594,628139,628300,hypothetical protein,161,5940,.,+,.,gene=HP0594;Putative_Id=hypothetical protein;Orf_Size=161;Prot_Size(est)=5940.0
.,forsyth,gene,HP0595,628313,629782,hypothetical protein,1469,53900,.,+,.,gene=HP0595;Putative_Id=hypothetical protein;Orf_Size=1469;Prot_Size(est)=53900.0
.,forsyth,gene,HP0596,630259,630834,hypothetical protein,575,21120,.,+,.,gene=HP0596;Putative_Id=hypothetical protein;Orf_Size=575;Prot_Size(est)=21120.0
.,forsyth,gene,HP0597,630843,632819,penicillin-binding protein 1A (PBP-1A) {Escherichia coli},1976,72490,.,-,.,gene=HP0597;Putative_Id=penicillin-binding protein 1A (PBP-1A) {Escherichia coli};Orf_Size=1976;Prot_Size(est)=72490.0
.,forsyth,gene,HP0598,632823,633941,8-amino-7-oxononanoate synthase (bioF) {Haemophilus influenzae},1118,41030,.,-,.,gene=HP0598;Putative_Id=8-amino-7-oxononanoate synthase (bioF) {Haemophilus influenzae};Orf_Size=1118;Prot_Size(est)=41030.0
.,forsyth,gene,HP0599,633967,635265,hemolysin secretion protein precursor (hylB) {Vibrio cholerae},1298,47630,.,-,.,gene=HP0599;Putative_Id=hemolysin secretion protein precursor (hylB) {Vibrio cholerae};Orf_Size=1298;Prot_Size(est)=47630.0
.,forsyth,gene,HP0600,635340,637118,multidrug resistance protein (spaB) {Bacillus subtilis},1778,65230,.,-,.,gene=HP0600;Putative_Id=multidrug resistance protein (spaB) {Bacillus subtilis};Orf_Size=1778;Prot_Size(est)=65230.0
.,forsyth,gene,HP0601,637282,638811,flagellin A (flaA) {Helicobacter pylori},1529,56100,.,+,.,gene=HP0601;Putative_Id=flagellin A (flaA) {Helicobacter pylori};Orf_Size=1529;Prot_Size(est)=56100.0
.,forsyth,gene,HP0602,638932,639585,endonuclease III {Methanococcus jannaschii},653,23980,.,+,.,gene=HP0602;Putative_Id=endonuclease III {Methanococcus jannaschii};Orf_Size=653;Prot_Size(est)=23980.0
.,forsyth,gene,HP0603,639633,640199,hypothetical protein,566,20790,.,+,.,gene=HP0603;Putative_Id=hypothetical protein;Orf_Size=566;Prot_Size(est)=20790.0
.,forsyth,gene,HP0604,640268,641287,uroporphyrinogen decarboxylase (hemE) {Escherichia coli},1019,37400,.,+,.,gene=HP0604;Putative_Id=uroporphyrinogen decarboxylase (hemE) {Escherichia coli};Orf_Size=1019;Prot_Size(est)=37400.0
.,forsyth,gene,HP0605,641299,642729,hypothetical protein,1430,52470,.,+,.,gene=HP0605;Putative_Id=hypothetical protein;Orf_Size=1430;Prot_Size(est)=52470.0
.,forsyth,gene,HP0606,642743,643444,membrane fusion protein (mtrC) {Haemophilus influenzae},701,25740,.,+,.,gene=HP0606;Putative_Id=membrane fusion protein (mtrC) {Haemophilus influenzae};Orf_Size=701;Prot_Size(est)=25740.0
.,forsyth,gene,HP0607,643460,646543,acriflavine resistance protein (acrB) {Haemophilus influenzae},3083,113080,.,+,.,gene=HP0607;Putative_Id=acriflavine resistance protein (acrB) {Haemophilus influenzae};Orf_Size=3083;Prot_Size(est)=113080.0
.,forsyth,gene,HP0608,646630,647109,hypothetical protein,479,17600,.,+,.,gene=HP0608;Putative_Id=hypothetical protein;Orf_Size=479;Prot_Size(est)=17600.0
.,forsyth,gene,HP0609,647257,650970,hypothetical protein,3713,136180,.,+,.,gene=HP0609;Putative_Id=hypothetical protein;Orf_Size=3713;Prot_Size(est)=136180.0
.,forsyth,gene,HP0610,650987,656815,toxin-like outer membrane protein {Helicobacter pylori},5828,213730,.,+,.,gene=HP0610;Putative_Id=toxin-like outer membrane protein {Helicobacter pylori};Orf_Size=5828;Prot_Size(est)=213730.0
.,forsyth,gene,HP0611,656881,657378,hypothetical protein,497,18260,.,-,.,gene=HP0611;Putative_Id=hypothetical protein;Orf_Size=497;Prot_Size(est)=18260.0
.,forsyth,gene,HP0612,657398,657634,hypothetical protein,236,8690,.,-,.,gene=HP0612;Putative_Id=hypothetical protein;Orf_Size=236;Prot_Size(est)=8690.0
.,forsyth,gene,HP0613,657637,658335,"ABC transporter, ATP-binding protein {Lactococcus lactis}",698,25630,.,-,.,"gene=HP0613;Putative_Id=ABC transporter, ATP-binding protein {Lactococcus lactis};Orf_Size=698;Prot_Size(est)=25630.0"
.,forsyth,gene,HP0614,658633,658965,hypothetical protein,332,12210,.,-,.,gene=HP0614;Putative_Id=hypothetical protein;Orf_Size=332;Prot_Size(est)=12210.0
.,forsyth,gene,HP0615,659072,661039,DNA ligase (lig) {Haemophilus influenzae},1967,72160,.,-,.,gene=HP0615;Putative_Id=DNA ligase (lig) {Haemophilus influenzae};Orf_Size=1967;Prot_Size(est)=72160.0
.,forsyth,gene,HP0616,661117,662055,chemotaxis protein (cheV) {Bacillus subtilis},938,34430,.,+,.,gene=HP0616;Putative_Id=chemotaxis protein (cheV) {Bacillus subtilis};Orf_Size=938;Prot_Size(est)=34430.0
.,forsyth,gene,HP0617,662093,663823,aspartyl-tRNA synthetase (aspS) {Escherichia coli},1730,63470,.,+,.,gene=HP0617;Putative_Id=aspartyl-tRNA synthetase (aspS) {Escherichia coli};Orf_Size=1730;Prot_Size(est)=63470.0
.,forsyth,gene,HP0618,663843,664415,adenylate kinase (adk) {Bacillus stearothermophilus},572,21010,.,+,.,gene=HP0618;Putative_Id=adenylate kinase (adk) {Bacillus stearothermophilus};Orf_Size=572;Prot_Size(est)=21010.0
.,forsyth,gene,HP0619,664443,665692,lipopolysacharide biosynthesis glycosyl transferase (lic2B) {Haemophilus influenzae},1249,45833.33333,.,+,.,gene=HP0619;Putative_Id=lipopolysacharide biosynthesis glycosyl transferase (lic2B) {Haemophilus influenzae};Orf_Size=1249;Prot_Size(est)=45833.333333333336
.,forsyth,gene,HP0620,665747,666265,inorganic pyrophosphatase (ppa) {Escherichia coli},518,19030,.,+,.,gene=HP0620;Putative_Id=inorganic pyrophosphatase (ppa) {Escherichia coli};Orf_Size=518;Prot_Size(est)=19030.0
.,forsyth,gene,HP0621,666413,668698,DNA mismatch repair protein (MutS) {Synechocystis sp.},2285,83820,.,-,.,gene=HP0621;Putative_Id=DNA mismatch repair protein (MutS) {Synechocystis sp.};Orf_Size=2285;Prot_Size(est)=83820.0
.,forsyth,gene,HP0622,668662,669021,hypothetical protein,359,13200,.,-,.,gene=HP0622;Putative_Id=hypothetical protein;Orf_Size=359;Prot_Size(est)=13200.0
.,forsyth,gene,HP0623,669024,670370,UDP-N-acetylmuramate-alanine ligase (murC) {Haemophilus influenzae},1346,49390,.,-,.,gene=HP0623;Putative_Id=UDP-N-acetylmuramate-alanine ligase (murC) {Haemophilus influenzae};Orf_Size=1346;Prot_Size(est)=49390.0
.,forsyth,gene,HP0624,670366,671490,solute-binding signature and mitochondrial signature protein (aspB) {Bacillus subtilus},1124,41250,.,-,.,gene=HP0624;Putative_Id=solute-binding signature and mitochondrial signature protein (aspB) {Bacillus subtilus};Orf_Size=1124;Prot_Size(est)=41250.0
.,forsyth,gene,HP0625,671610,672686,protein E (gcpE) {Haemophilus influenzae},1076,39490,.,+,.,gene=HP0625;Putative_Id=protein E (gcpE) {Haemophilus influenzae};Orf_Size=1076;Prot_Size(est)=39490.0
.,forsyth,gene,HP0626,672692,673894,tetrahydrodipicolinate N-succinyltransferase (dapD) {Actinobacillus pleuropneumoniae},1202,44110,.,+,.,gene=HP0626;Putative_Id=tetrahydrodipicolinate N-succinyltransferase (dapD) {Actinobacillus pleuropneumoniae};Orf_Size=1202;Prot_Size(est)=44110.0
.,forsyth,gene,HP0627,673909,674238,hypothetical protein,329,12100,.,+,.,gene=HP0627;Putative_Id=hypothetical protein;Orf_Size=329;Prot_Size(est)=12100.0
.,forsyth,gene,HP0628,674290,674964,hypothetical protein,674,24750,.,+,.,gene=HP0628;Putative_Id=hypothetical protein;Orf_Size=674;Prot_Size(est)=24750.0
.,forsyth,gene,HP0629,675124,677166,hypothetical protein,2042,74910,.,+,.,gene=HP0629;Putative_Id=hypothetical protein;Orf_Size=2042;Prot_Size(est)=74910.0
.,forsyth,gene,HP0630,677217,677798,modulator of drug activity (mda66) {Haemophilus influenzae},581,21340,.,-,.,gene=HP0630;Putative_Id=modulator of drug activity (mda66) {Haemophilus influenzae};Orf_Size=581;Prot_Size(est)=21340.0
.,forsyth,gene,HP0631,677958,679109,"quinone-reactive Ni/Fe hydrogenase, small subunit (hydA) {Wolinella succinogenes}",1151,42240,.,+,.,"gene=HP0631;Putative_Id=quinone-reactive Ni/Fe hydrogenase, small subunit (hydA) {Wolinella succinogenes};Orf_Size=1151;Prot_Size(est)=42240.0"
.,forsyth,gene,HP0632,679122,680855,"quinone-reactive Ni/Fe hydrogenase, large subunit (hydB) {Wolinella succinogenes}",1733,63580,.,+,.,"gene=HP0632;Putative_Id=quinone-reactive Ni/Fe hydrogenase, large subunit (hydB) {Wolinella succinogenes};Orf_Size=1733;Prot_Size(est)=63580.0"
.,forsyth,gene,HP0633,680871,681542,"quinone-reactive Ni/Fe hydrogenase, cytochrome b subunit (hydC) {Wolinella succinogenes}",671,24640,.,+,.,"gene=HP0633;Putative_Id=quinone-reactive Ni/Fe hydrogenase, cytochrome b subunit (hydC) {Wolinella succinogenes};Orf_Size=671;Prot_Size(est)=24640.0"
.,forsyth,gene,HP0634,681542,682075,quinone-reactive Ni/Fe hydrogenase (hydD) {Wolinella succinogenes},533,19580,.,+,.,gene=HP0634;Putative_Id=quinone-reactive Ni/Fe hydrogenase (hydD) {Wolinella succinogenes};Orf_Size=533;Prot_Size(est)=19580.0
.,forsyth,gene,HP0635,682080,683615,hypothetical protein,1535,56320,.,+,.,gene=HP0635;Putative_Id=hypothetical protein;Orf_Size=1535;Prot_Size(est)=56320.0
.,forsyth,gene,HP0636,683742,684017,hypothetical protein,275,10120,.,-,.,gene=HP0636;Putative_Id=hypothetical protein;Orf_Size=275;Prot_Size(est)=10120.0
.,forsyth,gene,HP0637,684149,684598,hypothetical protein,449,16500,.,-,.,gene=HP0637;Putative_Id=hypothetical protein;Orf_Size=449;Prot_Size(est)=16500.0
.,forsyth,gene,HP0638,684774,685688,outer membrane protein (omp13),914,33550,.,+,.,gene=HP0638;Putative_Id=outer membrane protein (omp13);Orf_Size=914;Prot_Size(est)=33550.0
.,forsyth,gene,HP0639,685737,686414,conserved hypothetical protein {Haemophilus influenzae},677,24860,.,-,.,gene=HP0639;Putative_Id=conserved hypothetical protein {Haemophilus influenzae};Orf_Size=677;Prot_Size(est)=24860.0
.,forsyth,gene,HP0640,686477,687682,poly(A) polymerase (papS) {Bacillus subtilis},1205,44220,.,+,.,gene=HP0640;Putative_Id=poly(A) polymerase (papS) {Bacillus subtilis};Orf_Size=1205;Prot_Size(est)=44220.0
.,forsyth,gene,HP0641,687699,687923,hypothetical protein,224,8250,.,+,.,gene=HP0641;Putative_Id=hypothetical protein;Orf_Size=224;Prot_Size(est)=8250.0
.,forsyth,gene,HP0642,687928,688578,NAD(P)H-flavin oxidoreductase {Haemophilus influenzae},650,23870,.,+,.,gene=HP0642;Putative_Id=NAD(P)H-flavin oxidoreductase {Haemophilus influenzae};Orf_Size=650;Prot_Size(est)=23870.0
.,forsyth,gene,HP0643,688746,690062,glutamyl-tRNA synthetase (gltX) {Bacillus subtilis},1316,48290,.,+,.,gene=HP0643;Putative_Id=glutamyl-tRNA synthetase (gltX) {Bacillus subtilis};Orf_Size=1316;Prot_Size(est)=48290.0
.,forsyth,gene,HP0644,690062,690352,conserved hypothetical integral membrane protein {Pseudomonas aeruginosa},290,10670,.,+,.,gene=HP0644;Putative_Id=conserved hypothetical integral membrane protein {Pseudomonas aeruginosa};Orf_Size=290;Prot_Size(est)=10670.0
.,forsyth,gene,HP0645,690364,692043,soluble lytic murein transglycosylase (slt) {Escherichia coli},1679,61600,.,+,.,gene=HP0645;Putative_Id=soluble lytic murein transglycosylase (slt) {Escherichia coli};Orf_Size=1679;Prot_Size(est)=61600.0
.,forsyth,gene,HP0646,692043,692861,UDP-glucose pyrophosphorylase (galU) {Pseudomonas aeruginosa},818,30030,.,+,.,gene=HP0646;Putative_Id=UDP-glucose pyrophosphorylase (galU) {Pseudomonas aeruginosa};Orf_Size=818;Prot_Size(est)=30030.0
.,forsyth,gene,HP0647,692876,693280,hypothetical protein,404,14850,.,+,.,gene=HP0647;Putative_Id=hypothetical protein;Orf_Size=404;Prot_Size(est)=14850.0
.,forsyth,gene,HP0648,693286,694551,UDP-N-acetylglucosamine enolpyruvyl transferase (murZ) {Haemophilus influenzae},1265,46420,.,+,.,gene=HP0648;Putative_Id=UDP-N-acetylglucosamine enolpyruvyl transferase (murZ) {Haemophilus influenzae};Orf_Size=1265;Prot_Size(est)=46420.0
.,forsyth,gene,HP0649,694612,696015,aspartate ammonia-lyase (aspA) {Escherichia coli},1403,51480,.,+,.,gene=HP0649;Putative_Id=aspartate ammonia-lyase (aspA) {Escherichia coli};Orf_Size=1403;Prot_Size(est)=51480.0
.,forsyth,gene,HP0650,696063,696650,hypothetical protein,587,21560,.,+,.,gene=HP0650;Putative_Id=hypothetical protein;Orf_Size=587;Prot_Size(est)=21560.0
.,forsyth,gene,HP0651,696665,698092,fucosyltransferase {Homo sapiens},1427,52360,.,-,.,gene=HP0651;Putative_Id=fucosyltransferase {Homo sapiens};Orf_Size=1427;Prot_Size(est)=52360.0
.,forsyth,gene,HP0652,698135,698755,phosphoserine phosphatase (serB) {Escherichia coli},620,22770,.,-,.,gene=HP0652;Putative_Id=phosphoserine phosphatase (serB) {Escherichia coli};Orf_Size=620;Prot_Size(est)=22770.0
.,forsyth,gene,HP0653,698773,699273,nonheme iron-containing ferritin (pfr) {Helicobacter pylori},500,18370,.,-,.,gene=HP0653;Putative_Id=nonheme iron-containing ferritin (pfr) {Helicobacter pylori};Orf_Size=500;Prot_Size(est)=18370.0
.,forsyth,gene,HP0654,699570,700649,conserved hypothetical protein {Methanococcus jannaschii},1079,39600,.,+,.,gene=HP0654;Putative_Id=conserved hypothetical protein {Methanococcus jannaschii};Orf_Size=1079;Prot_Size(est)=39600.0
.,forsyth,gene,HP0655,700735,703482,protective surface antigen D15 {Haemophilus influenzae},2747,100760,.,+,.,gene=HP0655;Putative_Id=protective surface antigen D15 {Haemophilus influenzae};Orf_Size=2747;Prot_Size(est)=100760.0
.,forsyth,gene,HP0656,703397,704545,conserved hypothetical protein {Methanococcus jannaschii},1148,42130,.,+,.,gene=HP0656;Putative_Id=conserved hypothetical protein {Methanococcus jannaschii};Orf_Size=1148;Prot_Size(est)=42130.0
.,forsyth,gene,HP0657,704554,705849,processing protease (ymxG) {Bacillus subtilis},1295,47520,.,+,.,gene=HP0657;Putative_Id=processing protease (ymxG) {Bacillus subtilis};Orf_Size=1295;Prot_Size(est)=47520.0
.,forsyth,gene,HP0658,705849,707273,PET112-like protein {Bacillus subtilis},1424,52250,.,+,.,gene=HP0658;Putative_Id=PET112-like protein {Bacillus subtilis};Orf_Size=1424;Prot_Size(est)=52250.0
.,forsyth,gene,HP0659,707276,708517,hypothetical protein,1241,45540,.,+,.,gene=HP0659;Putative_Id=hypothetical protein;Orf_Size=1241;Prot_Size(est)=45540.0
.,forsyth,gene,HP0660,708530,709543,hypothetical protein,1013,37180,.,+,.,gene=HP0660;Putative_Id=hypothetical protein;Orf_Size=1013;Prot_Size(est)=37180.0
.,forsyth,gene,HP0661,709533,709961,ribonuclease H (rnhA) {Haemophilus influenzae},428,15730,.,+,.,gene=HP0661;Putative_Id=ribonuclease H (rnhA) {Haemophilus influenzae};Orf_Size=428;Prot_Size(est)=15730.0
.,forsyth,gene,HP0662,709973,710692,ribonuclease III (rnc) {Escherichia coli},719,26400,.,+,.,gene=HP0662;Putative_Id=ribonuclease III (rnc) {Escherichia coli};Orf_Size=719;Prot_Size(est)=26400.0
.,forsyth,gene,HP0663,710692,711786,chorismate synthase (aroC) {Haemophilus influenzae},1094,40150,.,+,.,gene=HP0663;Putative_Id=chorismate synthase (aroC) {Haemophilus influenzae};Orf_Size=1094;Prot_Size(est)=40150.0
.,forsyth,gene,HP0664,711827,712339,hypothetical protein,512,18810,.,+,.,gene=HP0664;Putative_Id=hypothetical protein;Orf_Size=512;Prot_Size(est)=18810.0
.,forsyth,gene,HP0665,712342,713712,oxygen-independent coproporphyrinogen III oxidase (hemN) {Salmonella choleraesuis},1370,50270,.,+,.,gene=HP0665;Putative_Id=oxygen-independent coproporphyrinogen III oxidase (hemN) {Salmonella choleraesuis};Orf_Size=1370;Prot_Size(est)=50270.0
.,forsyth,gene,HP0666,713712,715010,"anaerobic glycerol-3-phosphate dehydrogenase, subunit C (glpC) {Escherichia coli}",1298,47630,.,+,.,"gene=HP0666;Putative_Id=anaerobic glycerol-3-phosphate dehydrogenase, subunit C (glpC) {Escherichia coli};Orf_Size=1298;Prot_Size(est)=47630.0"
.,forsyth,gene,HP0667,715089,715343,hypothetical protein,254,9350,.,+,.,gene=HP0667;Putative_Id=hypothetical protein;Orf_Size=254;Prot_Size(est)=9350.0
.,forsyth,gene,HP0668,715321,717141,hypothetical protein,1820,66770,.,+,.,gene=HP0668;Putative_Id=hypothetical protein;Orf_Size=1820;Prot_Size(est)=66770.0
.,forsyth,gene,HP0669,717059,719857,hypothetical protein,2798,102630,.,+,.,gene=HP0669;Putative_Id=hypothetical protein;Orf_Size=2798;Prot_Size(est)=102630.0
.,forsyth,gene,HP0670,719857,721203,hypothetical protein,1346,49390,.,+,.,gene=HP0670;Putative_Id=hypothetical protein;Orf_Size=1346;Prot_Size(est)=49390.0
.,forsyth,gene,HP0671,721328,722137,outer membrane protein (omp14),809,29700,.,+,.,gene=HP0671;Putative_Id=outer membrane protein (omp14);Orf_Size=809;Prot_Size(est)=29700.0
.,forsyth,gene,HP0672,722299,723468,solute-binding signature and mitochondrial signature protein (aspB) {Bacillus subtilus},1169,42900,.,+,.,gene=HP0672;Putative_Id=solute-binding signature and mitochondrial signature protein (aspB) {Bacillus subtilus};Orf_Size=1169;Prot_Size(est)=42900.0
.,forsyth,gene,HP0673,723553,724830,hypothetical protein,1277,46860,.,+,.,gene=HP0673;Putative_Id=hypothetical protein;Orf_Size=1277;Prot_Size(est)=46860.0
.,forsyth,gene,HP0674,724805,725488,hypothetical protein,683,25080,.,+,.,gene=HP0674;Putative_Id=hypothetical protein;Orf_Size=683;Prot_Size(est)=25080.0
.,forsyth,gene,HP0675,725498,726583,integrase/recombinase (xerC) {Escherichia coli},1085,39820,.,+,.,gene=HP0675;Putative_Id=integrase/recombinase (xerC) {Escherichia coli};Orf_Size=1085;Prot_Size(est)=39820.0
.,forsyth,gene,HP0676,726651,727154,methylated-DNA--protein-cysteine methyltransferase (dat1) {Haemophilus influenzae},503,18480,.,-,.,gene=HP0676;Putative_Id=methylated-DNA--protein-cysteine methyltransferase (dat1) {Haemophilus influenzae};Orf_Size=503;Prot_Size(est)=18480.0
.,forsyth,gene,HP0677,727161,727925,conserved hypothetical integral membrane protein {Methanococcus jannaschii},764,28050,.,-,.,gene=HP0677;Putative_Id=conserved hypothetical integral membrane protein {Methanococcus jannaschii};Orf_Size=764;Prot_Size(est)=28050.0
.,forsyth,gene,HP0678,728042,728149,hypothetical protein,107,3960,.,-,.,gene=HP0678;Putative_Id=hypothetical protein;Orf_Size=107;Prot_Size(est)=3960.0
.,forsyth,gene,HP0679,728121,728987,lipopolysaccharide biosynthesis protein (wbpB) {Pseudomonas aeruginosa},866,31790,.,-,.,gene=HP0679;Putative_Id=lipopolysaccharide biosynthesis protein (wbpB) {Pseudomonas aeruginosa};Orf_Size=866;Prot_Size(est)=31790.0
.,forsyth,gene,HP0680,729052,731415,ribonucleoside-diphosphate reductase 1 alpha subunit (nrdA) {Escherichia coli},2363,86680,.,-,.,gene=HP0680;Putative_Id=ribonucleoside-diphosphate reductase 1 alpha subunit (nrdA) {Escherichia coli};Orf_Size=2363;Prot_Size(est)=86680.0
.,forsyth,gene,HP0681,731590,732093,hypothetical protein,503,18480,.,-,.,gene=HP0681;Putative_Id=hypothetical protein;Orf_Size=503;Prot_Size(est)=18480.0
.,forsyth,gene,HP0682,732136,732513,hypothetical protein,377,13860,.,-,.,gene=HP0682;Putative_Id=hypothetical protein;Orf_Size=377;Prot_Size(est)=13860.0
.,forsyth,gene,HP0683,732670,733968,UDP-N-acetylglucosamine pyrophosphorylase (glmU) {Escherichia coli},1298,47630,.,-,.,gene=HP0683;Putative_Id=UDP-N-acetylglucosamine pyrophosphorylase (glmU) {Escherichia coli};Orf_Size=1298;Prot_Size(est)=47630.0
.,forsyth,gene,HP0684,734056,734370,flagellar biosynthesis protein (fliP) {Bacillus subtilis},314,11550,.,+,.,gene=HP0684;Putative_Id=flagellar biosynthesis protein (fliP) {Bacillus subtilis};Orf_Size=314;Prot_Size(est)=11550.0
.,forsyth,gene,HP0685,734285,734800,flagellar biosynthetic protein (fliP) {Bacillus subtilis},515,18920,.,+,.,gene=HP0685;Putative_Id=flagellar biosynthetic protein (fliP) {Bacillus subtilis};Orf_Size=515;Prot_Size(est)=18920.0
.,forsyth,gene,HP0686,734846,737146,iron(III) dicitrate transport protein (fecA) {Escherichia coli},2300,84370,.,-,.,gene=HP0686;Putative_Id=iron(III) dicitrate transport protein (fecA) {Escherichia coli};Orf_Size=2300;Prot_Size(est)=84370.0
.,forsyth,gene,HP0687,737397,739322,iron(II) transport protein (feoB)  {Escherichia coli},1925,70620,.,-,.,gene=HP0687;Putative_Id=iron(II) transport protein (feoB)  {Escherichia coli};Orf_Size=1925;Prot_Size(est)=70620.0
.,forsyth,gene,HP0688,739466,739963,hypothetical protein,497,18260,.,+,.,gene=HP0688;Putative_Id=hypothetical protein;Orf_Size=497;Prot_Size(est)=18260.0
.,forsyth,gene,HP0689,739987,740274,hypothetical protein,287,10560,.,+,.,gene=HP0689;Putative_Id=hypothetical protein;Orf_Size=287;Prot_Size(est)=10560.0
.,forsyth,gene,HP0690,740559,741731,acetyl coenzyme A acetyltransferase (thiolase) (fadA) {Haemophilus influenzae},1172,43010,.,+,.,gene=HP0690;Putative_Id=acetyl coenzyme A acetyltransferase (thiolase) (fadA) {Haemophilus influenzae};Orf_Size=1172;Prot_Size(est)=43010.0
.,forsyth,gene,HP0691,741745,742440,3-oxoadipate coA-transferase subunit A (yxjD) {Bacillus subtilis},695,25520,.,+,.,gene=HP0691;Putative_Id=3-oxoadipate coA-transferase subunit A (yxjD) {Bacillus subtilis};Orf_Size=695;Prot_Size(est)=25520.0
.,forsyth,gene,HP0692,742440,743060,3-oxoadipate coA-transferase subunit B (yxjE) {Bacillus subtilis},620,22770,.,+,.,gene=HP0692;Putative_Id=3-oxoadipate coA-transferase subunit B (yxjE) {Bacillus subtilis};Orf_Size=620;Prot_Size(est)=22770.0
.,forsyth,gene,HP0693,743083,744444,conserved hypothetical integral membrane protein {Haemophilus influenzae},1361,49940,.,+,.,gene=HP0693;Putative_Id=conserved hypothetical integral membrane protein {Haemophilus influenzae};Orf_Size=1361;Prot_Size(est)=49940.0
.,forsyth,gene,HP0694,744572,745342,hypothetical protein,770,28270,.,+,.,gene=HP0694;Putative_Id=hypothetical protein;Orf_Size=770;Prot_Size(est)=28270.0
.,forsyth,gene,HP0695,745801,747939,hydantoin utilization protein A (hyuA) {Pseudomonas sp.},2138,78430,.,+,.,gene=HP0695;Putative_Id=hydantoin utilization protein A (hyuA) {Pseudomonas sp.};Orf_Size=2138;Prot_Size(est)=78430.0
.,forsyth,gene,HP0696,747954,750248,N-methylhydantoinase {Methanococcus jannaschii},2294,84150,.,+,.,gene=HP0696;Putative_Id=N-methylhydantoinase {Methanococcus jannaschii};Orf_Size=2294;Prot_Size(est)=84150.0
.,forsyth,gene,HP0697,750262,750765,hypothetical protein,503,18480,.,+,.,gene=HP0697;Putative_Id=hypothetical protein;Orf_Size=503;Prot_Size(est)=18480.0
.,forsyth,gene,HP0698,750956,751042,hypothetical protein,86,3190,.,+,.,gene=HP0698;Putative_Id=hypothetical protein;Orf_Size=86;Prot_Size(est)=3190.0
.,forsyth,gene,HP0699,751085,752110,hypothetical protein,1025,37620,.,+,.,gene=HP0699;Putative_Id=hypothetical protein;Orf_Size=1025;Prot_Size(est)=37620.0
.,forsyth,gene,HP0700,752106,752489,diacylglycerol kinase (dgkA) {Escherichia coli},383,14080,.,+,.,gene=HP0700;Putative_Id=diacylglycerol kinase (dgkA) {Escherichia coli};Orf_Size=383;Prot_Size(est)=14080.0
.,forsyth,gene,HP0701,752512,754992,"DNA gyrase, sub A (gyrA) {Helicobacter pylori}",2480,90970,.,+,.,"gene=HP0701;Putative_Id=DNA gyrase, sub A (gyrA) {Helicobacter pylori};Orf_Size=2480;Prot_Size(est)=90970.0"
.,forsyth,gene,HP0702,754992,755465,hypothetical protein,473,17380,.,+,.,gene=HP0702;Putative_Id=hypothetical protein;Orf_Size=473;Prot_Size(est)=17380.0
.,forsyth,gene,HP0703,755465,756607,response regulator {Pseudomonas aeruginosa},1142,41910,.,+,.,gene=HP0703;Putative_Id=response regulator {Pseudomonas aeruginosa};Orf_Size=1142;Prot_Size(est)=41910.0
.,forsyth,gene,HP0704,757071,757178,hypothetical protein,107,3960,.,+,.,gene=HP0704;Putative_Id=hypothetical protein;Orf_Size=107;Prot_Size(est)=3960.0
.,forsyth,gene,HP0705,757285,760089,excinuclease ABC subunit A (uvrA) {Haemophilus influenzae},2804,102850,.,-,.,gene=HP0705;Putative_Id=excinuclease ABC subunit A (uvrA) {Haemophilus influenzae};Orf_Size=2804;Prot_Size(est)=102850.0
.,forsyth,gene,HP0706,760272,761090,outer membrane protein (omp15),818,30030,.,+,.,gene=HP0706;Putative_Id=outer membrane protein (omp15);Orf_Size=818;Prot_Size(est)=30030.0
.,forsyth,gene,HP0707,761272,762195,conserved hypothetical protein {Bacillus subtilis},923,33880,.,+,.,gene=HP0707;Putative_Id=conserved hypothetical protein {Bacillus subtilis};Orf_Size=923;Prot_Size(est)=33880.0
.,forsyth,gene,HP0708,762219,762560,hypothetical protein,341,12540,.,+,.,gene=HP0708;Putative_Id=hypothetical protein;Orf_Size=341;Prot_Size(est)=12540.0
.,forsyth,gene,HP0709,762809,763708,conserved hypothetical protein {Methanococcus jannaschii},899,33000,.,+,.,gene=HP0709;Putative_Id=conserved hypothetical protein {Methanococcus jannaschii};Orf_Size=899;Prot_Size(est)=33000.0
.,forsyth,gene,HP0710,763982,765961,conserved hypothetical protein {Helicobacter pylori},1979,72600,.,+,.,gene=HP0710;Putative_Id=conserved hypothetical protein {Helicobacter pylori};Orf_Size=1979;Prot_Size(est)=72600.0
.,forsyth,gene,HP0711,766154,767371,hypothetical protein,1217,44660,.,+,.,gene=HP0711;Putative_Id=hypothetical protein;Orf_Size=1217;Prot_Size(est)=44660.0
.,forsyth,gene,HP0712,767374,767745,hypothetical protein,371,13640,.,+,.,gene=HP0712;Putative_Id=hypothetical protein;Orf_Size=371;Prot_Size(est)=13640.0
.,forsyth,gene,HP0713,767733,768074,conserved hypothetical protein (plasmid pHPM180) {Helicobacter pylori (plasmid pHPM180)},341,12540,.,+,.,gene=HP0713;Putative_Id=conserved hypothetical protein (plasmid pHPM180) {Helicobacter pylori (plasmid pHPM180)};Orf_Size=341;Prot_Size(est)=12540.0
.,forsyth,gene,HP0714,768092,769333,RNA polymerase sigma-54 factor (rpoN) {Bacillus subtilis},1241,45540,.,-,.,gene=HP0714;Putative_Id=RNA polymerase sigma-54 factor (rpoN) {Bacillus subtilis};Orf_Size=1241;Prot_Size(est)=45540.0
.,forsyth,gene,HP0715,769339,770058,"ABC transporter, ATP-binding protein {Rhizobium meliloti}",719,26400,.,-,.,"gene=HP0715;Putative_Id=ABC transporter, ATP-binding protein {Rhizobium meliloti};Orf_Size=719;Prot_Size(est)=26400.0"
.,forsyth,gene,HP0716,770074,770472,conserved hypothetical protein {Haemophilus influenzae},398,14630,.,-,.,gene=HP0716;Putative_Id=conserved hypothetical protein {Haemophilus influenzae};Orf_Size=398;Prot_Size(est)=14630.0
.,forsyth,gene,HP0717,770472,772205,DNA polymerase III gamma and tau subunits (dnaX) {Escherichia coli},1733,63580,.,-,.,gene=HP0717;Putative_Id=DNA polymerase III gamma and tau subunits (dnaX) {Escherichia coli};Orf_Size=1733;Prot_Size(est)=63580.0
.,forsyth,gene,HP0718,772277,772906,conserved hypothetical integral membrane protein {Aeromonas salmonicida},629,23100,.,-,.,gene=HP0718;Putative_Id=conserved hypothetical integral membrane protein {Aeromonas salmonicida};Orf_Size=629;Prot_Size(est)=23100.0
.,forsyth,gene,HP0719,773114,773440,hypothetical protein,326,11990,.,+,.,gene=HP0719;Putative_Id=hypothetical protein;Orf_Size=326;Prot_Size(est)=11990.0
.,forsyth,gene,HP0720,773436,773594,hypothetical protein,158,5830,.,+,.,gene=HP0720;Putative_Id=hypothetical protein;Orf_Size=158;Prot_Size(est)=5830.0
.,forsyth,gene,HP0721,773625,774080,hypothetical protein,455,16720,.,+,.,gene=HP0721;Putative_Id=hypothetical protein;Orf_Size=455;Prot_Size(est)=16720.0
.,forsyth,gene,HP0722,774515,776338,outer membrane protein (omp16),1823,66880,.,+,.,gene=HP0722;Putative_Id=outer membrane protein (omp16);Orf_Size=1823;Prot_Size(est)=66880.0
.,forsyth,gene,HP0723,776484,777473,L-asparaginase II (ansB) {Wolinella succinogenes},989,36300,.,-,.,gene=HP0723;Putative_Id=L-asparaginase II (ansB) {Wolinella succinogenes};Orf_Size=989;Prot_Size(est)=36300.0
.,forsyth,gene,HP0724,777602,778930,anaerobic C4-dicarboxylate transport protein (dcuA) {Escherichia coli},1328,48730,.,+,.,gene=HP0724;Putative_Id=anaerobic C4-dicarboxylate transport protein (dcuA) {Escherichia coli};Orf_Size=1328;Prot_Size(est)=48730.0
.,forsyth,gene,HP0725,779011,780897,outer membrane protein (omp17),1886,69190,.,-,.,gene=HP0725;Putative_Id=outer membrane protein (omp17);Orf_Size=1886;Prot_Size(est)=69190.0
.,forsyth,gene,HP0726,781187,782101,hypothetical protein,914,33550,.,-,.,gene=HP0726;Putative_Id=hypothetical protein;Orf_Size=914;Prot_Size(est)=33550.0
.,forsyth,gene,HP0727,782074,783057,"transcriptional regulator, putative {Haemophilus influenzae}",983,36080,.,-,.,"gene=HP0727;Putative_Id=transcriptional regulator, putative {Haemophilus influenzae};Orf_Size=983;Prot_Size(est)=36080.0"
.,forsyth,gene,HP0728,783154,784161,conserved hypothetical protein {Bacillus subtilis},1007,36960,.,-,.,gene=HP0728;Putative_Id=conserved hypothetical protein {Bacillus subtilis};Orf_Size=1007;Prot_Size(est)=36960.0
.,forsyth,gene,HP0729,784206,785270,hypothetical protein,1064,39050,.,-,.,gene=HP0729;Putative_Id=hypothetical protein;Orf_Size=1064;Prot_Size(est)=39050.0
.,forsyth,gene,HP0730,785282,785584,hypothetical protein,302,11110,.,-,.,gene=HP0730;Putative_Id=hypothetical protein;Orf_Size=302;Prot_Size(est)=11110.0
.,forsyth,gene,HP0731,785679,787397,hypothetical protein,1718,63030,.,-,.,gene=HP0731;Putative_Id=hypothetical protein;Orf_Size=1718;Prot_Size(est)=63030.0
.,forsyth,gene,HP0732,787390,787743,hypothetical protein,353,12980,.,-,.,gene=HP0732;Putative_Id=hypothetical protein;Orf_Size=353;Prot_Size(est)=12980.0
.,forsyth,gene,HP0733,787695,789257,hypothetical protein,1562,57310,.,-,.,gene=HP0733;Putative_Id=hypothetical protein;Orf_Size=1562;Prot_Size(est)=57310.0
.,forsyth,gene,HP0734,789380,790696,conserved hypothetical protein {Bacillus subtilis},1316,48290,.,-,.,gene=HP0734;Putative_Id=conserved hypothetical protein {Bacillus subtilis};Orf_Size=1316;Prot_Size(est)=48290.0
.,forsyth,gene,HP0735,790701,791159,xanthine guanine phosphoribosyl transferase (gpt) {Haemophilus influenzae},458,16830,.,-,.,gene=HP0735;Putative_Id=xanthine guanine phosphoribosyl transferase (gpt) {Haemophilus influenzae};Orf_Size=458;Prot_Size(est)=16830.0
.,forsyth,gene,HP0736,791171,792277,phosphoserine aminotransferase (serC) {Methanococcus jannaschii},1106,40590,.,-,.,gene=HP0736;Putative_Id=phosphoserine aminotransferase (serC) {Methanococcus jannaschii};Orf_Size=1106;Prot_Size(est)=40590.0
.,forsyth,gene,HP0737,792424,792897,conserved hypothetical integral membrane protein {Haemophilus influenzae},473,17380,.,+,.,gene=HP0737;Putative_Id=conserved hypothetical integral membrane protein {Haemophilus influenzae};Orf_Size=473;Prot_Size(est)=17380.0
.,forsyth,gene,HP0738,792978,794018,D-alanine:D-alanine ligase A (ddlA) {Escherichia coli},1040,38170,.,+,.,gene=HP0738;Putative_Id=D-alanine:D-alanine ligase A (ddlA) {Escherichia coli};Orf_Size=1040;Prot_Size(est)=38170.0
.,forsyth,gene,HP0739,794021,794743,"2-hydroxy-6-oxohepta-2,4-dienoate hydrolase {Synechocystis sp.}",722,26510,.,+,.,"gene=HP0739;Putative_Id=2-hydroxy-6-oxohepta-2,4-dienoate hydrolase {Synechocystis sp.};Orf_Size=722;Prot_Size(est)=26510.0"
.,forsyth,gene,HP0740,794733,796211,UDP-MurNac-pentapeptide presynthetase (murF) {Borrelia burgdorferi},1478,54230,.,+,.,gene=HP0740;Putative_Id=UDP-MurNac-pentapeptide presynthetase (murF) {Borrelia burgdorferi};Orf_Size=1478;Prot_Size(est)=54230.0
.,forsyth,gene,HP0741,796224,796706,conserved hypothetical protein {Methanococcus jannaschii},482,17710,.,+,.,gene=HP0741;Putative_Id=conserved hypothetical protein {Methanococcus jannaschii};Orf_Size=482;Prot_Size(est)=17710.0
.,forsyth,gene,HP0742,796774,797727,phosphoribosylpyrophosphate synthetase (prsA) {Haemophilus influenzae},953,34980,.,+,.,gene=HP0742;Putative_Id=phosphoribosylpyrophosphate synthetase (prsA) {Haemophilus influenzae};Orf_Size=953;Prot_Size(est)=34980.0
.,forsyth,gene,HP0743,797794,798936,rod shape-determining protein (mreB) {Escherichia coli},1142,41910,.,-,.,gene=HP0743;Putative_Id=rod shape-determining protein (mreB) {Escherichia coli};Orf_Size=1142;Prot_Size(est)=41910.0
.,forsyth,gene,HP0744,798962,800178,hypothetical protein,1216,44623.33333,.,-,.,gene=HP0744;Putative_Id=hypothetical protein;Orf_Size=1216;Prot_Size(est)=44623.333333333336
.,forsyth,gene,HP0745,800330,801310,conserved hypothetical protein {Mycoplasma genitalium},980,35970,.,+,.,gene=HP0745;Putative_Id=conserved hypothetical protein {Mycoplasma genitalium};Orf_Size=980;Prot_Size(est)=35970.0
.,forsyth,gene,HP0746,801264,802520,hypothetical protein,1256,46090,.,+,.,gene=HP0746;Putative_Id=hypothetical protein;Orf_Size=1256;Prot_Size(est)=46090.0
.,forsyth,gene,HP0747,802534,803712,conserved hypothetical protein {Haemophilus influenzae},1178,43230,.,+,.,gene=HP0747;Putative_Id=conserved hypothetical protein {Haemophilus influenzae};Orf_Size=1178;Prot_Size(est)=43230.0
.,forsyth,gene,HP0748,803712,804380,cell division protein (ftsE) {Haemophilus influenzae},668,24530,.,+,.,gene=HP0748;Putative_Id=cell division protein (ftsE) {Haemophilus influenzae};Orf_Size=668;Prot_Size(est)=24530.0
.,forsyth,gene,HP0749,804370,805173,cell division membrane protein (ftsX) {Haemophilus influenzae},803,29480,.,+,.,gene=HP0749;Putative_Id=cell division membrane protein (ftsX) {Haemophilus influenzae};Orf_Size=803;Prot_Size(est)=29480.0
.,forsyth,gene,HP0750,805169,806368,hypothetical protein,1199,44000,.,+,.,gene=HP0750;Putative_Id=hypothetical protein;Orf_Size=1199;Prot_Size(est)=44000.0
.,forsyth,gene,HP0751,806464,806820,polar flagellin (flaG) {Vibrio parahaemolyticus},356,13090,.,+,.,gene=HP0751;Putative_Id=polar flagellin (flaG) {Vibrio parahaemolyticus};Orf_Size=356;Prot_Size(est)=13090.0
.,forsyth,gene,HP0752,806840,808861,flagellar hook-associated protein 2 (fliD) {Salmonella choleraesuis},2021,74140,.,+,.,gene=HP0752;Putative_Id=flagellar hook-associated protein 2 (fliD) {Salmonella choleraesuis};Orf_Size=2021;Prot_Size(est)=74140.0
.,forsyth,gene,HP0753,808936,809313,flagellar protein (fliS) {Bacillus subtilis},377,13860,.,+,.,gene=HP0753;Putative_Id=flagellar protein (fliS) {Bacillus subtilis};Orf_Size=377;Prot_Size(est)=13860.0
.,forsyth,gene,HP0754,809303,809539,hypothetical protein,236,8690,.,+,.,gene=HP0754;Putative_Id=hypothetical protein;Orf_Size=236;Prot_Size(est)=8690.0
.,forsyth,gene,HP0755,809635,810264,molybdopterin biosynthesis protein (moeB) {Haemophilus influenzae},629,23100,.,+,.,gene=HP0755;Putative_Id=molybdopterin biosynthesis protein (moeB) {Haemophilus influenzae};Orf_Size=629;Prot_Size(est)=23100.0
.,forsyth,gene,HP0756,810269,810412,hypothetical protein,143,5280,.,+,.,gene=HP0756;Putative_Id=hypothetical protein;Orf_Size=143;Prot_Size(est)=5280.0
.,forsyth,gene,HP0757,810419,811294,beta-alanine synthetase homolog {Paramecium bursaria Chlorella virus 1},875,32120,.,+,.,gene=HP0757;Putative_Id=beta-alanine synthetase homolog {Paramecium bursaria Chlorella virus 1};Orf_Size=875;Prot_Size(est)=32120.0
.,forsyth,gene,HP0758,811424,812734,conserved hypothetical integral membrane protein {Haemophilus influenzae},1310,48070,.,+,.,gene=HP0758;Putative_Id=conserved hypothetical integral membrane protein {Haemophilus influenzae};Orf_Size=1310;Prot_Size(est)=48070.0
.,forsyth,gene,HP0759,812800,814050,conserved hypothetical integral membrane protein {Pyrococcus sp.},1250,45870,.,+,.,gene=HP0759;Putative_Id=conserved hypothetical integral membrane protein {Pyrococcus sp.};Orf_Size=1250;Prot_Size(est)=45870.0
.,forsyth,gene,HP0760,814057,815442,conserved hypothetical protein {Mycoplasma mycoides},1385,50820,.,-,.,gene=HP0760;Putative_Id=conserved hypothetical protein {Mycoplasma mycoides};Orf_Size=1385;Prot_Size(est)=50820.0
.,forsyth,gene,HP0761,815548,816147,hypothetical protein,599,22000,.,-,.,gene=HP0761;Putative_Id=hypothetical protein;Orf_Size=599;Prot_Size(est)=22000.0
.,forsyth,gene,HP0762,816317,816871,hypothetical protein,554,20350,.,+,.,gene=HP0762;Putative_Id=hypothetical protein;Orf_Size=554;Prot_Size(est)=20350.0
.,forsyth,gene,HP0763,816883,817761,cell division protein (ftsY) {Haemophilus influenzae},878,32230,.,+,.,gene=HP0763;Putative_Id=cell division protein (ftsY) {Haemophilus influenzae};Orf_Size=878;Prot_Size(est)=32230.0
.,forsyth,gene,HP0764,817776,819059,hypothetical protein,1283,47080,.,-,.,gene=HP0764;Putative_Id=hypothetical protein;Orf_Size=1283;Prot_Size(est)=47080.0
.,forsyth,gene,HP0765,819073,819378,hypothetical protein,305,11220,.,-,.,gene=HP0765;Putative_Id=hypothetical protein;Orf_Size=305;Prot_Size(est)=11220.0
.,forsyth,gene,HP0766,819392,820213,hypothetical protein,821,30140,.,-,.,gene=HP0766;Putative_Id=hypothetical protein;Orf_Size=821;Prot_Size(est)=30140.0
.,forsyth,gene,HP0767,820302,820373,hypothetical protein,71,2640,.,-,.,gene=HP0767;Putative_Id=hypothetical protein;Orf_Size=71;Prot_Size(est)=2640.0
.,forsyth,gene,HP0768,820480,821442,molybdenum cofactor biosynthesis protein A (moaA) {Haemophilus influenzae},962,35310,.,-,.,gene=HP0768;Putative_Id=molybdenum cofactor biosynthesis protein A (moaA) {Haemophilus influenzae};Orf_Size=962;Prot_Size(est)=35310.0
.,forsyth,gene,HP0769,821530,822132,molybdopterin-guanine dinucleotide biosynthesis protein A (mobA) {Haemophilus influenzae},602,22110,.,+,.,gene=HP0769;Putative_Id=molybdopterin-guanine dinucleotide biosynthesis protein A (mobA) {Haemophilus influenzae};Orf_Size=602;Prot_Size(est)=22110.0
.,forsyth,gene,HP0770,822128,823201,flagellar biosynthetic protein (flhB) {Bacillus subtilis},1073,39380,.,+,.,gene=HP0770;Putative_Id=flagellar biosynthetic protein (flhB) {Bacillus subtilis};Orf_Size=1073;Prot_Size(est)=39380.0
.,forsyth,gene,HP0771,823280,824014,hypothetical protein,734,26950,.,-,.,gene=HP0771;Putative_Id=hypothetical protein;Orf_Size=734;Prot_Size(est)=26950.0
.,forsyth,gene,HP0772,824036,825355,N-acetylmuramoyl-L-alanine amidase (amiA) {Escherichia coli},1319,48400,.,-,.,gene=HP0772;Putative_Id=N-acetylmuramoyl-L-alanine amidase (amiA) {Escherichia coli};Orf_Size=1319;Prot_Size(est)=48400.0
.,forsyth,gene,HP0773,825365,826453,hypothetical protein,1088,39930,.,-,.,gene=HP0773;Putative_Id=hypothetical protein;Orf_Size=1088;Prot_Size(est)=39930.0
.,forsyth,gene,HP0774,826473,827678,tyrosyl-tRNA synthetase (tyrS) {Haemophilus influenzae},1205,44220,.,-,.,gene=HP0774;Putative_Id=tyrosyl-tRNA synthetase (tyrS) {Haemophilus influenzae};Orf_Size=1205;Prot_Size(est)=44220.0
.,forsyth,gene,HP0775,827705,830029,penta-phosphate guanosine-3'-pyrophosphohydrolase (spoT) {Escherichia coli},2324,85250,.,-,.,gene=HP0775;Putative_Id=penta-phosphate guanosine-3'-pyrophosphohydrolase (spoT) {Escherichia coli};Orf_Size=2324;Prot_Size(est)=85250.0
.,forsyth,gene,HP0776,830019,830270,hypothetical protein,251,9240,.,-,.,gene=HP0776;Putative_Id=hypothetical protein;Orf_Size=251;Prot_Size(est)=9240.0
.,forsyth,gene,HP0777,830285,831004,uridine 5'-monophosphate (UMP) kinase (pyrH) {Escherichia coli},719,26400,.,-,.,gene=HP0777;Putative_Id=uridine 5'-monophosphate (UMP) kinase (pyrH) {Escherichia coli};Orf_Size=719;Prot_Size(est)=26400.0
.,forsyth,gene,HP0778,831115,831795,hypothetical protein,680,24970,.,-,.,gene=HP0778;Putative_Id=hypothetical protein;Orf_Size=680;Prot_Size(est)=24970.0
.,forsyth,gene,HP0779,831923,834481,aconitase B (acnB) {Escherichia coli},2558,93830,.,+,.,gene=HP0779;Putative_Id=aconitase B (acnB) {Escherichia coli};Orf_Size=2558;Prot_Size(est)=93830.0
.,forsyth,gene,HP0780,834559,834828,hypothetical protein,269,9900,.,+,.,gene=HP0780;Putative_Id=hypothetical protein;Orf_Size=269;Prot_Size(est)=9900.0
.,forsyth,gene,HP0781,835102,836388,hypothetical protein,1286,47190,.,+,.,gene=HP0781;Putative_Id=hypothetical protein;Orf_Size=1286;Prot_Size(est)=47190.0
.,forsyth,gene,HP0782,836485,837849,hypothetical protein,1364,50050,.,+,.,gene=HP0782;Putative_Id=hypothetical protein;Orf_Size=1364;Prot_Size(est)=50050.0
.,forsyth,gene,HP0783,837862,838356,hypothetical protein,494,18150,.,-,.,gene=HP0783;Putative_Id=hypothetical protein;Orf_Size=494;Prot_Size(est)=18150.0
.,forsyth,gene,HP0784,838719,838850,hypothetical protein,131,4840,.,+,.,gene=HP0784;Putative_Id=hypothetical protein;Orf_Size=131;Prot_Size(est)=4840.0
.,forsyth,gene,HP0785,838881,839432,conserved hypothetical secreted protein {Coxiella burnetii},551,20240,.,-,.,gene=HP0785;Putative_Id=conserved hypothetical secreted protein {Coxiella burnetii};Orf_Size=551;Prot_Size(est)=20240.0
.,forsyth,gene,HP0786,839580,842174,preprotein translocase subunit (secA) {Haemophilus influenzae},2594,95150,.,+,.,gene=HP0786;Putative_Id=preprotein translocase subunit (secA) {Haemophilus influenzae};Orf_Size=2594;Prot_Size(est)=95150.0
.,forsyth,gene,HP0787,842167,843396,conserved hypothetical integral membrane protein {Haemophilus influenzae},1229,45100,.,+,.,gene=HP0787;Putative_Id=conserved hypothetical integral membrane protein {Haemophilus influenzae};Orf_Size=1229;Prot_Size(est)=45100.0
.,forsyth,gene,HP0788,843679,845175,hypothetical protein,1496,54890,.,+,.,gene=HP0788;Putative_Id=hypothetical protein;Orf_Size=1496;Prot_Size(est)=54890.0
.,forsyth,gene,HP0789,845260,845403,hypothetical protein,143,5280,.,-,.,gene=HP0789;Putative_Id=hypothetical protein;Orf_Size=143;Prot_Size(est)=5280.0
.,forsyth,gene,HP0790,845543,846835,anti-codon nuclease masking agent (prrB) {Escherichia coli},1292,47410,.,-,.,gene=HP0790;Putative_Id=anti-codon nuclease masking agent (prrB) {Escherichia coli};Orf_Size=1292;Prot_Size(est)=47410.0
.,forsyth,gene,HP0791,846880,848937,"cadmium-transporting ATPase, P-type (cadA) {Helicobacter pylori}",2057,75460,.,-,.,"gene=HP0791;Putative_Id=cadmium-transporting ATPase, P-type (cadA) {Helicobacter pylori};Orf_Size=2057;Prot_Size(est)=75460.0"
.,forsyth,gene,HP0792,848965,850482,sigma-54 interacting protein {Helicobacter pylori},1517,55660,.,-,.,gene=HP0792;Putative_Id=sigma-54 interacting protein {Helicobacter pylori};Orf_Size=1517;Prot_Size(est)=55660.0
.,forsyth,gene,HP0793,850491,851012,polypeptide deformylase (def) {Escherichia coli},521,19140,.,-,.,gene=HP0793;Putative_Id=polypeptide deformylase (def) {Escherichia coli};Orf_Size=521;Prot_Size(est)=19140.0
.,forsyth,gene,HP0794,851020,851607,ATP-dependent clp protease proteolytic component (clpP) {Haemophilus influenzae},587,21560,.,-,.,gene=HP0794;Putative_Id=ATP-dependent clp protease proteolytic component (clpP) {Haemophilus influenzae};Orf_Size=587;Prot_Size(est)=21560.0
.,forsyth,gene,HP0795,851628,852980,trigger factor (tig) {Escherichia coli},1352,49610,.,-,.,gene=HP0795;Putative_Id=trigger factor (tig) {Escherichia coli};Orf_Size=1352;Prot_Size(est)=49610.0
.,forsyth,gene,HP0796,853095,853928,outer membrane protein (omp18),833,30580,.,-,.,gene=HP0796;Putative_Id=outer membrane protein (omp18);Orf_Size=833;Prot_Size(est)=30580.0
.,forsyth,gene,HP0797,853960,854739,flagellar sheath adhesin hpaA {Helicobacter pylori},779,28600,.,-,.,gene=HP0797;Putative_Id=flagellar sheath adhesin hpaA {Helicobacter pylori};Orf_Size=779;Prot_Size(est)=28600.0
.,forsyth,gene,HP0798,854861,855334,molybdenum cofactor biosynthesis protein C (moaC) {Helicobacter pylori},473,17380,.,-,.,gene=HP0798;Putative_Id=molybdenum cofactor biosynthesis protein C (moaC) {Helicobacter pylori};Orf_Size=473;Prot_Size(est)=17380.0
.,forsyth,gene,HP0799,855346,855873,molybdopterin biosynthesis protein (mog) {Escherichia coli},527,19360,.,-,.,gene=HP0799;Putative_Id=molybdopterin biosynthesis protein (mog) {Escherichia coli};Orf_Size=527;Prot_Size(est)=19360.0
.,forsyth,gene,HP0800,855889,856323,"molybdopterin converting factor, subunit 2 (moaE) {Synechococcus sp.}",434,15950,.,-,.,"gene=HP0800;Putative_Id=molybdopterin converting factor, subunit 2 (moaE) {Synechococcus sp.};Orf_Size=434;Prot_Size(est)=15950.0"
.,forsyth,gene,HP0801,856327,856548,"molybdopterin converting factor, subunit 1 (moaD) {Escherichia coli}",221,8140,.,-,.,"gene=HP0801;Putative_Id=molybdopterin converting factor, subunit 1 (moaD) {Escherichia coli};Orf_Size=221;Prot_Size(est)=8140.0"
.,forsyth,gene,HP0802,856624,857199,GTP cyclohydrolase II (ribA) {Haemophilus influenzae},575,21120,.,-,.,gene=HP0802;Putative_Id=GTP cyclohydrolase II (ribA) {Haemophilus influenzae};Orf_Size=575;Prot_Size(est)=21120.0
.,forsyth,gene,HP0803,857291,858127,hypothetical protein,836,30690,.,-,.,gene=HP0803;Putative_Id=hypothetical protein;Orf_Size=836;Prot_Size(est)=30690.0
.,forsyth,gene,HP0804,858219,859250,"GTP cyclohydrolase II/3,4-dihydroxy-2-butanone 4-phosphate synthase (ribA, ribB) {Bacillus amyloliquefaciens}",1031,37840,.,-,.,"gene=HP0804;Putative_Id=GTP cyclohydrolase II/3,4-dihydroxy-2-butanone 4-phosphate synthase (ribA, ribB) {Bacillus amyloliquefaciens};Orf_Size=1031;Prot_Size(est)=37840.0"
.,forsyth,gene,HP0805,859424,860275,lipooligosaccharide 5G8 epitope biosynthesis-associated protein (lex2B) {Haemophilus influenzae},851,31240,.,-,.,gene=HP0805;Putative_Id=lipooligosaccharide 5G8 epitope biosynthesis-associated protein (lex2B) {Haemophilus influenzae};Orf_Size=851;Prot_Size(est)=31240.0
.,forsyth,gene,HP0806,860357,860974,hypothetical protein,617,22660,.,+,.,gene=HP0806;Putative_Id=hypothetical protein;Orf_Size=617;Prot_Size(est)=22660.0
.,forsyth,gene,HP0807,860997,863357,iron(III) dicitrate transport protein (fecA) {Escherichia coli},2360,86570,.,-,.,gene=HP0807;Putative_Id=iron(III) dicitrate transport protein (fecA) {Escherichia coli};Orf_Size=2360;Prot_Size(est)=86570.0
.,forsyth,gene,HP0808,863554,863910,holo-acp synthase (acpS) {Escherichia coli},356,13090,.,-,.,gene=HP0808;Putative_Id=holo-acp synthase (acpS) {Escherichia coli};Orf_Size=356;Prot_Size(est)=13090.0
.,forsyth,gene,HP0809,863920,864468,hypothetical protein,548,20130,.,-,.,gene=HP0809;Putative_Id=hypothetical protein;Orf_Size=548;Prot_Size(est)=20130.0
.,forsyth,gene,HP0810,864480,865079,conserved hypothetical protein {Escherichia coli},599,22000,.,-,.,gene=HP0810;Putative_Id=conserved hypothetical protein {Escherichia coli};Orf_Size=599;Prot_Size(est)=22000.0
.,forsyth,gene,HP0811,865061,865384,hypothetical protein,323,11880,.,-,.,gene=HP0811;Putative_Id=hypothetical protein;Orf_Size=323;Prot_Size(est)=11880.0
.,forsyth,gene,HP0812,865840,866847,hypothetical protein,1007,36960,.,-,.,gene=HP0812;Putative_Id=hypothetical protein;Orf_Size=1007;Prot_Size(est)=36960.0
.,forsyth,gene,HP0813,866980,867594,conserved hypothetical protein {Mycobacterium leprae},614,22550,.,+,.,gene=HP0813;Putative_Id=conserved hypothetical protein {Mycobacterium leprae};Orf_Size=614;Prot_Size(est)=22550.0
.,forsyth,gene,HP0814,867598,868362,thiamin biosynthesis protein (thiF) {Escherichia coli},764,28050,.,+,.,gene=HP0814;Putative_Id=thiamin biosynthesis protein (thiF) {Escherichia coli};Orf_Size=764;Prot_Size(est)=28050.0
.,forsyth,gene,HP0815,868381,869151,flagellar motor rotation protein (motA) {Bacillus subtilis},770,28270,.,+,.,gene=HP0815;Putative_Id=flagellar motor rotation protein (motA) {Bacillus subtilis};Orf_Size=770;Prot_Size(est)=28270.0
.,forsyth,gene,HP0816,869157,869927,flagellar motor rotation protein (motB) {Bacillus subtilis},770,28270,.,+,.,gene=HP0816;Putative_Id=flagellar motor rotation protein (motB) {Bacillus subtilis};Orf_Size=770;Prot_Size(est)=28270.0
.,forsyth,gene,HP0817,869927,870370,hypothetical protein,443,16280,.,+,.,gene=HP0817;Putative_Id=hypothetical protein;Orf_Size=443;Prot_Size(est)=16280.0
.,forsyth,gene,HP0818,870442,872100,osmoprotection protein (proWX) {Bacillus subtilis},1658,60830,.,+,.,gene=HP0818;Putative_Id=osmoprotection protein (proWX) {Bacillus subtilis};Orf_Size=1658;Prot_Size(est)=60830.0
.,forsyth,gene,HP0819,872107,872754,osmoprotection protein (proV) {Bacillus subtilis},647,23760,.,+,.,gene=HP0819;Putative_Id=osmoprotection protein (proV) {Bacillus subtilis};Orf_Size=647;Prot_Size(est)=23760.0
.,forsyth,gene,HP0820,872931,873389,hypothetical protein,458,16830,.,+,.,gene=HP0820;Putative_Id=hypothetical protein;Orf_Size=458;Prot_Size(est)=16830.0
.,forsyth,gene,HP0821,873393,875174,excinuclease ABC subunit C (uvrC) {Haemophilus influenzae},1781,65340,.,+,.,gene=HP0821;Putative_Id=excinuclease ABC subunit C (uvrC) {Haemophilus influenzae};Orf_Size=1781;Prot_Size(est)=65340.0
.,forsyth,gene,HP0822,875188,876450,homoserine dehydrogenase (metL) {Bacillus subtilis},1262,46310,.,+,.,gene=HP0822;Putative_Id=homoserine dehydrogenase (metL) {Bacillus subtilis};Orf_Size=1262;Prot_Size(est)=46310.0
.,forsyth,gene,HP0823,876454,876795,conserved hypothetical protein {Mycobacterium tuberculosis},341,12540,.,+,.,gene=HP0823;Putative_Id=conserved hypothetical protein {Mycobacterium tuberculosis};Orf_Size=341;Prot_Size(est)=12540.0
.,forsyth,gene,HP0824,876887,877204,thioredoxin (trxA) {Bacillus subtilis},317,11660,.,+,.,gene=HP0824;Putative_Id=thioredoxin (trxA) {Bacillus subtilis};Orf_Size=317;Prot_Size(est)=11660.0
.,forsyth,gene,HP0825,877212,878144,thioredoxin reductase (trxB) {Clostridium litorale},932,34210,.,+,.,gene=HP0825;Putative_Id=thioredoxin reductase (trxB) {Clostridium litorale};Orf_Size=932;Prot_Size(est)=34210.0
.,forsyth,gene,HP0826,878363,879181,lipooligosaccharide 5G8 epitope biosynthesis-associated protein (lex2B) {Haemophilus influenzae},818,30030,.,+,.,gene=HP0826;Putative_Id=lipooligosaccharide 5G8 epitope biosynthesis-associated protein (lex2B) {Haemophilus influenzae};Orf_Size=818;Prot_Size(est)=30030.0
.,forsyth,gene,HP0827,879393,879638,ss-DNA binding protein 12RNP2 precursor {Synechococcus sp.},245,9020,.,-,.,gene=HP0827;Putative_Id=ss-DNA binding protein 12RNP2 precursor {Synechococcus sp.};Orf_Size=245;Prot_Size(est)=9020.0
.,forsyth,gene,HP0828,879966,880643,"ATP synthase F0, subunit a (atpB) {Synechocystis sp.}",677,24860,.,-,.,"gene=HP0828;Putative_Id=ATP synthase F0, subunit a (atpB) {Synechocystis sp.};Orf_Size=677;Prot_Size(est)=24860.0"
.,forsyth,gene,HP0829,880768,882210,inosine-5'-monophosphate dehydrogenase (guaB) {Bacillus subtilis},1442,52910,.,-,.,gene=HP0829;Putative_Id=inosine-5'-monophosphate dehydrogenase (guaB) {Bacillus subtilis};Orf_Size=1442;Prot_Size(est)=52910.0
.,forsyth,gene,HP0830,882223,883581,amidase {Methanococcus jannaschii},1358,49830,.,-,.,gene=HP0830;Putative_Id=amidase {Methanococcus jannaschii};Orf_Size=1358;Prot_Size(est)=49830.0
.,forsyth,gene,HP0831,883643,884230,conserved hypothetical ATP binding protein {Pseudomonas putida},587,21560,.,-,.,gene=HP0831;Putative_Id=conserved hypothetical ATP binding protein {Pseudomonas putida};Orf_Size=587;Prot_Size(est)=21560.0
.,forsyth,gene,HP0832,884235,885020,spermidine synthase (speE) {Methanococcus jannaschii},785,28820,.,-,.,gene=HP0832;Putative_Id=spermidine synthase (speE) {Methanococcus jannaschii};Orf_Size=785;Prot_Size(est)=28820.0
.,forsyth,gene,HP0833,885115,885990,hypothetical protein,875,32120,.,-,.,gene=HP0833;Putative_Id=hypothetical protein;Orf_Size=875;Prot_Size(est)=32120.0
.,forsyth,gene,HP0834,886067,887440,GTP-binding protein homologue (yphC) {Bacillus subtilis},1373,50380,.,+,.,gene=HP0834;Putative_Id=GTP-binding protein homologue (yphC) {Bacillus subtilis};Orf_Size=1373;Prot_Size(est)=50380.0
.,forsyth,gene,HP0835,887585,887866,histone-like DNA-binding protein HU (hup) {Clostridium pasteurianum},281,10340,.,+,.,gene=HP0835;Putative_Id=histone-like DNA-binding protein HU (hup) {Clostridium pasteurianum};Orf_Size=281;Prot_Size(est)=10340.0
.,forsyth,gene,HP0836,888471,888827,hypothetical protein,356,13090,.,+,.,gene=HP0836;Putative_Id=hypothetical protein;Orf_Size=356;Prot_Size(est)=13090.0
.,forsyth,gene,HP0837,888773,889078,hypothetical protein,305,11220,.,+,.,gene=HP0837;Putative_Id=hypothetical protein;Orf_Size=305;Prot_Size(est)=11220.0
.,forsyth,gene,HP0838,889101,889715,hypothetical protein,614,22550,.,+,.,gene=HP0838;Putative_Id=hypothetical protein;Orf_Size=614;Prot_Size(est)=22550.0
.,forsyth,gene,HP0839,889715,891475,outer membrane protein P1 (ompP1) {Haemophilus influenzae},1760,64570,.,+,.,gene=HP0839;Putative_Id=outer membrane protein P1 (ompP1) {Haemophilus influenzae};Orf_Size=1760;Prot_Size(est)=64570.0
.,forsyth,gene,HP0840,891482,892480,flaA1 protein {Caulobacter crescentus},998,36630,.,+,.,gene=HP0840;Putative_Id=flaA1 protein {Caulobacter crescentus};Orf_Size=998;Prot_Size(est)=36630.0
.,forsyth,gene,HP0841,892480,893754,pantothenate metabolism flavoprotein (dfp) {Haemophilus influenzae},1274,46750,.,+,.,gene=HP0841;Putative_Id=pantothenate metabolism flavoprotein (dfp) {Haemophilus influenzae};Orf_Size=1274;Prot_Size(est)=46750.0
.,forsyth,gene,HP0842,893757,894491,hypothetical protein,734,26950,.,+,.,gene=HP0842;Putative_Id=hypothetical protein;Orf_Size=734;Prot_Size(est)=26950.0
.,forsyth,gene,HP0843,894522,895178,thiamin phosphate pyrophosphorylase/hyroxyethylthiazole kinase (thiB) {Saccharomyces cerevisiae},656,24090,.,-,.,gene=HP0843;Putative_Id=thiamin phosphate pyrophosphorylase/hyroxyethylthiazole kinase (thiB) {Saccharomyces cerevisiae};Orf_Size=656;Prot_Size(est)=24090.0
.,forsyth,gene,HP0844,895174,895983,thiamine biosynthesis protein (thi) {Rhizobium meliloti},809,29700,.,-,.,gene=HP0844;Putative_Id=thiamine biosynthesis protein (thi) {Rhizobium meliloti};Orf_Size=809;Prot_Size(est)=29700.0
.,forsyth,gene,HP0845,895980,896798,thiamin phosphate pyrophosphorylase/hyroxyethylthiazole kinase (thiM) {Saccharomyces cerevisiae},818,30030,.,-,.,gene=HP0845;Putative_Id=thiamin phosphate pyrophosphorylase/hyroxyethylthiazole kinase (thiM) {Saccharomyces cerevisiae};Orf_Size=818;Prot_Size(est)=30030.0
.,forsyth,gene,HP0846,896846,899443,type I restriction enzyme R protein (hsdR) {Escherichia coli},2597,95260,.,-,.,gene=HP0846;Putative_Id=type I restriction enzyme R protein (hsdR) {Escherichia coli};Orf_Size=2597;Prot_Size(est)=95260.0
.,forsyth,gene,HP0847,899737,899835,hypothetical protein,98,3630,.,-,.,gene=HP0847;Putative_Id=hypothetical protein;Orf_Size=98;Prot_Size(est)=3630.0
.,forsyth,gene,HP0848,899840,900733,type I restriction enzyme S protein (hsdS) {Haemophilus influenzae},893,32780,.,-,.,gene=HP0848;Putative_Id=type I restriction enzyme S protein (hsdS) {Haemophilus influenzae};Orf_Size=893;Prot_Size(est)=32780.0
.,forsyth,gene,HP0849,900838,901125,hypothetical protein,287,10560,.,-,.,gene=HP0849;Putative_Id=hypothetical protein;Orf_Size=287;Prot_Size(est)=10560.0
.,forsyth,gene,HP0850,901121,902701,type I restriction enzyme M protein (hsdM) {Escherichia coli},1580,57970,.,-,.,gene=HP0850;Putative_Id=type I restriction enzyme M protein (hsdM) {Escherichia coli};Orf_Size=1580;Prot_Size(est)=57970.0
.,forsyth,gene,HP0851,902875,903555,conserved hypothetical integral membrane protein {Methanococcus jannaschii},680,24970,.,+,.,gene=HP0851;Putative_Id=conserved hypothetical integral membrane protein {Methanococcus jannaschii};Orf_Size=680;Prot_Size(est)=24970.0
.,forsyth,gene,HP0852,903791,904729,hypothetical protein,938,34430,.,-,.,gene=HP0852;Putative_Id=hypothetical protein;Orf_Size=938;Prot_Size(est)=34430.0
.,forsyth,gene,HP0853,904729,906327,"ABC transporter, ATP-binding protein (yheS) {Escherichia coli}",1598,58630,.,-,.,"gene=HP0853;Putative_Id=ABC transporter, ATP-binding protein (yheS) {Escherichia coli};Orf_Size=1598;Prot_Size(est)=58630.0"
.,forsyth,gene,HP0854,906519,907499,GMP reductase (guaC) {Homo sapiens},980,35970,.,+,.,gene=HP0854;Putative_Id=GMP reductase (guaC) {Homo sapiens};Orf_Size=980;Prot_Size(est)=35970.0
.,forsyth,gene,HP0855,907648,909228,alginate O-acetylation protein (algI) {Pseudomonas aeruginosa},1580,57970,.,+,.,gene=HP0855;Putative_Id=alginate O-acetylation protein (algI) {Pseudomonas aeruginosa};Orf_Size=1580;Prot_Size(est)=57970.0
.,forsyth,gene,HP0856,909241,910332,hypothetical protein,1091,40040,.,+,.,gene=HP0856;Putative_Id=hypothetical protein;Orf_Size=1091;Prot_Size(est)=40040.0
.,forsyth,gene,HP0857,910341,910916,phosphoheptose isomerase (gmhA) {Escherichia coli},575,21120,.,-,.,gene=HP0857;Putative_Id=phosphoheptose isomerase (gmhA) {Escherichia coli};Orf_Size=575;Prot_Size(est)=21120.0
.,forsyth,gene,HP0858,910912,912294,ADP-heptose synthase (rfaE) {Haemophilus influenzae},1382,50710,.,-,.,gene=HP0858;Putative_Id=ADP-heptose synthase (rfaE) {Haemophilus influenzae};Orf_Size=1382;Prot_Size(est)=50710.0
.,forsyth,gene,HP0859,912294,913283,ADP-L-glycero-D-mannoheptose-6-epimerase (rfaD) {Salmonella choleraesuis},989,36300,.,-,.,gene=HP0859;Putative_Id=ADP-L-glycero-D-mannoheptose-6-epimerase (rfaD) {Salmonella choleraesuis};Orf_Size=989;Prot_Size(est)=36300.0
.,forsyth,gene,HP0860,913295,913813,conserved hypothetical protein {Haemophilus influenzae},518,19030,.,-,.,gene=HP0860;Putative_Id=conserved hypothetical protein {Haemophilus influenzae};Orf_Size=518;Prot_Size(est)=19030.0
.,forsyth,gene,HP0861,913806,914543,hypothetical protein,737,27060,.,-,.,gene=HP0861;Putative_Id=hypothetical protein;Orf_Size=737;Prot_Size(est)=27060.0
.,forsyth,gene,HP0862,914537,915205,hypothetical protein,668,24530,.,-,.,gene=HP0862;Putative_Id=hypothetical protein;Orf_Size=668;Prot_Size(est)=24530.0
.,forsyth,gene,HP0863,915213,916838,hypothetical protein,1625,59620,.,-,.,gene=HP0863;Putative_Id=hypothetical protein;Orf_Size=1625;Prot_Size(est)=59620.0
.,forsyth,gene,HP0864,916846,917499,hypothetical protein,653,23980,.,-,.,gene=HP0864;Putative_Id=hypothetical protein;Orf_Size=653;Prot_Size(est)=23980.0
.,forsyth,gene,HP0865,917499,917933,deoxyuridine 5'-triphosphate nucleotidohydrolase (dut) {Candida albicans},434,15950,.,-,.,gene=HP0865;Putative_Id=deoxyuridine 5'-triphosphate nucleotidohydrolase (dut) {Candida albicans};Orf_Size=434;Prot_Size(est)=15950.0
.,forsyth,gene,HP0866,917926,918417,transcription elongation factor GreA (greA) {Escherichia coli},491,18040,.,-,.,gene=HP0866;Putative_Id=transcription elongation factor GreA (greA) {Escherichia coli};Orf_Size=491;Prot_Size(est)=18040.0
.,forsyth,gene,HP0867,918461,919540,lipid A disaccharide synthetase (lpxB) {Haemophilus influenzae},1079,39600,.,-,.,gene=HP0867;Putative_Id=lipid A disaccharide synthetase (lpxB) {Haemophilus influenzae};Orf_Size=1079;Prot_Size(est)=39600.0
.,forsyth,gene,HP0868,919543,920001,hypothetical protein,458,16830,.,-,.,gene=HP0868;Putative_Id=hypothetical protein;Orf_Size=458;Prot_Size(est)=16830.0
.,forsyth,gene,HP0869,920008,920358,hydrogenase expression/formation protein (hypA) {Bradyrhizobium japonicum},350,12870,.,-,.,gene=HP0869;Putative_Id=hydrogenase expression/formation protein (hypA) {Bradyrhizobium japonicum};Orf_Size=350;Prot_Size(est)=12870.0
.,forsyth,gene,HP0870,920420,922573,flagellar hook (flgE) {Helicobacter pylori},2153,78980,.,-,.,gene=HP0870;Putative_Id=flagellar hook (flgE) {Helicobacter pylori};Orf_Size=2153;Prot_Size(est)=78980.0
.,forsyth,gene,HP0871,922784,923515,CDP-diglyceride hydrolase (cdh) {Escherichia coli},731,26840,.,-,.,gene=HP0871;Putative_Id=CDP-diglyceride hydrolase (cdh) {Escherichia coli};Orf_Size=731;Prot_Size(est)=26840.0
.,forsyth,gene,HP0872,923867,924193,alkylphosphonate uptake protein (phnA) {Escherichia coli},326,11990,.,+,.,gene=HP0872;Putative_Id=alkylphosphonate uptake protein (phnA) {Escherichia coli};Orf_Size=326;Prot_Size(est)=11990.0
.,forsyth,gene,HP0873,924254,924466,hypothetical protein,212,7810,.,-,.,gene=HP0873;Putative_Id=hypothetical protein;Orf_Size=212;Prot_Size(est)=7810.0
.,forsyth,gene,HP0874,924554,925426,hypothetical protein,872,32010,.,-,.,gene=HP0874;Putative_Id=hypothetical protein;Orf_Size=872;Prot_Size(est)=32010.0
.,forsyth,gene,HP0875,925574,927088,catalase {Helicobacter pylori},1514,55550,.,-,.,gene=HP0875;Putative_Id=catalase {Helicobacter pylori};Orf_Size=1514;Prot_Size(est)=55550.0
.,forsyth,gene,HP0876,927411,929783,iron-regulated outer membrane protein (frpB) {Neisseria meningitidis},2372,87010,.,+,.,gene=HP0876;Putative_Id=iron-regulated outer membrane protein (frpB) {Neisseria meningitidis};Orf_Size=2372;Prot_Size(est)=87010.0
.,forsyth,gene,HP0877,929790,930260,Holliday junction endodeoxyribonuclease (ruvC) {Escherichia coli},470,17270,.,-,.,gene=HP0877;Putative_Id=Holliday junction endodeoxyribonuclease (ruvC) {Escherichia coli};Orf_Size=470;Prot_Size(est)=17270.0
.,forsyth,gene,HP0878,930391,930561,hypothetical protein,170,6270,.,+,.,gene=HP0878;Putative_Id=hypothetical protein;Orf_Size=170;Prot_Size(est)=6270.0
.,forsyth,gene,HP0879,930515,931120,hypothetical protein,605,22220,.,+,.,gene=HP0879;Putative_Id=hypothetical protein;Orf_Size=605;Prot_Size(est)=22220.0
.,forsyth,gene,HP0880,931606,932025,hypothetical protein,419,15400,.,-,.,gene=HP0880;Putative_Id=hypothetical protein;Orf_Size=419;Prot_Size(est)=15400.0
.,forsyth,gene,HP0881,932036,932128,hypothetical protein,92,3410,.,-,.,gene=HP0881;Putative_Id=hypothetical protein;Orf_Size=92;Prot_Size(est)=3410.0
.,forsyth,gene,HP0882,932436,932789,hypothetical protein,353,12980,.,-,.,gene=HP0882;Putative_Id=hypothetical protein;Orf_Size=353;Prot_Size(est)=12980.0
.,forsyth,gene,HP0883,932821,933369,Holliday junction DNA helicase (ruvA) {Haemophilus influenzae},548,20130,.,-,.,gene=HP0883;Putative_Id=Holliday junction DNA helicase (ruvA) {Haemophilus influenzae};Orf_Size=548;Prot_Size(est)=20130.0
.,forsyth,gene,HP0884,933398,935239,hypothetical protein,1841,67540,.,-,.,gene=HP0884;Putative_Id=hypothetical protein;Orf_Size=1841;Prot_Size(est)=67540.0
.,forsyth,gene,HP0885,935407,936789,virulence factor mviN protein (mviN) {Haemophilus influenzae},1382,50710,.,+,.,gene=HP0885;Putative_Id=virulence factor mviN protein (mviN) {Haemophilus influenzae};Orf_Size=1382;Prot_Size(est)=50710.0
.,forsyth,gene,HP0886,936793,938187,cysteinyl-tRNA synthetase (cysS) {Helicobacter pylori},1394,51150,.,+,.,gene=HP0886;Putative_Id=cysteinyl-tRNA synthetase (cysS) {Helicobacter pylori};Orf_Size=1394;Prot_Size(est)=51150.0
.,forsyth,gene,HP0887,938415,942284,vacuolating cytotoxin {Helicobacter pylori},3869,141900,.,+,.,gene=HP0887;Putative_Id=vacuolating cytotoxin {Helicobacter pylori};Orf_Size=3869;Prot_Size(est)=141900.0
.,forsyth,gene,HP0888,942350,943114,"iron(III) dicitrate ABC transporter, ATP-binding protein (fecE) {Escherichia coli}",764,28050,.,-,.,"gene=HP0888;Putative_Id=iron(III) dicitrate ABC transporter, ATP-binding protein (fecE) {Escherichia coli};Orf_Size=764;Prot_Size(est)=28050.0"
.,forsyth,gene,HP0889,943117,944094,"iron(III) dicitrate ABC transporter, permease protein (fecD)  {Escherichia coli}",977,35860,.,-,.,"gene=HP0889;Putative_Id=iron(III) dicitrate ABC transporter, permease protein (fecD)  {Escherichia coli};Orf_Size=977;Prot_Size(est)=35860.0"
.,forsyth,gene,HP0890,944090,944857,conserved hypothetical protein {Escherichia coli},767,28160,.,-,.,gene=HP0890;Putative_Id=conserved hypothetical protein {Escherichia coli};Orf_Size=767;Prot_Size(est)=28160.0
.,forsyth,gene,HP0891,945075,945596,conserved hypothetical protein {Bacillus subtilis},521,19140,.,+,.,gene=HP0891;Putative_Id=conserved hypothetical protein {Bacillus subtilis};Orf_Size=521;Prot_Size(est)=19140.0
.,forsyth,gene,HP0892,945694,945963,conserved hypothetical protein {Escherichia coli},269,9900,.,-,.,gene=HP0892;Putative_Id=conserved hypothetical protein {Escherichia coli};Orf_Size=269;Prot_Size(est)=9900.0
.,forsyth,gene,HP0893,945980,946264,hypothetical protein,284,10450,.,-,.,gene=HP0893;Putative_Id=hypothetical protein;Orf_Size=284;Prot_Size(est)=10450.0
.,forsyth,gene,HP0894,946348,946611,conserved hypothetical protein {Haemophilus influenzae},263,9680,.,-,.,gene=HP0894;Putative_Id=conserved hypothetical protein {Haemophilus influenzae};Orf_Size=263;Prot_Size(est)=9680.0
.,forsyth,gene,HP0895,946595,946969,hypothetical protein,374,13750,.,-,.,gene=HP0895;Putative_Id=hypothetical protein;Orf_Size=374;Prot_Size(est)=13750.0
.,forsyth,gene,HP0896,947583,949706,outer membrane protein (omp19),2123,77880,.,-,.,gene=HP0896;Putative_Id=outer membrane protein (omp19);Orf_Size=2123;Prot_Size(est)=77880.0
.,forsyth,gene,HP0897,950022,950645,hypothetical protein,623,22880,.,+,.,gene=HP0897;Putative_Id=hypothetical protein;Orf_Size=623;Prot_Size(est)=22880.0
.,forsyth,gene,HP0898,950743,951852,hydrogenase expression/formation protein (hypD) {Azotobacter chroococcum},1109,40700,.,-,.,gene=HP0898;Putative_Id=hydrogenase expression/formation protein (hypD) {Azotobacter chroococcum};Orf_Size=1109;Prot_Size(est)=40700.0
.,forsyth,gene,HP0899,951861,952091,hydrogenase expression/formation protein (hypC) {Methanococcus jannaschii},230,8470,.,-,.,gene=HP0899;Putative_Id=hydrogenase expression/formation protein (hypC) {Methanococcus jannaschii};Orf_Size=230;Prot_Size(est)=8470.0
.,forsyth,gene,HP0900,952094,952819,hydrogenase expression/formation protein (hypB) {Azotobacter chroococcum},725,26620,.,-,.,gene=HP0900;Putative_Id=hydrogenase expression/formation protein (hypB) {Azotobacter chroococcum};Orf_Size=725;Prot_Size(est)=26620.0
.,forsyth,gene,HP0901,952931,953053,hypothetical protein,122,4510,.,-,.,gene=HP0901;Putative_Id=hypothetical protein;Orf_Size=122;Prot_Size(est)=4510.0
.,forsyth,gene,HP0902,953067,953363,hypothetical protein,296,10890,.,-,.,gene=HP0902;Putative_Id=hypothetical protein;Orf_Size=296;Prot_Size(est)=10890.0
.,forsyth,gene,HP0903,953464,954661,acetate kinase (ackA) {Escherichia coli),1197,43926.66667,.,-,.,gene=HP0903;Putative_Id=acetate kinase (ackA) {Escherichia coli);Orf_Size=1197;Prot_Size(est)=43926.666666666664
.,forsyth,gene,HP0904,954682,955596,phosphate acetyltransferase (pta) {Escherichia coli},914,33550,.,-,.,gene=HP0904;Putative_Id=phosphate acetyltransferase (pta) {Escherichia coli};Orf_Size=914;Prot_Size(est)=33550.0
.,forsyth,gene,HP0905,955557,956225,phosphotransacetylase (pta) {Synechocystis sp.},668,24530,.,-,.,gene=HP0905;Putative_Id=phosphotransacetylase (pta) {Synechocystis sp.};Orf_Size=668;Prot_Size(est)=24530.0
.,forsyth,gene,HP0906,956485,958065,hypothetical protein,1580,57970,.,+,.,gene=HP0906;Putative_Id=hypothetical protein;Orf_Size=1580;Prot_Size(est)=57970.0
.,forsyth,gene,HP0907,958119,959021,"hook assembly protein, flagella (flgD) {Salmonella choleraesuis}",902,33110,.,+,.,"gene=HP0907;Putative_Id=hook assembly protein, flagella (flgD) {Salmonella choleraesuis};Orf_Size=902;Prot_Size(est)=33110.0"
.,forsyth,gene,HP0908,959021,960835,flagellar hook (flgE) {Helicobacter pylori},1814,66550,.,+,.,gene=HP0908;Putative_Id=flagellar hook (flgE) {Helicobacter pylori};Orf_Size=1814;Prot_Size(est)=66550.0
.,forsyth,gene,HP0909,960890,961492,hypothetical protein,602,22110,.,+,.,gene=HP0909;Putative_Id=hypothetical protein;Orf_Size=602;Prot_Size(est)=22110.0
.,forsyth,gene,HP0910,961488,962624,adenine specific DNA methyltransferase (HINDIIM) {Haemophilus influenzae},1136,41690,.,+,.,gene=HP0910;Putative_Id=adenine specific DNA methyltransferase (HINDIIM) {Haemophilus influenzae};Orf_Size=1136;Prot_Size(est)=41690.0
.,forsyth,gene,HP0911,962631,964655,"rep helicase, single-stranded DNA-dependent ATPase (rep) {Haemophilus influenzae}",2024,74250,.,+,.,"gene=HP0911;Putative_Id=rep helicase, single-stranded DNA-dependent ATPase (rep) {Haemophilus influenzae};Orf_Size=2024;Prot_Size(est)=74250.0"
.,forsyth,gene,HP0912,965177,966721,outer membrane protein (omp20),1544,56650,.,+,.,gene=HP0912;Putative_Id=outer membrane protein (omp20);Orf_Size=1544;Prot_Size(est)=56650.0
.,forsyth,gene,HP0913,966746,968332,outer membrane protein (omp21),1586,58190,.,+,.,gene=HP0913;Putative_Id=outer membrane protein (omp21);Orf_Size=1586;Prot_Size(est)=58190.0
.,forsyth,gene,HP0914,969241,970782,hypothetical protein,1541,56540,.,-,.,gene=HP0914;Putative_Id=hypothetical protein;Orf_Size=1541;Prot_Size(est)=56540.0
.,forsyth,gene,HP0915,971031,972716,iron-regulated outer membrane protein (frpB) {Neisseria meningitidis},1685,61820,.,-,.,gene=HP0915;Putative_Id=iron-regulated outer membrane protein (frpB) {Neisseria meningitidis};Orf_Size=1685;Prot_Size(est)=61820.0
.,forsyth,gene,HP0916,972719,973465,iron-regulated outer membrane protein (frpB) {Neisseria meningitidis},746,27390,.,-,.,gene=HP0916;Putative_Id=iron-regulated outer membrane protein (frpB) {Neisseria meningitidis};Orf_Size=746;Prot_Size(est)=27390.0
.,forsyth,gene,HP0917,973624,973692,hypothetical protein,68,2530,.,+,.,gene=HP0917;Putative_Id=hypothetical protein;Orf_Size=68;Prot_Size(est)=2530.0
.,forsyth,gene,HP0918,973728,974156,hypothetical protein,428,15730,.,-,.,gene=HP0918;Putative_Id=hypothetical protein;Orf_Size=428;Prot_Size(est)=15730.0
.,forsyth,gene,HP0919,974164,977418,carbamoyl-phosphate synthase (glutamine-hydrolysing) (pyrAb) {Bacillus caldolyticus},3254,119350,.,-,.,gene=HP0919;Putative_Id=carbamoyl-phosphate synthase (glutamine-hydrolysing) (pyrAb) {Bacillus caldolyticus};Orf_Size=3254;Prot_Size(est)=119350.0
.,forsyth,gene,HP0920,977520,978209,conserved hypothetical integral membrane protein {Escherichia coli},689,25300,.,-,.,gene=HP0920;Putative_Id=conserved hypothetical integral membrane protein {Escherichia coli};Orf_Size=689;Prot_Size(est)=25300.0
.,forsyth,gene,HP0921,978353,979348,glyceraldehyde-3-phosphate dehydrogenase (gap) {Bacillus megaterium},995,36520,.,+,.,gene=HP0921;Putative_Id=glyceraldehyde-3-phosphate dehydrogenase (gap) {Bacillus megaterium};Orf_Size=995;Prot_Size(est)=36520.0
.,forsyth,gene,HP0922,979432,987018,toxin-like outer membrane protein {Helicobacter pylori},7586,278190,.,+,.,gene=HP0922;Putative_Id=toxin-like outer membrane protein {Helicobacter pylori};Orf_Size=7586;Prot_Size(est)=278190.0
.,forsyth,gene,HP0923,987073,988179,outer membrane protein (omp22),1106,40590,.,+,.,gene=HP0923;Putative_Id=outer membrane protein (omp22);Orf_Size=1106;Prot_Size(est)=40590.0
.,forsyth,gene,HP0924,988245,988448,4-oxalocrotonate tautomerase (dmpI) {Pseudomonas putida},203,7480,.,-,.,gene=HP0924;Putative_Id=4-oxalocrotonate tautomerase (dmpI) {Pseudomonas putida};Orf_Size=203;Prot_Size(est)=7480.0
.,forsyth,gene,HP0925,988604,989182,recombinational DNA repair protein (recR) {Haemophilus influenzae},578,21230,.,+,.,gene=HP0925;Putative_Id=recombinational DNA repair protein (recR) {Haemophilus influenzae};Orf_Size=578;Prot_Size(est)=21230.0
.,forsyth,gene,HP0926,989182,990324,conserved hypothetical protein {Haemophilus influenzae},1142,41910,.,+,.,gene=HP0926;Putative_Id=conserved hypothetical protein {Haemophilus influenzae};Orf_Size=1142;Prot_Size(est)=41910.0
.,forsyth,gene,HP0927,990266,991243,heat shock protein (htpX) {Escherichia coli},977,35860,.,+,.,gene=HP0927;Putative_Id=heat shock protein (htpX) {Escherichia coli};Orf_Size=977;Prot_Size(est)=35860.0
.,forsyth,gene,HP0928,991247,991786,GTP cyclohydrolase I (folE) {Campylobacter jejuni},539,19800,.,+,.,gene=HP0928;Putative_Id=GTP cyclohydrolase I (folE) {Campylobacter jejuni};Orf_Size=539;Prot_Size(est)=19800.0
.,forsyth,gene,HP0929,991805,992713,geranyltranstransferase (ispA) {Haemophilus influenzae},908,33330,.,+,.,gene=HP0929;Putative_Id=geranyltranstransferase (ispA) {Haemophilus influenzae};Orf_Size=908;Prot_Size(est)=33330.0
.,forsyth,gene,HP0930,992713,993513,stationary-phase survival protein (surE) {Escherichia coli},800,29370,.,+,.,gene=HP0930;Putative_Id=stationary-phase survival protein (surE) {Escherichia coli};Orf_Size=800;Prot_Size(est)=29370.0
.,forsyth,gene,HP0931,993513,993950,hypothetical protein,437,16060,.,+,.,gene=HP0931;Putative_Id=hypothetical protein;Orf_Size=437;Prot_Size(est)=16060.0
.,forsyth,gene,HP0932,993869,994168,hypothetical protein,299,11000,.,+,.,gene=HP0932;Putative_Id=hypothetical protein;Orf_Size=299;Prot_Size(est)=11000.0
.,forsyth,gene,HP0933,994173,994772,hypothetical protein,599,22000,.,+,.,gene=HP0933;Putative_Id=hypothetical protein;Orf_Size=599;Prot_Size(est)=22000.0
.,forsyth,gene,HP0934,994778,995530,conserved hypothetical protein {Escherichia coli},752,27610,.,+,.,gene=HP0934;Putative_Id=conserved hypothetical protein {Escherichia coli};Orf_Size=752;Prot_Size(est)=27610.0
.,forsyth,gene,HP0935,995544,996026,hypothetical protein,482,17710,.,+,.,gene=HP0935;Putative_Id=hypothetical protein;Orf_Size=482;Prot_Size(est)=17710.0
.,forsyth,gene,HP0936,996535,997701,proline/betaine transporter (proP) {Escherichia coli},1166,42790,.,-,.,gene=HP0936;Putative_Id=proline/betaine transporter (proP) {Escherichia coli};Orf_Size=1166;Prot_Size(est)=42790.0
.,forsyth,gene,HP0937,998326,999117,hypothetical protein,791,29040,.,-,.,gene=HP0937;Putative_Id=hypothetical protein;Orf_Size=791;Prot_Size(est)=29040.0
.,forsyth,gene,HP0938,999200,999544,hypothetical protein,344,12650,.,-,.,gene=HP0938;Putative_Id=hypothetical protein;Orf_Size=344;Prot_Size(est)=12650.0
.,forsyth,gene,HP0939,999610,1000320,"amino acid ABC transporter, permease protein (yckJ) {Bacillus subtilis}",710,26070,.,-,.,"gene=HP0939;Putative_Id=amino acid ABC transporter, permease protein (yckJ) {Bacillus subtilis};Orf_Size=710;Prot_Size(est)=26070.0"
.,forsyth,gene,HP0940,1000307,1001074,"amino acid ABC transporter, periplasmic binding protein (yckK) {Bacillus subtilis}",767,28160,.,-,.,"gene=HP0940;Putative_Id=amino acid ABC transporter, periplasmic binding protein (yckK) {Bacillus subtilis};Orf_Size=767;Prot_Size(est)=28160.0"
.,forsyth,gene,HP0941,1001145,1002275,"alanine racemase, biosynthetic (alr) {Escherichia coli}",1130,41470,.,-,.,"gene=HP0941;Putative_Id=alanine racemase, biosynthetic (alr) {Escherichia coli};Orf_Size=1130;Prot_Size(est)=41470.0"
.,forsyth,gene,HP0942,1002285,1003634,D-alanine glycine permease (dagA) {Haemophilus influenzae},1349,49500,.,-,.,gene=HP0942;Putative_Id=D-alanine glycine permease (dagA) {Haemophilus influenzae};Orf_Size=1349;Prot_Size(est)=49500.0
.,forsyth,gene,HP0943,1003678,1004907,D-amino acid dehydrogenase (dadA) {Escherichia coli},1229,45100,.,-,.,gene=HP0943;Putative_Id=D-amino acid dehydrogenase (dadA) {Escherichia coli};Orf_Size=1229;Prot_Size(est)=45100.0
.,forsyth,gene,HP0944,1004932,1005306,"translation initiation inhibitor, putative {Rattus sp.}",374,13750,.,-,.,"gene=HP0944;Putative_Id=translation initiation inhibitor, putative {Rattus sp.};Orf_Size=374;Prot_Size(est)=13750.0"
.,forsyth,gene,HP0945,1005789,1006082,hypothetical protein,293,10780,.,-,.,gene=HP0945;Putative_Id=hypothetical protein;Orf_Size=293;Prot_Size(est)=10780.0
.,forsyth,gene,HP0946,1006665,1008152,conserved hypothetical integral membrane protein {Haemophilus influenzae},1487,54560,.,+,.,gene=HP0946;Putative_Id=conserved hypothetical integral membrane protein {Haemophilus influenzae};Orf_Size=1487;Prot_Size(est)=54560.0
.,forsyth,gene,HP0947,1008470,1008829,hypothetical protein,359,13200,.,+,.,gene=HP0947;Putative_Id=hypothetical protein;Orf_Size=359;Prot_Size(est)=13200.0
.,forsyth,gene,HP0948,1009202,1010212,hypothetical protein,1010,37070,.,-,.,gene=HP0948;Putative_Id=hypothetical protein;Orf_Size=1010;Prot_Size(est)=37070.0
.,forsyth,gene,HP0949,1010225,1010674,conserved hypothetical secreted protein {Bacillus subtilis},449,16500,.,-,.,gene=HP0949;Putative_Id=conserved hypothetical secreted protein {Bacillus subtilis};Orf_Size=449;Prot_Size(est)=16500.0
.,forsyth,gene,HP0950,1010691,1011557,acetyl-CoA carboxylase beta subunit (accD) {Haemophilus influenzae},866,31790,.,-,.,gene=HP0950;Putative_Id=acetyl-CoA carboxylase beta subunit (accD) {Haemophilus influenzae};Orf_Size=866;Prot_Size(est)=31790.0
.,forsyth,gene,HP0951,1011635,1012249,hypothetical protein,614,22550,.,+,.,gene=HP0951;Putative_Id=hypothetical protein;Orf_Size=614;Prot_Size(est)=22550.0
.,forsyth,gene,HP0952,1012263,1012916,conserved hypothetical integral membrane protein {Thermotoga maritima},653,23980,.,+,.,gene=HP0952;Putative_Id=conserved hypothetical integral membrane protein {Thermotoga maritima};Orf_Size=653;Prot_Size(est)=23980.0
.,forsyth,gene,HP0953,1012925,1013488,hypothetical protein,563,20680,.,-,.,gene=HP0953;Putative_Id=hypothetical protein;Orf_Size=563;Prot_Size(est)=20680.0
.,forsyth,gene,HP0954,1013556,1014185,oxygen-insensitive NAD(P)H nitroreductase  {Haemophilus influenzae},629,23100,.,-,.,gene=HP0954;Putative_Id=oxygen-insensitive NAD(P)H nitroreductase  {Haemophilus influenzae};Orf_Size=629;Prot_Size(est)=23100.0
.,forsyth,gene,HP0955,1014185,1015036,prolipoprotein diacylglyceryl transferase (lgt) {Escherichia coli},851,31240,.,-,.,gene=HP0955;Putative_Id=prolipoprotein diacylglyceryl transferase (lgt) {Escherichia coli};Orf_Size=851;Prot_Size(est)=31240.0
.,forsyth,gene,HP0956,1015049,1015774,conserved hypothetical protein {Mycobacterium tuberculosis},725,26620,.,-,.,gene=HP0956;Putative_Id=conserved hypothetical protein {Mycobacterium tuberculosis};Orf_Size=725;Prot_Size(est)=26620.0
.,forsyth,gene,HP0957,1015789,1016967,3-deoxy-d-manno-octulosonic-acid transferase (kdtA) {Haemophilus influenzae},1178,43230,.,-,.,gene=HP0957;Putative_Id=3-deoxy-d-manno-octulosonic-acid transferase (kdtA) {Haemophilus influenzae};Orf_Size=1178;Prot_Size(est)=43230.0
.,forsyth,gene,HP0958,1016971,1017732,hypothetical protein,761,27940,.,-,.,gene=HP0958;Putative_Id=hypothetical protein;Orf_Size=761;Prot_Size(est)=27940.0
.,forsyth,gene,HP0959,1017745,1018473,conserved hypothetical protein {Methanococcus jannaschii},728,26730,.,-,.,gene=HP0959;Putative_Id=conserved hypothetical protein {Methanococcus jannaschii};Orf_Size=728;Prot_Size(est)=26730.0
.,forsyth,gene,HP0960,1018463,1019371,"glycyl-tRNA synthetase, alpha subunit (glyQ) {Haemophilus influenzae}",908,33330,.,-,.,"gene=HP0960;Putative_Id=glycyl-tRNA synthetase, alpha subunit (glyQ) {Haemophilus influenzae};Orf_Size=908;Prot_Size(est)=33330.0"
.,forsyth,gene,HP0961,1019388,1020323,glycerol-3-phosphate dehydrogenase (NAD(P)+) {Bacillus subtilus},935,34320,.,-,.,gene=HP0961;Putative_Id=glycerol-3-phosphate dehydrogenase (NAD(P)+) {Bacillus subtilus};Orf_Size=935;Prot_Size(est)=34320.0
.,forsyth,gene,HP0962,1020458,1020916,acyl carrier protein (acpP) {Haemophilus influenzae},458,16830,.,-,.,gene=HP0962;Putative_Id=acyl carrier protein (acpP) {Haemophilus influenzae};Orf_Size=458;Prot_Size(est)=16830.0
.,forsyth,gene,HP0963,1020912,1022252,hypothetical protein,1340,49170,.,-,.,gene=HP0963;Putative_Id=hypothetical protein;Orf_Size=1340;Prot_Size(est)=49170.0
.,forsyth,gene,HP0964,1022252,1023340,hypothetical protein,1088,39930,.,-,.,gene=HP0964;Putative_Id=hypothetical protein;Orf_Size=1088;Prot_Size(est)=39930.0
.,forsyth,gene,HP0965,1023253,1024581,hypothetical protein,1328,48730,.,-,.,gene=HP0965;Putative_Id=hypothetical protein;Orf_Size=1328;Prot_Size(est)=48730.0
.,forsyth,gene,HP0966,1024581,1026227,conserved hypothetical protein {Thermophilic bacterial sp. isolate Rt8.B4},1646,60390,.,-,.,gene=HP0966;Putative_Id=conserved hypothetical protein {Thermophilic bacterial sp. isolate Rt8.B4};Orf_Size=1646;Prot_Size(est)=60390.0
.,forsyth,gene,HP0967,1026451,1026735,virulence associated protein D (vapD) {Haemophilus influenzae},284,10450,.,-,.,gene=HP0967;Putative_Id=virulence associated protein D (vapD) {Haemophilus influenzae};Orf_Size=284;Prot_Size(est)=10450.0
.,forsyth,gene,HP0968,1027024,1027086,hypothetical protein,62,2310,.,-,.,gene=HP0968;Putative_Id=hypothetical protein;Orf_Size=62;Prot_Size(est)=2310.0
.,forsyth,gene,HP0969,1027105,1030164,cation efflux system protein (czcA) {Alcaligenes eutrophus plasmid pMOL30},3059,112200,.,-,.,gene=HP0969;Putative_Id=cation efflux system protein (czcA) {Alcaligenes eutrophus plasmid pMOL30};Orf_Size=3059;Prot_Size(est)=112200.0
.,forsyth,gene,HP0970,1030164,1031240,nickel-cobalt-cadmium resistance protein (nccB) {Alcaligenes xylosoxidans},1076,39490,.,-,.,gene=HP0970;Putative_Id=nickel-cobalt-cadmium resistance protein (nccB) {Alcaligenes xylosoxidans};Orf_Size=1076;Prot_Size(est)=39490.0
.,forsyth,gene,HP0971,1031240,1032478,hypothetical protein,1238,45430,.,-,.,gene=HP0971;Putative_Id=hypothetical protein;Orf_Size=1238;Prot_Size(est)=45430.0
.,forsyth,gene,HP0972,1032531,1034633,"glycyl-tRNA synthetase, beta subunit (glyS) {Haemophilus influenzae}",2102,77110,.,-,.,"gene=HP0972;Putative_Id=glycyl-tRNA synthetase, beta subunit (glyS) {Haemophilus influenzae};Orf_Size=2102;Prot_Size(est)=77110.0"
.,forsyth,gene,HP0973,1034745,1035803,hypothetical protein,1058,38830,.,+,.,gene=HP0973;Putative_Id=hypothetical protein;Orf_Size=1058;Prot_Size(est)=38830.0
.,forsyth,gene,HP0974,1035819,1037291,phosphoglycerate mutase (pgm) {Mycoplasma genitalium},1472,54010,.,+,.,gene=HP0974;Putative_Id=phosphoglycerate mutase (pgm) {Mycoplasma genitalium};Orf_Size=1472;Prot_Size(est)=54010.0
.,forsyth,gene,HP0975,1037309,1037587,conserved hypothetical protein {Synechocystis sp.},278,10230,.,+,.,gene=HP0975;Putative_Id=conserved hypothetical protein {Synechocystis sp.};Orf_Size=278;Prot_Size(est)=10230.0
.,forsyth,gene,HP0976,1037713,1039020,adenosylmethionine-8-amino-7-oxononanoate aminotransferase (bioA) {Bacillus sphaericus},1307,47960,.,-,.,gene=HP0976;Putative_Id=adenosylmethionine-8-amino-7-oxononanoate aminotransferase (bioA) {Bacillus sphaericus};Orf_Size=1307;Prot_Size(est)=47960.0
.,forsyth,gene,HP0977,1039149,1040609,conserved hypothetical secreted protein {Campylobacter jejuni},1460,53570,.,+,.,gene=HP0977;Putative_Id=conserved hypothetical secreted protein {Campylobacter jejuni};Orf_Size=1460;Prot_Size(est)=53570.0
.,forsyth,gene,HP0978,1040628,1042103,cell division protein (ftsA) protein {Borrelia burgdorferi},1475,54120,.,+,.,gene=HP0978;Putative_Id=cell division protein (ftsA) protein {Borrelia burgdorferi};Orf_Size=1475;Prot_Size(est)=54120.0
.,forsyth,gene,HP0979,1042237,1043391,cell divison protein (ftsZ) {Bacillus subtilis},1154,42350,.,+,.,gene=HP0979;Putative_Id=cell divison protein (ftsZ) {Bacillus subtilis};Orf_Size=1154;Prot_Size(est)=42350.0
.,forsyth,gene,HP0980,1044552,1044851,conserved hypothetical secreted protein {Escherichia coli},299,11000,.,+,.,gene=HP0980;Putative_Id=conserved hypothetical secreted protein {Escherichia coli};Orf_Size=299;Prot_Size(est)=11000.0
.,forsyth,gene,HP0981,1044772,1045134,exonuclease VII-like protein (xseA) {Haemophilus influenzae},362,13310,.,+,.,gene=HP0981;Putative_Id=exonuclease VII-like protein (xseA) {Haemophilus influenzae};Orf_Size=362;Prot_Size(est)=13310.0
.,forsyth,gene,HP0982,1045509,1046201,hypothetical protein,692,25410,.,+,.,gene=HP0982;Putative_Id=hypothetical protein;Orf_Size=692;Prot_Size(est)=25410.0
.,forsyth,gene,HP0983,1047054,1047875,conserved hypothetical integral membrane protein {Escherichia coli},821,30140,.,+,.,gene=HP0983;Putative_Id=conserved hypothetical integral membrane protein {Escherichia coli};Orf_Size=821;Prot_Size(est)=30140.0
.,forsyth,gene,HP0984,1047958,1048062,hypothetical protein,104,3850,.,+,.,gene=HP0984;Putative_Id=hypothetical protein;Orf_Size=104;Prot_Size(est)=3850.0
.,forsyth,gene,HP0985,1048091,1048411,hypothetical protein,320,11770,.,-,.,gene=HP0985;Putative_Id=hypothetical protein;Orf_Size=320;Prot_Size(est)=11770.0
.,forsyth,gene,HP0986,1048717,1049427,hypothetical protein,710,26070,.,-,.,gene=HP0986;Putative_Id=hypothetical protein;Orf_Size=710;Prot_Size(est)=26070.0
.,forsyth,gene,HP0987,1050812,1051042,hypothetical protein,230,8470,.,+,.,gene=HP0987;Putative_Id=hypothetical protein;Orf_Size=230;Prot_Size(est)=8470.0
.,forsyth,gene,HP0988,1051055,1051480,IS605 transposase (tnpA) {Helicobacter pylori},425,15620,.,-,.,gene=HP0988;Putative_Id=IS605 transposase (tnpA) {Helicobacter pylori};Orf_Size=425;Prot_Size(est)=15620.0
.,forsyth,gene,HP0989,1051550,1052830,IS605 transposase (tnpB) {Helicobacter pylori},1280,46970,.,+,.,gene=HP0989;Putative_Id=IS605 transposase (tnpB) {Helicobacter pylori};Orf_Size=1280;Prot_Size(est)=46970.0
.,forsyth,gene,HP0990,1052927,1053592,hypothetical protein,665,24420,.,+,.,gene=HP0990;Putative_Id=hypothetical protein;Orf_Size=665;Prot_Size(est)=24420.0
.,forsyth,gene,HP0991,1053603,1054229,hypothetical protein,626,22990,.,-,.,gene=HP0991;Putative_Id=hypothetical protein;Orf_Size=626;Prot_Size(est)=22990.0
.,forsyth,gene,HP0992,1054379,1054615,hypothetical protein,236,8690,.,-,.,gene=HP0992;Putative_Id=hypothetical protein;Orf_Size=236;Prot_Size(est)=8690.0
.,forsyth,gene,HP0993,1054815,1055063,hypothetical protein,248,9130,.,+,.,gene=HP0993;Putative_Id=hypothetical protein;Orf_Size=248;Prot_Size(est)=9130.0
.,forsyth,gene,HP0994,1055038,1055838,hypothetical protein,800,29370,.,+,.,gene=HP0994;Putative_Id=hypothetical protein;Orf_Size=800;Prot_Size(est)=29370.0
.,forsyth,gene,HP0995,1056161,1057225,integrase/recombinase (xerD) {Escherichia coli},1064,39050,.,-,.,gene=HP0995;Putative_Id=integrase/recombinase (xerD) {Escherichia coli};Orf_Size=1064;Prot_Size(est)=39050.0
.,forsyth,gene,HP0996,1058376,1060175,hypothetical protein,1799,66000,.,-,.,gene=HP0996;Putative_Id=hypothetical protein;Orf_Size=1799;Prot_Size(est)=66000.0
.,forsyth,gene,HP0997,1060327,1061607,IS605 transposase (tnpB) {Helicobacter pylori},1280,46970,.,-,.,gene=HP0997;Putative_Id=IS605 transposase (tnpB) {Helicobacter pylori};Orf_Size=1280;Prot_Size(est)=46970.0
.,forsyth,gene,HP0998,1061677,1062102,IS605 transposase (tnpA) {Helicobacter pylori},425,15620,.,+,.,gene=HP0998;Putative_Id=IS605 transposase (tnpA) {Helicobacter pylori};Orf_Size=425;Prot_Size(est)=15620.0
.,forsyth,gene,HP0999,1062236,1062418,hypothetical protein,182,6710,.,+,.,gene=HP0999;Putative_Id=hypothetical protein;Orf_Size=182;Prot_Size(est)=6710.0
.,forsyth,gene,HP1000,1062687,1063340,PARA protein {Agrobacterium radiobacter},653,23980,.,+,.,gene=HP1000;Putative_Id=PARA protein {Agrobacterium radiobacter};Orf_Size=653;Prot_Size(est)=23980.0
.,forsyth,gene,HP1001,1063428,1063709,hypothetical protein,281,10340,.,+,.,gene=HP1001;Putative_Id=hypothetical protein;Orf_Size=281;Prot_Size(est)=10340.0
.,forsyth,gene,HP1002,1063756,1064937,hypothetical protein,1181,43340,.,+,.,gene=HP1002;Putative_Id=hypothetical protein;Orf_Size=1181;Prot_Size(est)=43340.0
.,forsyth,gene,HP1003,1064968,1066077,hypothetical protein,1109,40700,.,-,.,gene=HP1003;Putative_Id=hypothetical protein;Orf_Size=1109;Prot_Size(est)=40700.0
.,forsyth,gene,HP1004,1066056,1066874,hypothetical protein,818,30030,.,-,.,gene=HP1004;Putative_Id=hypothetical protein;Orf_Size=818;Prot_Size(est)=30030.0
.,forsyth,gene,HP1005,1067156,1067467,hypothetical protein,311,11440,.,+,.,gene=HP1005;Putative_Id=hypothetical protein;Orf_Size=311;Prot_Size(est)=11440.0
.,forsyth,gene,HP1006,1068024,1068554,conjugal transfer protein (traG) {Agrobacterium radiobacter},530,19470,.,-,.,gene=HP1006;Putative_Id=conjugal transfer protein (traG) {Agrobacterium radiobacter};Orf_Size=530;Prot_Size(est)=19470.0
.,forsyth,gene,HP1007,1068605,1069929,"transposase-like protein, PS3IS {Thermophilic bacterium}",1324,48583.33333,.,-,.,"gene=HP1007;Putative_Id=transposase-like protein, PS3IS {Thermophilic bacterium};Orf_Size=1324;Prot_Size(est)=48583.333333333336"
.,forsyth,gene,HP1008,1069967,1070380,IS200 insertion sequence from SARA17 {Salmonella choleraesuis},413,15180,.,+,.,gene=HP1008;Putative_Id=IS200 insertion sequence from SARA17 {Salmonella choleraesuis};Orf_Size=413;Prot_Size(est)=15180.0
.,forsyth,gene,HP1009,1070511,1071068,site-specific recombinase {Bacteriophage T4},557,20460,.,-,.,gene=HP1009;Putative_Id=site-specific recombinase {Bacteriophage T4};Orf_Size=557;Prot_Size(est)=20460.0
.,forsyth,gene,HP1010,1072429,1074453,polyphosphate kinase (ppk) {Neisseria meningitidis},2024,74250,.,+,.,gene=HP1010;Putative_Id=polyphosphate kinase (ppk) {Neisseria meningitidis};Orf_Size=2024;Prot_Size(est)=74250.0
.,forsyth,gene,HP1011,1074493,1075545,dihydroorotate dehydrogenase (pyrD) {Haemophilus influenzae},1052,38610,.,+,.,gene=HP1011;Putative_Id=dihydroorotate dehydrogenase (pyrD) {Haemophilus influenzae};Orf_Size=1052;Prot_Size(est)=38610.0
.,forsyth,gene,HP1012,1075545,1076876,protease (pqqE) {Methylobacterium extorquens},1331,48840,.,+,.,gene=HP1012;Putative_Id=protease (pqqE) {Methylobacterium extorquens};Orf_Size=1331;Prot_Size(est)=48840.0
.,forsyth,gene,HP1013,1076894,1077793,dihydrodipicolinate synthetase (dapA) {Escherichia coli},899,33000,.,+,.,gene=HP1013;Putative_Id=dihydrodipicolinate synthetase (dapA) {Escherichia coli};Orf_Size=899;Prot_Size(est)=33000.0
.,forsyth,gene,HP1014,1077793,1078578,7-alpha-hydroxysteroid dehydrogenase (hdhA) {Escherichia coli},785,28820,.,+,.,gene=HP1014;Putative_Id=7-alpha-hydroxysteroid dehydrogenase (hdhA) {Escherichia coli};Orf_Size=785;Prot_Size(est)=28820.0
.,forsyth,gene,HP1015,1078693,1079196,hypothetical protein,503,18480,.,+,.,gene=HP1015;Putative_Id=hypothetical protein;Orf_Size=503;Prot_Size(est)=18480.0
.,forsyth,gene,HP1016,1079133,1079732,phosphatidylglycerophosphate synthase (pgsA) {Escherichia coli},599,22000,.,+,.,gene=HP1016;Putative_Id=phosphatidylglycerophosphate synthase (pgsA) {Escherichia coli};Orf_Size=599;Prot_Size(est)=22000.0
.,forsyth,gene,HP1017,1079833,1081389,amino acid permease (rocE) {Bacillus subtilis},1556,57090,.,+,.,gene=HP1017;Putative_Id=amino acid permease (rocE) {Bacillus subtilis};Orf_Size=1556;Prot_Size(est)=57090.0
.,forsyth,gene,HP1018,1081440,1081583,hypothetical protein,143,5280,.,+,.,gene=HP1018;Putative_Id=hypothetical protein;Orf_Size=143;Prot_Size(est)=5280.0
.,forsyth,gene,HP1019,1081537,1082865,serine protease (htrA) {Campylobacter jejuni},1328,48730,.,+,.,gene=HP1019;Putative_Id=serine protease (htrA) {Campylobacter jejuni};Orf_Size=1328;Prot_Size(est)=48730.0
.,forsyth,gene,HP1020,1082890,1084107,conserved hypothetical protein {Rhodobacter capsulatus},1217,44660,.,+,.,gene=HP1020;Putative_Id=conserved hypothetical protein {Rhodobacter capsulatus};Orf_Size=1217;Prot_Size(est)=44660.0
.,forsyth,gene,HP1021,1084132,1085025,response regulator {Streptococcus pneumoniae},893,32780,.,+,.,gene=HP1021;Putative_Id=response regulator {Streptococcus pneumoniae};Orf_Size=893;Prot_Size(est)=32780.0
.,forsyth,gene,HP1022,1085284,1086117,hypothetical protein,833,30580,.,+,.,gene=HP1022;Putative_Id=hypothetical protein;Orf_Size=833;Prot_Size(est)=30580.0
.,forsyth,gene,HP1023,1086218,1087465,hypothetical protein,1247,45760,.,-,.,gene=HP1023;Putative_Id=hypothetical protein;Orf_Size=1247;Prot_Size(est)=45760.0
.,forsyth,gene,HP1024,1087633,1088496,co-chaperone-curved DNA binding protein A (CbpA) {Escherichia coli},863,31680,.,+,.,gene=HP1024;Putative_Id=co-chaperone-curved DNA binding protein A (CbpA) {Escherichia coli};Orf_Size=863;Prot_Size(est)=31680.0
.,forsyth,gene,HP1025,1088509,1088877,putative heat shock protein (hspR) {Streptomyces coelicolor},368,13530,.,+,.,gene=HP1025;Putative_Id=putative heat shock protein (hspR) {Streptomyces coelicolor};Orf_Size=368;Prot_Size(est)=13530.0
.,forsyth,gene,HP1026,1088877,1090049,conserved hypothetical helicase-like protein {Haemophilus influenzae},1172,43010,.,+,.,gene=HP1026;Putative_Id=conserved hypothetical helicase-like protein {Haemophilus influenzae};Orf_Size=1172;Prot_Size(est)=43010.0
.,forsyth,gene,HP1027,1090212,1090661,ferric uptake regulation protein (fur) {Campylobacter jejuni},449,16500,.,+,.,gene=HP1027;Putative_Id=ferric uptake regulation protein (fur) {Campylobacter jejuni};Orf_Size=449;Prot_Size(est)=16500.0
.,forsyth,gene,HP1028,1090687,1091181,hypothetical protein,494,18150,.,-,.,gene=HP1028;Putative_Id=hypothetical protein;Orf_Size=494;Prot_Size(est)=18150.0
.,forsyth,gene,HP1029,1091181,1091714,hypothetical protein,533,19580,.,-,.,gene=HP1029;Putative_Id=hypothetical protein;Orf_Size=533;Prot_Size(est)=19580.0
.,forsyth,gene,HP1030,1091746,1092606,fliY protein (fliY) {Bacillus subtilis},860,31570,.,-,.,gene=HP1030;Putative_Id=fliY protein (fliY) {Bacillus subtilis};Orf_Size=860;Prot_Size(est)=31570.0
.,forsyth,gene,HP1031,1092613,1093674,flagellar motor switch protein (fliM) {Borrelia burgdorferi},1061,38940,.,-,.,gene=HP1031;Putative_Id=flagellar motor switch protein (fliM) {Borrelia burgdorferi};Orf_Size=1061;Prot_Size(est)=38940.0
.,forsyth,gene,HP1032,1093670,1094434,"alternative transcription initiation factor, sigma-F (fliA) {Escherichia coli}",764,28050,.,-,.,"gene=HP1032;Putative_Id=alternative transcription initiation factor, sigma-F (fliA) {Escherichia coli};Orf_Size=764;Prot_Size(est)=28050.0"
.,forsyth,gene,HP1033,1094443,1094835,hypothetical protein,392,14410,.,+,.,gene=HP1033;Putative_Id=hypothetical protein;Orf_Size=392;Prot_Size(est)=14410.0
.,forsyth,gene,HP1034,1094736,1095617,ATP-binding protein (ylxH) {Borrelia burgdorferi},881,32340,.,-,.,gene=HP1034;Putative_Id=ATP-binding protein (ylxH) {Borrelia burgdorferi};Orf_Size=881;Prot_Size(est)=32340.0
.,forsyth,gene,HP1035,1095617,1096993,flagellar biosynthesis protein (flhF) {Bacillus subtilis},1376,50490,.,-,.,gene=HP1035;Putative_Id=flagellar biosynthesis protein (flhF) {Bacillus subtilis};Orf_Size=1376;Prot_Size(est)=50490.0
.,forsyth,gene,HP1036,1096990,1097478,"7, 8-dihydro-6-hydroxymethylpterin-pyrophosphokinase (folK) {Bacillus subtilis}",488,17930,.,-,.,"gene=HP1036;Putative_Id=7, 8-dihydro-6-hydroxymethylpterin-pyrophosphokinase (folK) {Bacillus subtilis};Orf_Size=488;Prot_Size(est)=17930.0"
.,forsyth,gene,HP1037,1097478,1098548,conserved hypothetical protein {Helicobacter pylori},1070,39270,.,-,.,gene=HP1037;Putative_Id=conserved hypothetical protein {Helicobacter pylori};Orf_Size=1070;Prot_Size(est)=39270.0
.,forsyth,gene,HP1038,1098565,1099065,3-dehydroquinase type II (aroQ) {Helicobacter pylori},500,18370,.,-,.,gene=HP1038;Putative_Id=3-dehydroquinase type II (aroQ) {Helicobacter pylori};Orf_Size=500;Prot_Size(est)=18370.0
.,forsyth,gene,HP1039,1099197,1100483,hypothetical protein,1286,47190,.,-,.,gene=HP1039;Putative_Id=hypothetical protein;Orf_Size=1286;Prot_Size(est)=47190.0
.,forsyth,gene,HP1040,1100517,1100786,ribosomal protein S15 (rps15) {Campylobacter jejuni},269,9900,.,-,.,gene=HP1040;Putative_Id=ribosomal protein S15 (rps15) {Campylobacter jejuni};Orf_Size=269;Prot_Size(est)=9900.0
.,forsyth,gene,HP1041,1100927,1103125,flagellar biosynthesis protein (flhA) {Salmonella choleraesuis},2198,80630,.,+,.,gene=HP1041;Putative_Id=flagellar biosynthesis protein (flhA) {Salmonella choleraesuis};Orf_Size=2198;Prot_Size(est)=80630.0
.,forsyth,gene,HP1042,1103156,1104199,hypothetical protein,1043,38280,.,+,.,gene=HP1042;Putative_Id=hypothetical protein;Orf_Size=1043;Prot_Size(est)=38280.0
.,forsyth,gene,HP1043,1104748,1105416,response regulator {Rhizobium leguminosarum},668,24530,.,-,.,gene=HP1043;Putative_Id=response regulator {Rhizobium leguminosarum};Orf_Size=668;Prot_Size(est)=24530.0
.,forsyth,gene,HP1044,1105776,1106885,conserved hypothetical integral membrane protein {Caenorhabditis elegans},1109,40700,.,-,.,gene=HP1044;Putative_Id=conserved hypothetical integral membrane protein {Caenorhabditis elegans};Orf_Size=1109;Prot_Size(est)=40700.0
.,forsyth,gene,HP1045,1107083,1109068,acetyl-CoA synthetase (acoE) {Alcaligenes eutrophus},1985,72820,.,+,.,gene=HP1045;Putative_Id=acetyl-CoA synthetase (acoE) {Alcaligenes eutrophus};Orf_Size=1985;Prot_Size(est)=72820.0
.,forsyth,gene,HP1046,1109182,1109619,conserved hypothetical protein {Escherichia coli},437,16060,.,-,.,gene=HP1046;Putative_Id=conserved hypothetical protein {Escherichia coli};Orf_Size=437;Prot_Size(est)=16060.0
.,forsyth,gene,HP1047,1109615,1109947,ribosome-binding factor A (rbfA) {Bacillus subtilis},332,12210,.,-,.,gene=HP1047;Putative_Id=ribosome-binding factor A (rbfA) {Bacillus subtilis};Orf_Size=332;Prot_Size(est)=12210.0
.,forsyth,gene,HP1048,1109950,1112781,translation initiation factor IF-2 (infB) {Bacillus stearothermophilus},2831,103840,.,-,.,gene=HP1048;Putative_Id=translation initiation factor IF-2 (infB) {Bacillus stearothermophilus};Orf_Size=2831;Prot_Size(est)=103840.0
.,forsyth,gene,HP1049,1112781,1113047,conserved hypothetical protein {Thermus aquaticus},266,9790,.,-,.,gene=HP1049;Putative_Id=conserved hypothetical protein {Thermus aquaticus};Orf_Size=266;Prot_Size(est)=9790.0
.,forsyth,gene,HP1050,1113022,1113900,homoserine kinase (thrB) {Bacillus subtilis},878,32230,.,-,.,gene=HP1050;Putative_Id=homoserine kinase (thrB) {Bacillus subtilis};Orf_Size=878;Prot_Size(est)=32230.0
.,forsyth,gene,HP1051,1113957,1114376,hypothetical protein,419,15400,.,-,.,gene=HP1051;Putative_Id=hypothetical protein;Orf_Size=419;Prot_Size(est)=15400.0
.,forsyth,gene,HP1052,1114452,1115336,UDP-3-0-acyl N-acetylglcosamine deacetylase (envA) {Haemophilus influenzae},884,32450,.,-,.,gene=HP1052;Putative_Id=UDP-3-0-acyl N-acetylglcosamine deacetylase (envA) {Haemophilus influenzae};Orf_Size=884;Prot_Size(est)=32450.0
.,forsyth,gene,HP1053,1115336,1115986,hypothetical protein,650,23870,.,-,.,gene=HP1053;Putative_Id=hypothetical protein;Orf_Size=650;Prot_Size(est)=23870.0
.,forsyth,gene,HP1054,1115926,1117191,hypothetical protein,1265,46420,.,-,.,gene=HP1054;Putative_Id=hypothetical protein;Orf_Size=1265;Prot_Size(est)=46420.0
.,forsyth,gene,HP1055,1117258,1118199,hypothetical protein,941,34540,.,-,.,gene=HP1055;Putative_Id=hypothetical protein;Orf_Size=941;Prot_Size(est)=34540.0
.,forsyth,gene,HP1056,1118211,1119062,hypothetical protein,851,31240,.,-,.,gene=HP1056;Putative_Id=hypothetical protein;Orf_Size=851;Prot_Size(est)=31240.0
.,forsyth,gene,HP1057,1119043,1119762,hypothetical protein,719,26400,.,-,.,gene=HP1057;Putative_Id=hypothetical protein;Orf_Size=719;Prot_Size(est)=26400.0
.,forsyth,gene,HP1058,1119911,1120720,3-methyl-2-oxobutanoate hydroxymethyltransferase (panB) {Bacillus subtilis},809,29700,.,+,.,gene=HP1058;Putative_Id=3-methyl-2-oxobutanoate hydroxymethyltransferase (panB) {Bacillus subtilis};Orf_Size=809;Prot_Size(est)=29700.0
.,forsyth,gene,HP1059,1120723,1121730,Holliday junction DNA helicase (ruvB) {Haemophilus influenzae},1007,36960,.,+,.,gene=HP1059;Putative_Id=Holliday junction DNA helicase (ruvB) {Haemophilus influenzae};Orf_Size=1007;Prot_Size(est)=36960.0
.,forsyth,gene,HP1060,1121801,1122280,hypothetical protein,479,17600,.,+,.,gene=HP1060;Putative_Id=hypothetical protein;Orf_Size=479;Prot_Size(est)=17600.0
.,forsyth,gene,HP1061,1122276,1123034,conserved hypothetical integral membrane protein {Haemophilus influenzae},758,27830,.,+,.,gene=HP1061;Putative_Id=conserved hypothetical integral membrane protein {Haemophilus influenzae};Orf_Size=758;Prot_Size(est)=27830.0
.,forsyth,gene,HP1062,1123038,1124072,S-adenosylmethionine:tRNA ribosyltransferase-isomerase (queA) {Haemophilus influenzae},1034,37950,.,+,.,gene=HP1062;Putative_Id=S-adenosylmethionine:tRNA ribosyltransferase-isomerase (queA) {Haemophilus influenzae};Orf_Size=1034;Prot_Size(est)=37950.0
.,forsyth,gene,HP1063,1124072,1124605,glucose-inhibited division protein (gidB) {Escherichia coli},533,19580,.,+,.,gene=HP1063;Putative_Id=glucose-inhibited division protein (gidB) {Escherichia coli};Orf_Size=533;Prot_Size(est)=19580.0
.,forsyth,gene,HP1064,1124551,1124829,hypothetical protein,278,10230,.,+,.,gene=HP1064;Putative_Id=hypothetical protein;Orf_Size=278;Prot_Size(est)=10230.0
.,forsyth,gene,HP1065,1124835,1125239,hypothetical protein,404,14850,.,+,.,gene=HP1065;Putative_Id=hypothetical protein;Orf_Size=404;Prot_Size(est)=14850.0
.,forsyth,gene,HP1066,1125378,1125977,conserved hypothetical protein {Helicobacter pylori},599,22000,.,-,.,gene=HP1066;Putative_Id=conserved hypothetical protein {Helicobacter pylori};Orf_Size=599;Prot_Size(est)=22000.0
.,forsyth,gene,HP1067,1126268,1126639,chemotaxis protein (cheY) {Heliocobacter pylori},371,13640,.,+,.,gene=HP1067;Putative_Id=chemotaxis protein (cheY) {Heliocobacter pylori};Orf_Size=371;Prot_Size(est)=13640.0
.,forsyth,gene,HP1068,1126643,1127641,ribosomal protein L11 methyltransferase (prmA) {Haemophilus influenzae},998,36630,.,+,.,gene=HP1068;Putative_Id=ribosomal protein L11 methyltransferase (prmA) {Haemophilus influenzae};Orf_Size=998;Prot_Size(est)=36630.0
.,forsyth,gene,HP1069,1127653,1129548,cell division protein (ftsH) {Helicobacter pylori},1895,69520,.,+,.,gene=HP1069;Putative_Id=cell division protein (ftsH) {Helicobacter pylori};Orf_Size=1895;Prot_Size(est)=69520.0
.,forsyth,gene,HP1070,1129554,1129805,hypothetical protein,251,9240,.,+,.,gene=HP1070;Putative_Id=hypothetical protein;Orf_Size=251;Prot_Size(est)=9240.0
.,forsyth,gene,HP1071,1129798,1130508,phosphatidylserine synthase (pssA) {Helicobacter pylori},710,26070,.,+,.,gene=HP1071;Putative_Id=phosphatidylserine synthase (pssA) {Helicobacter pylori};Orf_Size=710;Prot_Size(est)=26070.0
.,forsyth,gene,HP1072,1130508,1132742,"copper-transporting ATPase, P-type (copA) {Helicobacter pylori}",2234,81950,.,+,.,"gene=HP1072;Putative_Id=copper-transporting ATPase, P-type (copA) {Helicobacter pylori};Orf_Size=2234;Prot_Size(est)=81950.0"
.,forsyth,gene,HP1073,1132746,1132943,copper ion binding protein (copP) {Helicobacter pylori},197,7260,.,+,.,gene=HP1073;Putative_Id=copper ion binding protein (copP) {Helicobacter pylori};Orf_Size=197;Prot_Size(est)=7260.0
.,forsyth,gene,HP1074,1133091,1133876,hypothetical protein,785,28820,.,+,.,gene=HP1074;Putative_Id=hypothetical protein;Orf_Size=785;Prot_Size(est)=28820.0
.,forsyth,gene,HP1075,1133938,1135251,conserved hypothetical secreted protein,1313,48180,.,-,.,gene=HP1075;Putative_Id=conserved hypothetical secreted protein;Orf_Size=1313;Prot_Size(est)=48180.0
.,forsyth,gene,HP1076,1135386,1135898,hypothetical protein,512,18810,.,+,.,gene=HP1076;Putative_Id=hypothetical protein;Orf_Size=512;Prot_Size(est)=18810.0
.,forsyth,gene,HP1077,1135908,1136900,nickel transport protein (nixA) {Helicobacter pylori},992,36410,.,-,.,gene=HP1077;Putative_Id=nickel transport protein (nixA) {Helicobacter pylori};Orf_Size=992;Prot_Size(est)=36410.0
.,forsyth,gene,HP1078,1136961,1137644,hypothetical protein,683,25080,.,-,.,gene=HP1078;Putative_Id=hypothetical protein;Orf_Size=683;Prot_Size(est)=25080.0
.,forsyth,gene,HP1079,1137676,1138785,hypothetical protein,1109,40700,.,-,.,gene=HP1079;Putative_Id=hypothetical protein;Orf_Size=1109;Prot_Size(est)=40700.0
.,forsyth,gene,HP1080,1138899,1139465,conserved hypothetical integral membrane protein {Synechocystis sp.},566,20790,.,-,.,gene=HP1080;Putative_Id=conserved hypothetical integral membrane protein {Synechocystis sp.};Orf_Size=566;Prot_Size(est)=20790.0
.,forsyth,gene,HP1081,1139472,1140092,hypothetical protein,620,22770,.,-,.,gene=HP1081;Putative_Id=hypothetical protein;Orf_Size=620;Prot_Size(est)=22770.0
.,forsyth,gene,HP1082,1140089,1141741,multidrug resistance protein (msbA) {Haemophilus influenzae},1652,60610,.,-,.,gene=HP1082;Putative_Id=multidrug resistance protein (msbA) {Haemophilus influenzae};Orf_Size=1652;Prot_Size(est)=60610.0
.,forsyth,gene,HP1083,1141836,1143272,hypothetical protein,1436,52690,.,-,.,gene=HP1083;Putative_Id=hypothetical protein;Orf_Size=1436;Prot_Size(est)=52690.0
.,forsyth,gene,HP1084,1143530,1144450,aspartate transcarbamoylase (pyrB) {Bacillus subtilis},920,33770,.,-,.,gene=HP1084;Putative_Id=aspartate transcarbamoylase (pyrB) {Bacillus subtilis};Orf_Size=920;Prot_Size(est)=33770.0
.,forsyth,gene,HP1085,1144517,1145029,hypothetical protein,512,18810,.,+,.,gene=HP1085;Putative_Id=hypothetical protein;Orf_Size=512;Prot_Size(est)=18810.0
.,forsyth,gene,HP1086,1145032,1145736,hemolysin (tly) {Serpulina hyodysenteriae},704,25850,.,+,.,gene=HP1086;Putative_Id=hemolysin (tly) {Serpulina hyodysenteriae};Orf_Size=704;Prot_Size(est)=25850.0
.,forsyth,gene,HP1087,1145705,1146544,riboflavin biosynthesis regulatory protein (ribC) {Bacillus subtilis},839,30800,.,+,.,gene=HP1087;Putative_Id=riboflavin biosynthesis regulatory protein (ribC) {Bacillus subtilis};Orf_Size=839;Prot_Size(est)=30800.0
.,forsyth,gene,HP1088,1146594,1148516,transketolase A (tktA) {Haemophilus influenzae},1922,70510,.,+,.,gene=HP1088;Putative_Id=transketolase A (tktA) {Haemophilus influenzae};Orf_Size=1922;Prot_Size(est)=70510.0
.,forsyth,gene,HP1089,1148516,1150849,hypothetical protein,2333,85580,.,+,.,gene=HP1089;Putative_Id=hypothetical protein;Orf_Size=2333;Prot_Size(est)=85580.0
.,forsyth,gene,HP1090,1150840,1153413,cell division protein (ftsK) {Escherichia coli},2573,94380,.,+,.,gene=HP1090;Putative_Id=cell division protein (ftsK) {Escherichia coli};Orf_Size=2573;Prot_Size(est)=94380.0
.,forsyth,gene,HP1091,1153676,1154953,alpha-ketoglutarate permease (kgtP) {Escherichia coli},1277,46860,.,+,.,gene=HP1091;Putative_Id=alpha-ketoglutarate permease (kgtP) {Escherichia coli};Orf_Size=1277;Prot_Size(est)=46860.0
.,forsyth,gene,HP1092,1155009,1155815,flagellar basal-body rod protein (flgG) {Salmonella choleraesuis},806,29590,.,+,.,gene=HP1092;Putative_Id=flagellar basal-body rod protein (flgG) {Salmonella choleraesuis};Orf_Size=806;Prot_Size(est)=29590.0
.,forsyth,gene,HP1093,1156139,1156222,hypothetical protein,83,3080,.,-,.,gene=HP1093;Putative_Id=hypothetical protein;Orf_Size=83;Prot_Size(est)=3080.0
.,forsyth,gene,HP1094,1156399,1156752,hypothetical protein,353,12980,.,+,.,gene=HP1094;Putative_Id=hypothetical protein;Orf_Size=353;Prot_Size(est)=12980.0
.,forsyth,gene,HP1095,1156727,1158007,IS605 transposase (tnpB) {Helicobacter pylori},1280,46970,.,-,.,gene=HP1095;Putative_Id=IS605 transposase (tnpB) {Helicobacter pylori};Orf_Size=1280;Prot_Size(est)=46970.0
.,forsyth,gene,HP1096,1158077,1158502,IS605 transposase (tnpA) {Helicobacter pylori},425,15620,.,+,.,gene=HP1096;Putative_Id=IS605 transposase (tnpA) {Helicobacter pylori};Orf_Size=425;Prot_Size(est)=15620.0
.,forsyth,gene,HP1097,1158606,1158698,hypothetical protein,92,3410,.,-,.,gene=HP1097;Putative_Id=hypothetical protein;Orf_Size=92;Prot_Size(est)=3410.0
.,forsyth,gene,HP1098,1158722,1159591,conserved hypothetical secreted protein {Escherichia coli},869,31900,.,-,.,gene=HP1098;Putative_Id=conserved hypothetical secreted protein {Escherichia coli};Orf_Size=869;Prot_Size(est)=31900.0
.,forsyth,gene,HP1099,1159664,1160287,2-keto-3-deoxy-6-phosphogluconate aldolase (eda) {Escherichia coli},623,22880,.,-,.,gene=HP1099;Putative_Id=2-keto-3-deoxy-6-phosphogluconate aldolase (eda) {Escherichia coli};Orf_Size=623;Prot_Size(est)=22880.0
.,forsyth,gene,HP1100,1160309,1162132,6-phosphogluconate dehydratase {Escherichia coli},1823,66880,.,-,.,gene=HP1100;Putative_Id=6-phosphogluconate dehydratase {Escherichia coli};Orf_Size=1823;Prot_Size(est)=66880.0
.,forsyth,gene,HP1101,1162198,1163472,glucose-6-phosphate dehydrogenase (g6pD) {Escherichia coli},1274,46750,.,+,.,gene=HP1101;Putative_Id=glucose-6-phosphate dehydrogenase (g6pD) {Escherichia coli};Orf_Size=1274;Prot_Size(est)=46750.0
.,forsyth,gene,HP1102,1163486,1164166,glucose-6-phosphate 1-dehydrogenase (devB) {Anabaena sp.},680,24970,.,+,.,gene=HP1102;Putative_Id=glucose-6-phosphate 1-dehydrogenase (devB) {Anabaena sp.};Orf_Size=680;Prot_Size(est)=24970.0
.,forsyth,gene,HP1103,1164156,1165163,glucokinase (glk) {Escherichia coli},1007,36960,.,+,.,gene=HP1103;Putative_Id=glucokinase (glk) {Escherichia coli};Orf_Size=1007;Prot_Size(est)=36960.0
.,forsyth,gene,HP1104,1165328,1166371,cinnamyl-alcohol dehydrogenase ELI3-2 (cad) {Arabidopsis thaliana},1043,38280,.,+,.,gene=HP1104;Putative_Id=cinnamyl-alcohol dehydrogenase ELI3-2 (cad) {Arabidopsis thaliana};Orf_Size=1043;Prot_Size(est)=38280.0
.,forsyth,gene,HP1105,1166389,1167681,LPS biosynthesis protein,1292,47410,.,-,.,gene=HP1105;Putative_Id=LPS biosynthesis protein;Orf_Size=1292;Prot_Size(est)=47410.0
.,forsyth,gene,HP1106,1167872,1169176,hypothetical protein,1304,47850,.,+,.,gene=HP1106;Putative_Id=hypothetical protein;Orf_Size=1304;Prot_Size(est)=47850.0
.,forsyth,gene,HP1107,1169189,1169878,outer membrane protein (omp23),689,25300,.,-,.,gene=HP1107;Putative_Id=outer membrane protein (omp23);Orf_Size=689;Prot_Size(est)=25300.0
.,forsyth,gene,HP1108,1170138,1170695,"pyruvate ferredoxin oxidoreductase, gamma subunit {Pyrococcus furiosus}",557,20460,.,+,.,"gene=HP1108;Putative_Id=pyruvate ferredoxin oxidoreductase, gamma subunit {Pyrococcus furiosus};Orf_Size=557;Prot_Size(est)=20460.0"
.,forsyth,gene,HP1109,1170714,1171103,"pyruvate ferredoxin oxidoreductase, delta subunit {Thermotoga maritima}",389,14300,.,+,.,"gene=HP1109;Putative_Id=pyruvate ferredoxin oxidoreductase, delta subunit {Thermotoga maritima};Orf_Size=389;Prot_Size(est)=14300.0"
.,forsyth,gene,HP1110,1171116,1172336,"pyruvate ferredoxin oxidoreductase, alpha subunit {Pyrococcus furiosus}",1220,44770,.,+,.,"gene=HP1110;Putative_Id=pyruvate ferredoxin oxidoreductase, alpha subunit {Pyrococcus furiosus};Orf_Size=1220;Prot_Size(est)=44770.0"
.,forsyth,gene,HP1111,1172352,1173293,"pyruvate ferredoxin oxidoreductase, beta subunit {Thermotoga maritima}",941,34540,.,+,.,"gene=HP1111;Putative_Id=pyruvate ferredoxin oxidoreductase, beta subunit {Thermotoga maritima};Orf_Size=941;Prot_Size(est)=34540.0"
.,forsyth,gene,HP1112,1173406,1174725,adenylosuccinate lyase (purB) {Bacillus subtilis},1319,48400,.,+,.,gene=HP1112;Putative_Id=adenylosuccinate lyase (purB) {Bacillus subtilis};Orf_Size=1319;Prot_Size(est)=48400.0
.,forsyth,gene,HP1113,1174794,1175624,outer membrane protein (omp24),830,30470,.,+,.,gene=HP1113;Putative_Id=outer membrane protein (omp24);Orf_Size=830;Prot_Size(est)=30470.0
.,forsyth,gene,HP1114,1175641,1177614,excinuclease ABC subunit B (uvrB) {Haemophilus influenzae},1973,72380,.,-,.,gene=HP1114;Putative_Id=excinuclease ABC subunit B (uvrB) {Haemophilus influenzae};Orf_Size=1973;Prot_Size(est)=72380.0
.,forsyth,gene,HP1115,1177687,1178370,hypothetical protein,683,25080,.,-,.,gene=HP1115;Putative_Id=hypothetical protein;Orf_Size=683;Prot_Size(est)=25080.0
.,forsyth,gene,HP1116,1178387,1181257,hypothetical protein,2870,105270,.,-,.,gene=HP1116;Putative_Id=hypothetical protein;Orf_Size=2870;Prot_Size(est)=105270.0
.,forsyth,gene,HP1117,1181670,1182437,conserved hypothetical secreted protein {Escherichia coli},767,28160,.,-,.,gene=HP1117;Putative_Id=conserved hypothetical secreted protein {Escherichia coli};Orf_Size=767;Prot_Size(est)=28160.0
.,forsyth,gene,HP1118,1182709,1184409,gamma-glutamyltranspeptidase (ggt) {Escherichia coli},1700,62370,.,-,.,gene=HP1118;Putative_Id=gamma-glutamyltranspeptidase (ggt) {Escherichia coli};Orf_Size=1700;Prot_Size(est)=62370.0
.,forsyth,gene,HP1119,1184623,1186440,flagellar hook-associated protein 1 (HAP1) (flgK) {Salmonella choleraesuis},1817,66660,.,-,.,gene=HP1119;Putative_Id=flagellar hook-associated protein 1 (HAP1) (flgK) {Salmonella choleraesuis};Orf_Size=1817;Prot_Size(est)=66660.0
.,forsyth,gene,HP1120,1186445,1186876,hypothetical protein,431,15840,.,-,.,gene=HP1120;Putative_Id=hypothetical protein;Orf_Size=431;Prot_Size(est)=15840.0
.,forsyth,gene,HP1121,1187008,1187943,cytosine specific DNA methyltransferase (BSP6IM) {Bacillus sp.},935,34320,.,-,.,gene=HP1121;Putative_Id=cytosine specific DNA methyltransferase (BSP6IM) {Bacillus sp.};Orf_Size=935;Prot_Size(est)=34320.0
.,forsyth,gene,HP1122,1188108,1188335,hypothetical protein,227,8360,.,-,.,gene=HP1122;Putative_Id=hypothetical protein;Orf_Size=227;Prot_Size(est)=8360.0
.,forsyth,gene,HP1123,1188613,1189167,"peptidyl-prolyl cis-trans isomerase, FKBP-type rotamase (slyD) {Escherichia coli}",554,20350,.,-,.,"gene=HP1123;Putative_Id=peptidyl-prolyl cis-trans isomerase, FKBP-type rotamase (slyD) {Escherichia coli};Orf_Size=554;Prot_Size(est)=20350.0"
.,forsyth,gene,HP1124,1189157,1190149,hypothetical protein,992,36410,.,-,.,gene=HP1124;Putative_Id=hypothetical protein;Orf_Size=992;Prot_Size(est)=36410.0
.,forsyth,gene,HP1125,1190160,1190696,peptidoglycan associated lipoprotein precursor (omp18) {Campylobacter jejuni},536,19690,.,-,.,gene=HP1125;Putative_Id=peptidoglycan associated lipoprotein precursor (omp18) {Campylobacter jejuni};Orf_Size=536;Prot_Size(est)=19690.0
.,forsyth,gene,HP1126,1190766,1192016,colicin tolerance-like protein (tolB) {Haemophilus influenzae},1250,45870,.,-,.,gene=HP1126;Putative_Id=colicin tolerance-like protein (tolB) {Haemophilus influenzae};Orf_Size=1250;Prot_Size(est)=45870.0
.,forsyth,gene,HP1127,1192016,1192594,hypothetical protein,578,21230,.,-,.,gene=HP1127;Putative_Id=hypothetical protein;Orf_Size=578;Prot_Size(est)=21230.0
.,forsyth,gene,HP1128,1192587,1192838,hypothetical protein,251,9240,.,-,.,gene=HP1128;Putative_Id=hypothetical protein;Orf_Size=251;Prot_Size(est)=9240.0
.,forsyth,gene,HP1129,1192860,1193258,biopolymer transport protein (exbD) {Escherichia coli},398,14630,.,-,.,gene=HP1129;Putative_Id=biopolymer transport protein (exbD) {Escherichia coli};Orf_Size=398;Prot_Size(est)=14630.0
.,forsyth,gene,HP1130,1193314,1193880,biopolymer transport protein (exbB) {Escherichia coli},566,20790,.,-,.,gene=HP1130;Putative_Id=biopolymer transport protein (exbB) {Escherichia coli};Orf_Size=566;Prot_Size(est)=20790.0
.,forsyth,gene,HP1131,1193894,1194265,"ATP synthase F1, subunit epsilon (atpC) {Bacillus firmus}",371,13640,.,-,.,"gene=HP1131;Putative_Id=ATP synthase F1, subunit epsilon (atpC) {Bacillus firmus};Orf_Size=371;Prot_Size(est)=13640.0"
.,forsyth,gene,HP1132,1194276,1195682,"ATP synthase F1, subunit beta (atpD) {Wolinella succinogenes}",1406,51590,.,-,.,"gene=HP1132;Putative_Id=ATP synthase F1, subunit beta (atpD) {Wolinella succinogenes};Orf_Size=1406;Prot_Size(est)=51590.0"
.,forsyth,gene,HP1133,1195708,1196610,"ATP synthase F1, subunit gamma (atpG) {Bacillus megaterium}",902,33110,.,-,.,"gene=HP1133;Putative_Id=ATP synthase F1, subunit gamma (atpG) {Bacillus megaterium};Orf_Size=902;Prot_Size(est)=33110.0"
.,forsyth,gene,HP1134,1196628,1198136,"ATP synthase F1, subunit alpha (atpA) {Myxococcus xanthus}",1508,55330,.,-,.,"gene=HP1134;Putative_Id=ATP synthase F1, subunit alpha (atpA) {Myxococcus xanthus};Orf_Size=1508;Prot_Size(est)=55330.0"
.,forsyth,gene,HP1135,1198160,1198699,"ATP synthase F1, subunit delta (atpH) {Vibrio alginolyticus}",539,19800,.,-,.,"gene=HP1135;Putative_Id=ATP synthase F1, subunit delta (atpH) {Vibrio alginolyticus};Orf_Size=539;Prot_Size(est)=19800.0"
.,forsyth,gene,HP1136,1198703,1199215,"ATP synthase F0, subunit b (atpF) {Synechocystis sp.}",512,18810,.,-,.,"gene=HP1136;Putative_Id=ATP synthase F0, subunit b (atpF) {Synechocystis sp.};Orf_Size=512;Prot_Size(est)=18810.0"
.,forsyth,gene,HP1137,1199222,1199653,"ATP synthase F0, subunit b' (atpF') {Synechococcus sp.}",431,15840,.,-,.,"gene=HP1137;Putative_Id=ATP synthase F0, subunit b' (atpF') {Synechococcus sp.};Orf_Size=431;Prot_Size(est)=15840.0"
.,forsyth,gene,HP1138,1199767,1200636,plasmid replication-partition related protein  {Coxiella burnetii},869,31900,.,-,.,gene=HP1138;Putative_Id=plasmid replication-partition related protein  {Coxiella burnetii};Orf_Size=869;Prot_Size(est)=31900.0
.,forsyth,gene,HP1139,1200642,1201433,SpoOJ regulator (soj) {Bacillus subtilis},791,29040,.,-,.,gene=HP1139;Putative_Id=SpoOJ regulator (soj) {Bacillus subtilis};Orf_Size=791;Prot_Size(est)=29040.0
.,forsyth,gene,HP1140,1201439,1202074,biotin operon repressor/biotin acetyl coenzyme A carboxylase synthetase (birA) {Escherichia coli},635,23320,.,-,.,gene=HP1140;Putative_Id=biotin operon repressor/biotin acetyl coenzyme A carboxylase synthetase (birA) {Escherichia coli};Orf_Size=635;Prot_Size(est)=23320.0
.,forsyth,gene,HP1141,1202074,1202982,methionyl-tRNA formyltransferase (fmt) {Escherichia coli},908,33330,.,-,.,gene=HP1141;Putative_Id=methionyl-tRNA formyltransferase (fmt) {Escherichia coli};Orf_Size=908;Prot_Size(est)=33330.0
.,forsyth,gene,HP1142,1203009,1205285,hypothetical protein,2276,83490,.,-,.,gene=HP1142;Putative_Id=hypothetical protein;Orf_Size=2276;Prot_Size(est)=83490.0
.,forsyth,gene,HP1143,1205328,1206626,hypothetical protein,1298,47630,.,-,.,gene=HP1143;Putative_Id=hypothetical protein;Orf_Size=1298;Prot_Size(est)=47630.0
.,forsyth,gene,HP1144,1206870,1207124,hypothetical protein,254,9350,.,+,.,gene=HP1144;Putative_Id=hypothetical protein;Orf_Size=254;Prot_Size(est)=9350.0
.,forsyth,gene,HP1145,1209834,1210142,hypothetical protein,308,11330,.,-,.,gene=HP1145;Putative_Id=hypothetical protein;Orf_Size=308;Prot_Size(est)=11330.0
.,forsyth,gene,HP1146,1210205,1210711,hypothetical protein,506,18590,.,-,.,gene=HP1146;Putative_Id=hypothetical protein;Orf_Size=506;Prot_Size(est)=18590.0
.,forsyth,gene,HP1147,1211234,1211587,ribosomal protein L19 (rpl19) {Haemophilus influenzae},353,12980,.,-,.,gene=HP1147;Putative_Id=ribosomal protein L19 (rpl19) {Haemophilus influenzae};Orf_Size=353;Prot_Size(est)=12980.0
.,forsyth,gene,HP1148,1211612,1212298,tRNA (guanine-N1)-methyltransferase (trmD) {Mycoplasma genitalium},686,25190,.,-,.,gene=HP1148;Putative_Id=tRNA (guanine-N1)-methyltransferase (trmD) {Mycoplasma genitalium};Orf_Size=686;Prot_Size(est)=25190.0
.,forsyth,gene,HP1149,1212302,1212853,conserved hypothetical protein {Escherichia coli},551,20240,.,-,.,gene=HP1149;Putative_Id=conserved hypothetical protein {Escherichia coli};Orf_Size=551;Prot_Size(est)=20240.0
.,forsyth,gene,HP1150,1212857,1213201,hypothetical protein,344,12650,.,-,.,gene=HP1150;Putative_Id=hypothetical protein;Orf_Size=344;Prot_Size(est)=12650.0
.,forsyth,gene,HP1151,1213221,1213448,ribosomal protein S16 (rpS16) {Haemophilus influenzae},227,8360,.,-,.,gene=HP1151;Putative_Id=ribosomal protein S16 (rpS16) {Haemophilus influenzae};Orf_Size=227;Prot_Size(est)=8360.0
.,forsyth,gene,HP1152,1213525,1214868,signal recognition particle protein (ffh) {Bacillus subtilis},1343,49280,.,-,.,gene=HP1152;Putative_Id=signal recognition particle protein (ffh) {Bacillus subtilis};Orf_Size=1343;Prot_Size(est)=49280.0
.,forsyth,gene,HP1153,1214886,1217507,valyl-tRNA synthetase (valS) {Escherichia coli},2621,96140,.,-,.,gene=HP1153;Putative_Id=valyl-tRNA synthetase (valS) {Escherichia coli};Orf_Size=2621;Prot_Size(est)=96140.0
.,forsyth,gene,HP1154,1217638,1218042,hypothetical protein,404,14850,.,+,.,gene=HP1154;Putative_Id=hypothetical protein;Orf_Size=404;Prot_Size(est)=14850.0
.,forsyth,gene,HP1155,1218057,1219115,"transferase, peptidoglycan synthesis (murG) {Haemophilus influenzae}",1058,38830,.,+,.,"gene=HP1155;Putative_Id=transferase, peptidoglycan synthesis (murG) {Haemophilus influenzae};Orf_Size=1058;Prot_Size(est)=38830.0"
.,forsyth,gene,HP1156,1219226,1221313,outer membrane protein (omp25),2087,76560,.,+,.,gene=HP1156;Putative_Id=outer membrane protein (omp25);Orf_Size=2087;Prot_Size(est)=76560.0
.,forsyth,gene,HP1157,1221339,1225028,outer membrane protein (omp26),3689,135300,.,+,.,gene=HP1157;Putative_Id=outer membrane protein (omp26);Orf_Size=3689;Prot_Size(est)=135300.0
.,forsyth,gene,HP1158,1225045,1225815,pyrroline-5-carboxylate reductase (proC) {Escherichia coli},770,28270,.,+,.,gene=HP1158;Putative_Id=pyrroline-5-carboxylate reductase (proC) {Escherichia coli};Orf_Size=770;Prot_Size(est)=28270.0
.,forsyth,gene,HP1159,1225846,1226376,cell filamentation protein (fic) {Haemophilus influenzae},530,19470,.,+,.,gene=HP1159;Putative_Id=cell filamentation protein (fic) {Haemophilus influenzae};Orf_Size=530;Prot_Size(est)=19470.0
.,forsyth,gene,HP1160,1226473,1226892,conserved hypothetical protein {Haemophilus influenzae},419,15400,.,-,.,gene=HP1160;Putative_Id=conserved hypothetical protein {Haemophilus influenzae};Orf_Size=419;Prot_Size(est)=15400.0
.,forsyth,gene,HP1161,1226950,1227441,flavodoxin (fldA) {Synechococcus sp.},491,18040,.,-,.,gene=HP1161;Putative_Id=flavodoxin (fldA) {Synechococcus sp.};Orf_Size=491;Prot_Size(est)=18040.0
.,forsyth,gene,HP1162,1227534,1228145,conserved hypothetical integral membrane protein {Escherichia coli},611,22440,.,-,.,gene=HP1162;Putative_Id=conserved hypothetical integral membrane protein {Escherichia coli};Orf_Size=611;Prot_Size(est)=22440.0
.,forsyth,gene,HP1163,1228239,1228427,hypothetical protein,188,6930,.,+,.,gene=HP1163;Putative_Id=hypothetical protein;Orf_Size=188;Prot_Size(est)=6930.0
.,forsyth,gene,HP1164,1228455,1229426,thioredoxin reductase (trxB) {Plasmodium falciparum},971,35640,.,+,.,gene=HP1164;Putative_Id=thioredoxin reductase (trxB) {Plasmodium falciparum};Orf_Size=971;Prot_Size(est)=35640.0
.,forsyth,gene,HP1165,1229439,1230596,"tetracycline resistance protein tetA(P), putative {Clostridium perfringens}",1157,42460,.,-,.,"gene=HP1165;Putative_Id=tetracycline resistance protein tetA(P), putative {Clostridium perfringens};Orf_Size=1157;Prot_Size(est)=42460.0"
.,forsyth,gene,HP1166,1230660,1232294,glucose-6-phosphate isomerase (pgi) {Escherichia coli},1634,59950,.,+,.,gene=HP1166;Putative_Id=glucose-6-phosphate isomerase (pgi) {Escherichia coli};Orf_Size=1634;Prot_Size(est)=59950.0
.,forsyth,gene,HP1167,1232603,1234015,hypothetical protein,1412,51810,.,+,.,gene=HP1167;Putative_Id=hypothetical protein;Orf_Size=1412;Prot_Size(est)=51810.0
.,forsyth,gene,HP1168,1234299,1236359,carbon starvation protein (cstA) {Escherichia coli},2060,75570,.,-,.,gene=HP1168;Putative_Id=carbon starvation protein (cstA) {Escherichia coli};Orf_Size=2060;Prot_Size(est)=75570.0
.,forsyth,gene,HP1169,1236572,1237222,"glutamine ABC transporter, permease protein (glnP) {Escherichia coli}",650,23870,.,+,.,"gene=HP1169;Putative_Id=glutamine ABC transporter, permease protein (glnP) {Escherichia coli};Orf_Size=650;Prot_Size(est)=23870.0"
.,forsyth,gene,HP1170,1237227,1237895,"glutamine ABC transporter, permease protein (glnP) {Escherichia coli}",668,24530,.,+,.,"gene=HP1170;Putative_Id=glutamine ABC transporter, permease protein (glnP) {Escherichia coli};Orf_Size=668;Prot_Size(est)=24530.0"
.,forsyth,gene,HP1171,1237900,1238643,"glutamine ABC transporter, ATP-binding protein (glnQ) {Bacillus subtilis}",743,27280,.,+,.,"gene=HP1171;Putative_Id=glutamine ABC transporter, ATP-binding protein (glnQ) {Bacillus subtilis};Orf_Size=743;Prot_Size(est)=27280.0"
.,forsyth,gene,HP1172,1238695,1239525,"glutamine ABC transporter, periplasmic glutamine-binding protein (glnH) {Bacillus subtilis}",830,30470,.,+,.,"gene=HP1172;Putative_Id=glutamine ABC transporter, periplasmic glutamine-binding protein (glnH) {Bacillus subtilis};Orf_Size=830;Prot_Size(est)=30470.0"
.,forsyth,gene,HP1173,1239650,1240198,hypothetical protein,548,20130,.,+,.,gene=HP1173;Putative_Id=hypothetical protein;Orf_Size=548;Prot_Size(est)=20130.0
.,forsyth,gene,HP1174,1240476,1241696,glucose/galactose transporter (gluP) {Brucella melitensis},1220,44770,.,-,.,gene=HP1174;Putative_Id=glucose/galactose transporter (gluP) {Brucella melitensis};Orf_Size=1220;Prot_Size(est)=44770.0
.,forsyth,gene,HP1175,1241828,1243132,conserved hypothetical integral membrane protein {Methanococcus jannaschii},1304,47850,.,-,.,gene=HP1175;Putative_Id=conserved hypothetical integral membrane protein {Methanococcus jannaschii};Orf_Size=1304;Prot_Size(est)=47850.0
.,forsyth,gene,HP1176,1243381,1243482,hypothetical protein,101,3740,.,-,.,gene=HP1176;Putative_Id=hypothetical protein;Orf_Size=101;Prot_Size(est)=3740.0
.,forsyth,gene,HP1177,1243586,1245508,outer membrane protein (omp27),1922,70510,.,-,.,gene=HP1177;Putative_Id=outer membrane protein (omp27);Orf_Size=1922;Prot_Size(est)=70510.0
.,forsyth,gene,HP1178,1245967,1246665,purine-nucleoside phosphorylase (deoD) {Escherichia coli},698,25630,.,-,.,gene=HP1178;Putative_Id=purine-nucleoside phosphorylase (deoD) {Escherichia coli};Orf_Size=698;Prot_Size(est)=25630.0
.,forsyth,gene,HP1179,1246665,1247903,phosphopentomutase (deoB) {Escherichia coli},1238,45430,.,-,.,gene=HP1179;Putative_Id=phosphopentomutase (deoB) {Escherichia coli};Orf_Size=1238;Prot_Size(est)=45430.0
.,forsyth,gene,HP1180,1247918,1249171,pyrimidine nucleoside transport protein (nupC) {Bacillus subtilis},1253,45980,.,-,.,gene=HP1180;Putative_Id=pyrimidine nucleoside transport protein (nupC) {Bacillus subtilis};Orf_Size=1253;Prot_Size(est)=45980.0
.,forsyth,gene,HP1181,1249488,1250816,multidrug-efflux transporter {Staphylococcus aureus},1328,48730,.,+,.,gene=HP1181;Putative_Id=multidrug-efflux transporter {Staphylococcus aureus};Orf_Size=1328;Prot_Size(est)=48730.0
.,forsyth,gene,HP1182,1250838,1251596,conserved hypothetical protein {Haemophilus influenzae},758,27830,.,+,.,gene=HP1182;Putative_Id=conserved hypothetical protein {Haemophilus influenzae};Orf_Size=758;Prot_Size(est)=27830.0
.,forsyth,gene,HP1183,1251611,1252759,NA+/H+ antiporter (napA) {Enterococcus hirae},1148,42130,.,-,.,gene=HP1183;Putative_Id=NA+/H+ antiporter (napA) {Enterococcus hirae};Orf_Size=1148;Prot_Size(est)=42130.0
.,forsyth,gene,HP1184,1252788,1254164,conserved hypothetical integral membrane protein {Methanococcus jannaschii},1376,50490,.,-,.,gene=HP1184;Putative_Id=conserved hypothetical integral membrane protein {Methanococcus jannaschii};Orf_Size=1376;Prot_Size(est)=50490.0
.,forsyth,gene,HP1185,1254328,1255500,conserved hypothetical integral membrane protein {Haemophilus influenzae},1172,43010,.,-,.,gene=HP1185;Putative_Id=conserved hypothetical integral membrane protein {Haemophilus influenzae};Orf_Size=1172;Prot_Size(est)=43010.0
.,forsyth,gene,HP1186,1255772,1256377,carbonic anhydrase {Chlamydomonas reinhardtii},605,22220,.,+,.,gene=HP1186;Putative_Id=carbonic anhydrase {Chlamydomonas reinhardtii};Orf_Size=605;Prot_Size(est)=22220.0
.,forsyth,gene,HP1187,1256749,1257903,hypothetical protein,1154,42350,.,-,.,gene=HP1187;Putative_Id=hypothetical protein;Orf_Size=1154;Prot_Size(est)=42350.0
.,forsyth,gene,HP1188,1258253,1259059,hypothetical protein,806,29590,.,-,.,gene=HP1188;Putative_Id=hypothetical protein;Orf_Size=806;Prot_Size(est)=29590.0
.,forsyth,gene,HP1189,1259622,1260659,aspartate-semialdehyde dehydrogenase (asd) {Bacillus subtilis},1037,38060,.,-,.,gene=HP1189;Putative_Id=aspartate-semialdehyde dehydrogenase (asd) {Bacillus subtilis};Orf_Size=1037;Prot_Size(est)=38060.0
.,forsyth,gene,HP1190,1260649,1261974,histidyl-tRNA synthetase (hisS) {Homo sapiens},1325,48620,.,-,.,gene=HP1190;Putative_Id=histidyl-tRNA synthetase (hisS) {Homo sapiens};Orf_Size=1325;Prot_Size(est)=48620.0
.,forsyth,gene,HP1191,1262036,1263082,ADP-heptose-lps heptosyltransferase II (rfaF) {Haemophilus influenzae},1046,38390,.,+,.,gene=HP1191;Putative_Id=ADP-heptose-lps heptosyltransferase II (rfaF) {Haemophilus influenzae};Orf_Size=1046;Prot_Size(est)=38390.0
.,forsyth,gene,HP1192,1263279,1263557,secreted protein involved in flagellar motility {Helicobacter pylori},278,10230,.,-,.,gene=HP1192;Putative_Id=secreted protein involved in flagellar motility {Helicobacter pylori};Orf_Size=278;Prot_Size(est)=10230.0
.,forsyth,gene,HP1193,1263775,1264761,"aldo-keto reductase, putative {Nicotiana tabacum}",986,36190,.,+,.,"gene=HP1193;Putative_Id=aldo-keto reductase, putative {Nicotiana tabacum};Orf_Size=986;Prot_Size(est)=36190.0"
.,forsyth,gene,HP1194,1264938,1265021,hypothetical protein,83,3080,.,-,.,gene=HP1194;Putative_Id=hypothetical protein;Orf_Size=83;Prot_Size(est)=3080.0
.,forsyth,gene,HP1195,1265311,1267386,translation elongation factor EF-G (fusA) {Escherichia coli},2075,76120,.,-,.,gene=HP1195;Putative_Id=translation elongation factor EF-G (fusA) {Escherichia coli};Orf_Size=2075;Prot_Size(est)=76120.0
.,forsyth,gene,HP1196,1267401,1267865,ribosomal protein S7 (rps7) {Bacillus stearothermophilus},464,17050,.,-,.,gene=HP1196;Putative_Id=ribosomal protein S7 (rps7) {Bacillus stearothermophilus};Orf_Size=464;Prot_Size(est)=17050.0
.,forsyth,gene,HP1197,1267884,1268288,ribosomal protein S12 (rps12) {Anacystis nidulans},404,14850,.,-,.,gene=HP1197;Putative_Id=ribosomal protein S12 (rps12) {Anacystis nidulans};Orf_Size=404;Prot_Size(est)=14850.0
.,forsyth,gene,HP1198,1268380,1277049,"DNA-directed RNA polymerase, beta subunit (rpoB) {Escherichia coli}",8669,317900,.,-,.,"gene=HP1198;Putative_Id=DNA-directed RNA polymerase, beta subunit (rpoB) {Escherichia coli};Orf_Size=8669;Prot_Size(est)=317900.0"
.,forsyth,gene,HP1199,1277276,1277650,ribosomal protein L7/L12 (rpl7/l12) {Bacillus stearothermophilus},374,13750,.,-,.,gene=HP1199;Putative_Id=ribosomal protein L7/L12 (rpl7/l12) {Bacillus stearothermophilus};Orf_Size=374;Prot_Size(est)=13750.0
.,forsyth,gene,HP1200,1277699,1278190,ribosomal protein L10 (rpl10) {Bacillus subtilis},491,18040,.,-,.,gene=HP1200;Putative_Id=ribosomal protein L10 (rpl10) {Bacillus subtilis};Orf_Size=491;Prot_Size(est)=18040.0
.,forsyth,gene,HP1201,1278302,1279003,ribosomal protein L1 (rpl1) {Haemophilus influenzae},701,25740,.,-,.,gene=HP1201;Putative_Id=ribosomal protein L1 (rpl1) {Haemophilus influenzae};Orf_Size=701;Prot_Size(est)=25740.0
.,forsyth,gene,HP1202,1279051,1279473,ribosomal protein L11 (rpl11) {Thermotoga maritima},422,15510,.,-,.,gene=HP1202;Putative_Id=ribosomal protein L11 (rpl11) {Thermotoga maritima};Orf_Size=422;Prot_Size(est)=15510.0
.,forsyth,gene,HP1203,1279494,1280021,transcription termination factor NusG (nusG) {Escherichia coli},527,19360,.,-,.,gene=HP1203;Putative_Id=transcription termination factor NusG (nusG) {Escherichia coli};Orf_Size=527;Prot_Size(est)=19360.0
.,forsyth,gene,HP1204,1280488,1280643,ribosomal protein L33 (rpL33) {Bacillus stearothermophilus},155,5720,.,-,.,gene=HP1204;Putative_Id=ribosomal protein L33 (rpL33) {Bacillus stearothermophilus};Orf_Size=155;Prot_Size(est)=5720.0
.,forsyth,gene,HP1205,1280682,1281878,translation elongation factor EF-Tu (tufB) {Wolinella succinogenes},1196,43890,.,-,.,gene=HP1205;Putative_Id=translation elongation factor EF-Tu (tufB) {Wolinella succinogenes};Orf_Size=1196;Prot_Size(est)=43890.0
.,forsyth,gene,HP1206,1282579,1284312,multidrug resistance protein (hetA) {Anabaena sp.},1733,63580,.,+,.,gene=HP1206;Putative_Id=multidrug resistance protein (hetA) {Anabaena sp.};Orf_Size=1733;Prot_Size(est)=63580.0
.,forsyth,gene,HP1207,1284327,1284992,hypothetical protein,665,24420,.,-,.,gene=HP1207;Putative_Id=hypothetical protein;Orf_Size=665;Prot_Size(est)=24420.0
.,forsyth,gene,HP1208,1285196,1286182,ulcer associated adenine specific DNA methyltransferase {helicobacter pylori},986,36190,.,-,.,gene=HP1208;Putative_Id=ulcer associated adenine specific DNA methyltransferase {helicobacter pylori};Orf_Size=986;Prot_Size(est)=36190.0
.,forsyth,gene,HP1209,1286194,1286709,ulcer-associated gene restriction endonuclease (iceA) {Helicobacter pylori},515,18920,.,-,.,gene=HP1209;Putative_Id=ulcer-associated gene restriction endonuclease (iceA) {Helicobacter pylori};Orf_Size=515;Prot_Size(est)=18920.0
.,forsyth,gene,HP1210,1286972,1287484,serine acetyltransferase (cysE) {Helicobacter pylori},512,18810,.,-,.,gene=HP1210;Putative_Id=serine acetyltransferase (cysE) {Helicobacter pylori};Orf_Size=512;Prot_Size(est)=18810.0
.,forsyth,gene,HP1211,1287786,1288028,hypothetical protein,242,8910,.,+,.,gene=HP1211;Putative_Id=hypothetical protein;Orf_Size=242;Prot_Size(est)=8910.0
.,forsyth,gene,HP1212,1288091,1288405,"ATP synthase F0, subunit c (atpE) {Anabaena sp.}",314,11550,.,-,.,"gene=HP1212;Putative_Id=ATP synthase F0, subunit c (atpE) {Anabaena sp.};Orf_Size=314;Prot_Size(est)=11550.0"
.,forsyth,gene,HP1213,1288541,1290604,polynucleotide phosphorylase (pnp) {Haemophilus influenzae},2063,75680,.,-,.,gene=HP1213;Putative_Id=polynucleotide phosphorylase (pnp) {Haemophilus influenzae};Orf_Size=2063;Prot_Size(est)=75680.0
.,forsyth,gene,HP1214,1290610,1291329,conserved hypothetical protein {Mycobacterium tuberculosis},719,26400,.,-,.,gene=HP1214;Putative_Id=conserved hypothetical protein {Mycobacterium tuberculosis};Orf_Size=719;Prot_Size(est)=26400.0
.,forsyth,gene,HP1215,1291329,1291568,hypothetical protein,239,8800,.,-,.,gene=HP1215;Putative_Id=hypothetical protein;Orf_Size=239;Prot_Size(est)=8800.0
.,forsyth,gene,HP1216,1291607,1293586,conserved hypothetical secreted protein {Haemophilus influenzae},1979,72600,.,-,.,gene=HP1216;Putative_Id=conserved hypothetical secreted protein {Haemophilus influenzae};Orf_Size=1979;Prot_Size(est)=72600.0
.,forsyth,gene,HP1217,1293592,1294068,hypothetical protein,476,17490,.,-,.,gene=HP1217;Putative_Id=hypothetical protein;Orf_Size=476;Prot_Size(est)=17490.0
.,forsyth,gene,HP1218,1294120,1295391,glycinamide ribonucleotide synthetase (purD) {Haemophilus influenzae},1271,46640,.,-,.,gene=HP1218;Putative_Id=glycinamide ribonucleotide synthetase (purD) {Haemophilus influenzae};Orf_Size=1271;Prot_Size(est)=46640.0
.,forsyth,gene,HP1219,1295511,1295699,hypothetical protein,188,6930,.,+,.,gene=HP1219;Putative_Id=hypothetical protein;Orf_Size=188;Prot_Size(est)=6930.0
.,forsyth,gene,HP1220,1295707,1296390,"ABC transporter, ATP-binding protein (yhcG) {Bacillus subtilis}",683,25080,.,-,.,"gene=HP1220;Putative_Id=ABC transporter, ATP-binding protein (yhcG) {Bacillus subtilis};Orf_Size=683;Prot_Size(est)=25080.0"
.,forsyth,gene,HP1221,1296387,1297088,conserved hypothetical protein {Haemophilus influenzae},701,25740,.,-,.,gene=HP1221;Putative_Id=conserved hypothetical protein {Haemophilus influenzae};Orf_Size=701;Prot_Size(est)=25740.0
.,forsyth,gene,HP1222,1297132,1299975,D-lactate dehydrogenase (dld) {Haemophilus influenzae},2843,104280,.,-,.,gene=HP1222;Putative_Id=D-lactate dehydrogenase (dld) {Haemophilus influenzae};Orf_Size=2843;Prot_Size(est)=104280.0
.,forsyth,gene,HP1223,1300041,1300370,hypothetical protein,329,12100,.,+,.,gene=HP1223;Putative_Id=hypothetical protein;Orf_Size=329;Prot_Size(est)=12100.0
.,forsyth,gene,HP1224,1300376,1301053,uroporphyrinogen III cosynthase (hemD) {Chlorobium vibrioforme},677,24860,.,+,.,gene=HP1224;Putative_Id=uroporphyrinogen III cosynthase (hemD) {Chlorobium vibrioforme};Orf_Size=677;Prot_Size(est)=24860.0
.,forsyth,gene,HP1225,1301104,1301493,conserved hypothetical integral membrane protein {Methanococcus jannaschii},389,14300,.,+,.,gene=HP1225;Putative_Id=conserved hypothetical integral membrane protein {Methanococcus jannaschii};Orf_Size=389;Prot_Size(est)=14300.0
.,forsyth,gene,HP1226,1301550,1302605,oxygen-independent coproporphyrinogen III oxidase (hemN) {Haemophilus influenzae},1055,38720,.,-,.,gene=HP1226;Putative_Id=oxygen-independent coproporphyrinogen III oxidase (hemN) {Haemophilus influenzae};Orf_Size=1055;Prot_Size(est)=38720.0
.,forsyth,gene,HP1227,1302679,1302966,cytochrome c553 {Desulfovibrio vulgaris},287,10560,.,+,.,gene=HP1227;Putative_Id=cytochrome c553 {Desulfovibrio vulgaris};Orf_Size=287;Prot_Size(est)=10560.0
.,forsyth,gene,HP1228,1303120,1303584,invasion protein (invA) {Bartonella bacilliformis},464,17050,.,+,.,gene=HP1228;Putative_Id=invasion protein (invA) {Bartonella bacilliformis};Orf_Size=464;Prot_Size(est)=17050.0
.,forsyth,gene,HP1229,1303589,1304803,aspartokinase (lysC) {Bacillus sp.},1214,44550,.,+,.,gene=HP1229;Putative_Id=aspartokinase (lysC) {Bacillus sp.};Orf_Size=1214;Prot_Size(est)=44550.0
.,forsyth,gene,HP1230,1304803,1305342,hypothetical protein,539,19800,.,+,.,gene=HP1230;Putative_Id=hypothetical protein;Orf_Size=539;Prot_Size(est)=19800.0
.,forsyth,gene,HP1231,1305342,1305995,DNA polymerase III delta prime subunit (holB) {Escherichia coli},653,23980,.,+,.,gene=HP1231;Putative_Id=DNA polymerase III delta prime subunit (holB) {Escherichia coli};Orf_Size=653;Prot_Size(est)=23980.0
.,forsyth,gene,HP1232,1305995,1307134,dihydropteroate synthase (folP) {Haemophilus influenzae},1139,41800,.,+,.,gene=HP1232;Putative_Id=dihydropteroate synthase (folP) {Haemophilus influenzae};Orf_Size=1139;Prot_Size(est)=41800.0
.,forsyth,gene,HP1233,1307235,1307693,hypothetical protein,458,16830,.,-,.,gene=HP1233;Putative_Id=hypothetical protein;Orf_Size=458;Prot_Size(est)=16830.0
.,forsyth,gene,HP1234,1308086,1308979,conserved hypothetical integral membrane protein {Sphingomonas S88},893,32780,.,+,.,gene=HP1234;Putative_Id=conserved hypothetical integral membrane protein {Sphingomonas S88};Orf_Size=893;Prot_Size(est)=32780.0
.,forsyth,gene,HP1235,1308986,1310230,conserved hypothetical integral membrane protein {Escherichia coli},1244,45650,.,+,.,gene=HP1235;Putative_Id=conserved hypothetical integral membrane protein {Escherichia coli};Orf_Size=1244;Prot_Size(est)=45650.0
.,forsyth,gene,HP1236,1310312,1310860,hypothetical protein,548,20130,.,+,.,gene=HP1236;Putative_Id=hypothetical protein;Orf_Size=548;Prot_Size(est)=20130.0
.,forsyth,gene,HP1237,1310863,1311987,carbamoyl-phosphate synthetase (pyrAa) {Salmonella choleraesuis},1124,41250,.,+,.,gene=HP1237;Putative_Id=carbamoyl-phosphate synthetase (pyrAa) {Salmonella choleraesuis};Orf_Size=1124;Prot_Size(est)=41250.0
.,forsyth,gene,HP1238,1312156,1313157,aliphatic amidase (aimE) {Pseudomonas aeruginosa},1001,36740,.,+,.,gene=HP1238;Putative_Id=aliphatic amidase (aimE) {Pseudomonas aeruginosa};Orf_Size=1001;Prot_Size(est)=36740.0
.,forsyth,gene,HP1239,1313415,1313501,hypothetical protein,86,3190,.,-,.,gene=HP1239;Putative_Id=hypothetical protein;Orf_Size=86;Prot_Size(est)=3190.0
.,forsyth,gene,HP1240,1313617,1314186,conserved hypothetical protein {Escherichia coli},569,20900,.,-,.,gene=HP1240;Putative_Id=conserved hypothetical protein {Escherichia coli};Orf_Size=569;Prot_Size(est)=20900.0
.,forsyth,gene,HP1241,1314191,1316731,alanyl-tRNA synthetase (alaS) {Haemophilus influenzae},2540,93170,.,-,.,gene=HP1241;Putative_Id=alanyl-tRNA synthetase (alaS) {Haemophilus influenzae};Orf_Size=2540;Prot_Size(est)=93170.0
.,forsyth,gene,HP1242,1316851,1317078,conserved hypothetical protein {Escherichia coli},227,8360,.,+,.,gene=HP1242;Putative_Id=conserved hypothetical protein {Escherichia coli};Orf_Size=227;Prot_Size(est)=8360.0
.,forsyth,gene,HP1243,1317841,1320039,outer membrane protein (omp28),2198,80630,.,-,.,gene=HP1243;Putative_Id=outer membrane protein (omp28);Orf_Size=2198;Prot_Size(est)=80630.0
.,forsyth,gene,HP1244,1320341,1320595,ribosomal protein S18 (rps18) {Bacillus stearothermophilus},254,9350,.,-,.,gene=HP1244;Putative_Id=ribosomal protein S18 (rps18) {Bacillus stearothermophilus};Orf_Size=254;Prot_Size(est)=9350.0
.,forsyth,gene,HP1245,1320621,1321157,single-strand DNA-binding protein (ssb) {Escherichia coli},536,19690,.,-,.,gene=HP1245;Putative_Id=single-strand DNA-binding protein (ssb) {Escherichia coli};Orf_Size=536;Prot_Size(est)=19690.0
.,forsyth,gene,HP1246,1321170,1321595,ribosomal protein S6 (rps6) {Escherichia coli},425,15620,.,-,.,gene=HP1246;Putative_Id=ribosomal protein S6 (rps6) {Escherichia coli};Orf_Size=425;Prot_Size(est)=15620.0
.,forsyth,gene,HP1247,1321752,1322771,hypothetical protein,1019,37400,.,-,.,gene=HP1247;Putative_Id=hypothetical protein;Orf_Size=1019;Prot_Size(est)=37400.0
.,forsyth,gene,HP1248,1322764,1324695,virulence associated protein homolog (vacB) {Escherichia coli},1931,70840,.,-,.,gene=HP1248;Putative_Id=virulence associated protein homolog (vacB) {Escherichia coli};Orf_Size=1931;Prot_Size(est)=70840.0
.,forsyth,gene,HP1249,1324698,1325486,shikimate 5-dehydrogenase (aroE) {Escherichia coli},788,28930,.,-,.,gene=HP1249;Putative_Id=shikimate 5-dehydrogenase (aroE) {Escherichia coli};Orf_Size=788;Prot_Size(est)=28930.0
.,forsyth,gene,HP1250,1325497,1326072,hypothetical protein,575,21120,.,-,.,gene=HP1250;Putative_Id=hypothetical protein;Orf_Size=575;Prot_Size(est)=21120.0
.,forsyth,gene,HP1251,1326084,1327127,"oligopeptide ABC transporter, permease protein (oppB) {Escherichia coli}",1043,38280,.,-,.,"gene=HP1251;Putative_Id=oligopeptide ABC transporter, permease protein (oppB) {Escherichia coli};Orf_Size=1043;Prot_Size(est)=38280.0"
.,forsyth,gene,HP1252,1327127,1328908,"oligopeptide ABC transporter, periplasmic oligopeptide-binding protein (oppA) {Bacillus subtilis}",1781,65340,.,-,.,"gene=HP1252;Putative_Id=oligopeptide ABC transporter, periplasmic oligopeptide-binding protein (oppA) {Bacillus subtilis};Orf_Size=1781;Prot_Size(est)=65340.0"
.,forsyth,gene,HP1253,1328912,1329928,tryptophanyl-tRNA synthetase (trpS) {Bacillus subtilis},1016,37290,.,-,.,gene=HP1253;Putative_Id=tryptophanyl-tRNA synthetase (trpS) {Bacillus subtilis};Orf_Size=1016;Prot_Size(est)=37290.0
.,forsyth,gene,HP1254,1329963,1330682,biotin synthesis protein (bioC) {Escherichia coli},719,26400,.,-,.,gene=HP1254;Putative_Id=biotin synthesis protein (bioC) {Escherichia coli};Orf_Size=719;Prot_Size(est)=26400.0
.,forsyth,gene,HP1255,1330799,1331401,"protein translocation protein, low temperature (secG) {Escherichia coli}",602,22110,.,+,.,"gene=HP1255;Putative_Id=protein translocation protein, low temperature (secG) {Escherichia coli};Orf_Size=602;Prot_Size(est)=22110.0"
.,forsyth,gene,HP1256,1331404,1331958,ribosome releasing factor (frr) {Haemophilus influenzae},554,20350,.,+,.,gene=HP1256;Putative_Id=ribosome releasing factor (frr) {Haemophilus influenzae};Orf_Size=554;Prot_Size(est)=20350.0
.,forsyth,gene,HP1257,1331965,1332567,orotate phosphoribosyltransferase (pyrE) {Thermus aquaticus},602,22110,.,+,.,gene=HP1257;Putative_Id=orotate phosphoribosyltransferase (pyrE) {Thermus aquaticus};Orf_Size=602;Prot_Size(est)=22110.0
.,forsyth,gene,HP1258,1332560,1333021,conserved hypothetical mitochondrial protein 4 {Trypanosoma brucei},461,16940,.,+,.,gene=HP1258;Putative_Id=conserved hypothetical mitochondrial protein 4 {Trypanosoma brucei};Orf_Size=461;Prot_Size(est)=16940.0
.,forsyth,gene,HP1259,1333094,1333708,conserved hypothetical protein {Escherichia coli},614,22550,.,+,.,gene=HP1259;Putative_Id=conserved hypothetical protein {Escherichia coli};Orf_Size=614;Prot_Size(est)=22550.0
.,forsyth,gene,HP1260,1333813,1334211,"NADH-ubiquinone oxidoreductase, NQO7 subunit (NQO7) {Platymonas subcordiformis}",398,14630,.,+,.,"gene=HP1260;Putative_Id=NADH-ubiquinone oxidoreductase, NQO7 subunit (NQO7) {Platymonas subcordiformis};Orf_Size=398;Prot_Size(est)=14630.0"
.,forsyth,gene,HP1261,1334214,1334690,"NADH-ubiquinone oxidoreductase, NQO6 subunit (NQO6) {Arabidopsis thaliana}",476,17490,.,+,.,"gene=HP1261;Putative_Id=NADH-ubiquinone oxidoreductase, NQO6 subunit (NQO6) {Arabidopsis thaliana};Orf_Size=476;Prot_Size(est)=17490.0"
.,forsyth,gene,HP1262,1334690,1335487,"NADH-ubiquinone oxidoreductase, NQO5 subunit (NQO5) {Synechocystis sp.}",797,29260,.,+,.,"gene=HP1262;Putative_Id=NADH-ubiquinone oxidoreductase, NQO5 subunit (NQO5) {Synechocystis sp.};Orf_Size=797;Prot_Size(est)=29260.0"
.,forsyth,gene,HP1263,1335492,1336718,"NADH-ubiquinone oxidoreductase, NQO4 subunit (NQO4){Triticum aestivum}",1226,44990,.,+,.,"gene=HP1263;Putative_Id=NADH-ubiquinone oxidoreductase, NQO4 subunit (NQO4){Triticum aestivum};Orf_Size=1226;Prot_Size(est)=44990.0"
.,forsyth,gene,HP1264,1336718,1336945,hypothetical protein,227,8360,.,+,.,gene=HP1264;Putative_Id=hypothetical protein;Orf_Size=227;Prot_Size(est)=8360.0
.,forsyth,gene,HP1265,1336951,1337934,hypothetical protein,983,36080,.,+,.,gene=HP1265;Putative_Id=hypothetical protein;Orf_Size=983;Prot_Size(est)=36080.0
.,forsyth,gene,HP1266,1337934,1340465,"NADH-ubiquinone oxidoreductase, NQO3 subunit (NQO3) {Thermus aquaticus thermophilus}",2531,92840,.,+,.,"gene=HP1266;Putative_Id=NADH-ubiquinone oxidoreductase, NQO3 subunit (NQO3) {Thermus aquaticus thermophilus};Orf_Size=2531;Prot_Size(est)=92840.0"
.,forsyth,gene,HP1267,1340465,1341451,"NADH-ubiquinone oxidoreductase, NQO8 subunit (NQO8) {Plectonema boryanum}",986,36190,.,+,.,"gene=HP1267;Putative_Id=NADH-ubiquinone oxidoreductase, NQO8 subunit (NQO8) {Plectonema boryanum};Orf_Size=986;Prot_Size(est)=36190.0"
.,forsyth,gene,HP1268,1341465,1342124,"NADH-ubiquinone oxidoreductase, NQO9 subunit (NQO9) {Arabidopsis thaliana}",659,24200,.,+,.,"gene=HP1268;Putative_Id=NADH-ubiquinone oxidoreductase, NQO9 subunit (NQO9) {Arabidopsis thaliana};Orf_Size=659;Prot_Size(est)=24200.0"
.,forsyth,gene,HP1269,1342120,1342665,"NADH-ubiquinone oxidoreductase, NQO10 subunit (NQO10) {Synechocystis sp.}",545,20020,.,+,.,"gene=HP1269;Putative_Id=NADH-ubiquinone oxidoreductase, NQO10 subunit (NQO10) {Synechocystis sp.};Orf_Size=545;Prot_Size(est)=20020.0"
.,forsyth,gene,HP1270,1342665,1342964,"NADH-ubiquinone oxidoreductase, NQO11 subunit (NQO11) ({Paracoccus denitrificans}",299,11000,.,+,.,"gene=HP1270;Putative_Id=NADH-ubiquinone oxidoreductase, NQO11 subunit (NQO11) ({Paracoccus denitrificans};Orf_Size=299;Prot_Size(est)=11000.0"
.,forsyth,gene,HP1271,1342970,1344805,"NADH-ubiquinone oxidoreductase, NQO12 subunit (NQO12) {Paracoccus denitrificans}",1835,67320,.,+,.,"gene=HP1271;Putative_Id=NADH-ubiquinone oxidoreductase, NQO12 subunit (NQO12) {Paracoccus denitrificans};Orf_Size=1835;Prot_Size(est)=67320.0"
.,forsyth,gene,HP1272,1344812,1346347,"NADH-ubiquinone oxidoreductase, NQO13 subunit (NQO13) {Rhodobacter capsulatus}",1535,56320,.,+,.,"gene=HP1272;Putative_Id=NADH-ubiquinone oxidoreductase, NQO13 subunit (NQO13) {Rhodobacter capsulatus};Orf_Size=1535;Prot_Size(est)=56320.0"
.,forsyth,gene,HP1273,1346337,1347806,"NADH-ubiquinone oxidoreductase, NQO14 subunit (NQO14) {Paracoccus denitrificans}",1469,53900,.,+,.,"gene=HP1273;Putative_Id=NADH-ubiquinone oxidoreductase, NQO14 subunit (NQO14) {Paracoccus denitrificans};Orf_Size=1469;Prot_Size(est)=53900.0"
.,forsyth,gene,HP1274,1347799,1350201,paralysed flagella protein (pflA) {Campylobacter jejuni},2402,88110,.,+,.,gene=HP1274;Putative_Id=paralysed flagella protein (pflA) {Campylobacter jejuni};Orf_Size=2402;Prot_Size(est)=88110.0
.,forsyth,gene,HP1275,1350206,1351582,phosphomannomutase (algC){Pseudomonas aeruginosa},1376,50490,.,+,.,gene=HP1275;Putative_Id=phosphomannomutase (algC){Pseudomonas aeruginosa};Orf_Size=1376;Prot_Size(est)=50490.0
.,forsyth,gene,HP1276,1351731,1352012,hypothetical protein,281,10340,.,+,.,gene=HP1276;Putative_Id=hypothetical protein;Orf_Size=281;Prot_Size(est)=10340.0
.,forsyth,gene,HP1277,1352366,1353151,"tryptophan synthase, alpha subunit (trpA) {Escherichia coli}",785,28820,.,-,.,"gene=HP1277;Putative_Id=tryptophan synthase, alpha subunit (trpA) {Escherichia coli};Orf_Size=785;Prot_Size(est)=28820.0"
.,forsyth,gene,HP1278,1353151,1354329,"tryptophan synthase, beta subunit (trpB) {Escherichia coli}",1178,43230,.,-,.,"gene=HP1278;Putative_Id=tryptophan synthase, beta subunit (trpB) {Escherichia coli};Orf_Size=1178;Prot_Size(est)=43230.0"
.,forsyth,gene,HP1279,1354334,1355689,anthranilate isomerase (trpC) {Escherichia coli},1355,49720,.,-,.,gene=HP1279;Putative_Id=anthranilate isomerase (trpC) {Escherichia coli};Orf_Size=1355;Prot_Size(est)=49720.0
.,forsyth,gene,HP1280,1355685,1356689,anthranilate synthase component II (trpD) {Escherichia coli},1004,36850,.,-,.,gene=HP1280;Putative_Id=anthranilate synthase component II (trpD) {Escherichia coli};Orf_Size=1004;Prot_Size(est)=36850.0
.,forsyth,gene,HP1281,1356689,1357270,anthranilate synthase component II (trpD) {Escherichia coli},581,21340,.,-,.,gene=HP1281;Putative_Id=anthranilate synthase component II (trpD) {Escherichia coli};Orf_Size=581;Prot_Size(est)=21340.0
.,forsyth,gene,HP1282,1357270,1358769,anthranilate synthase component I (trpE) {Escherichia coli},1499,55000,.,-,.,gene=HP1282;Putative_Id=anthranilate synthase component I (trpE) {Escherichia coli};Orf_Size=1499;Prot_Size(est)=55000.0
.,forsyth,gene,HP1283,1358995,1360449,hypothetical protein,1454,53350,.,-,.,gene=HP1283;Putative_Id=hypothetical protein;Orf_Size=1454;Prot_Size(est)=53350.0
.,forsyth,gene,HP1284,1360550,1361587,conserved hypothetical protein {Haemophilus influenzae},1037,38060,.,-,.,gene=HP1284;Putative_Id=conserved hypothetical protein {Haemophilus influenzae};Orf_Size=1037;Prot_Size(est)=38060.0
.,forsyth,gene,HP1285,1361660,1362349,conserved hypothetical secreted protein,689,25300,.,-,.,gene=HP1285;Putative_Id=conserved hypothetical secreted protein;Orf_Size=689;Prot_Size(est)=25300.0
.,forsyth,gene,HP1286,1362519,1363064,conserved hypothetical secreted protein {Escherichia coli},545,20020,.,+,.,gene=HP1286;Putative_Id=conserved hypothetical secreted protein {Escherichia coli};Orf_Size=545;Prot_Size(est)=20020.0
.,forsyth,gene,HP1287,1363134,1363784,transcriptional regulator (tenA) {Bacillus subtilis},650,23870,.,-,.,gene=HP1287;Putative_Id=transcriptional regulator (tenA) {Bacillus subtilis};Orf_Size=650;Prot_Size(est)=23870.0
.,forsyth,gene,HP1288,1364308,1364703,hypothetical protein,395,14520,.,+,.,gene=HP1288;Putative_Id=hypothetical protein;Orf_Size=395;Prot_Size(est)=14520.0
.,forsyth,gene,HP1289,1364730,1365212,hypothetical protein,482,17710,.,+,.,gene=HP1289;Putative_Id=hypothetical protein;Orf_Size=482;Prot_Size(est)=17710.0
.,forsyth,gene,HP1290,1365401,1366060,nicotinamide mononucleotide transporter (pnuC)  {Salmonella choleraesuis},659,24200,.,+,.,gene=HP1290;Putative_Id=nicotinamide mononucleotide transporter (pnuC)  {Salmonella choleraesuis};Orf_Size=659;Prot_Size(est)=24200.0
.,forsyth,gene,HP1291,1366051,1366662,conserved hypothetical protein {Caenorhabditis elegans},611,22440,.,+,.,gene=HP1291;Putative_Id=conserved hypothetical protein {Caenorhabditis elegans};Orf_Size=611;Prot_Size(est)=22440.0
.,forsyth,gene,HP1292,1367375,1367722,ribosomal protein L17 (rpl17) {Haemophilus influenzae},347,12760,.,-,.,gene=HP1292;Putative_Id=ribosomal protein L17 (rpl17) {Haemophilus influenzae};Orf_Size=347;Prot_Size(est)=12760.0
.,forsyth,gene,HP1293,1367725,1368756,"DNA-directed RNA polymerase, alpha subunit (rpoA) {Bacillus subtilis}",1031,37840,.,-,.,"gene=HP1293;Putative_Id=DNA-directed RNA polymerase, alpha subunit (rpoA) {Bacillus subtilis};Orf_Size=1031;Prot_Size(est)=37840.0"
.,forsyth,gene,HP1294,1368771,1369394,ribosomal protein S4 (rps4) {Haemophilus influenzae},623,22880,.,-,.,gene=HP1294;Putative_Id=ribosomal protein S4 (rps4) {Haemophilus influenzae};Orf_Size=623;Prot_Size(est)=22880.0
.,forsyth,gene,HP1295,1369407,1369799,ribosomal protein S11 (rps11) {Bacillus stearothermophilus},392,14410,.,-,.,gene=HP1295;Putative_Id=ribosomal protein S11 (rps11) {Bacillus stearothermophilus};Orf_Size=392;Prot_Size(est)=14410.0
.,forsyth,gene,HP1296,1369825,1370184,ribosomal protein S13 (rps13) {Bacillus subtilis},359,13200,.,-,.,gene=HP1296;Putative_Id=ribosomal protein S13 (rps13) {Bacillus subtilis};Orf_Size=359;Prot_Size(est)=13200.0
.,forsyth,gene,HP1297,1370191,1370301,ribosomal protein L36 (rpl36) {Escherichia coli},110,4070,.,-,.,gene=HP1297;Putative_Id=ribosomal protein L36 (rpl36) {Escherichia coli};Orf_Size=110;Prot_Size(est)=4070.0
.,forsyth,gene,HP1298,1370383,1370598,translation initiation factor EF-1 (infA) {Bacillus subtilis},215,7920,.,-,.,gene=HP1298;Putative_Id=translation initiation factor EF-1 (infA) {Bacillus subtilis};Orf_Size=215;Prot_Size(est)=7920.0
.,forsyth,gene,HP1299,1370601,1371359,methionine amino peptidase (map) {Bacillus subtilis},758,27830,.,-,.,gene=HP1299;Putative_Id=methionine amino peptidase (map) {Bacillus subtilis};Orf_Size=758;Prot_Size(est)=27830.0
.,forsyth,gene,HP1300,1371362,1372621,preprotein translocase subunit (secY) {Escherichia coli},1259,46200,.,-,.,gene=HP1300;Putative_Id=preprotein translocase subunit (secY) {Escherichia coli};Orf_Size=1259;Prot_Size(est)=46200.0
.,forsyth,gene,HP1301,1372667,1373071,ribosomal protein L15 (rpl15) {Haemophilus influenzae},404,14850,.,-,.,gene=HP1301;Putative_Id=ribosomal protein L15 (rpl15) {Haemophilus influenzae};Orf_Size=404;Prot_Size(est)=14850.0
.,forsyth,gene,HP1302,1373088,1373546,ribosomal protein S5 (rps5) {Bacillus stearothermophilus},458,16830,.,-,.,gene=HP1302;Putative_Id=ribosomal protein S5 (rps5) {Bacillus stearothermophilus};Orf_Size=458;Prot_Size(est)=16830.0
.,forsyth,gene,HP1303,1373546,1373902,ribosomal protein L18 (rpl18) {Bacillus stearothermophilus},356,13090,.,-,.,gene=HP1303;Putative_Id=ribosomal protein L18 (rpl18) {Bacillus stearothermophilus};Orf_Size=356;Prot_Size(est)=13090.0
.,forsyth,gene,HP1304,1373916,1374449,ribosomal protein L6 (rpl6) {Mycoplasma capricolum},533,19580,.,-,.,gene=HP1304;Putative_Id=ribosomal protein L6 (rpl6) {Mycoplasma capricolum};Orf_Size=533;Prot_Size(est)=19580.0
.,forsyth,gene,HP1305,1374463,1374855,ribosomal protein S8 (rps8) {Mycoplasma capricolum},392,14410,.,-,.,gene=HP1305;Putative_Id=ribosomal protein S8 (rps8) {Mycoplasma capricolum};Orf_Size=392;Prot_Size(est)=14410.0
.,forsyth,gene,HP1306,1374868,1375050,ribosomal protein S14 (rpS14) {Bacillus stearothermophilus},182,6710,.,-,.,gene=HP1306;Putative_Id=ribosomal protein S14 (rpS14) {Bacillus stearothermophilus};Orf_Size=182;Prot_Size(est)=6710.0
.,forsyth,gene,HP1307,1375063,1375605,ribosomal protein L5 (rpl5) {Bacillus stearothermophilus},542,19910,.,-,.,gene=HP1307;Putative_Id=ribosomal protein L5 (rpl5) {Bacillus stearothermophilus};Orf_Size=542;Prot_Size(est)=19910.0
.,forsyth,gene,HP1308,1375621,1375839,ribosomal protein L24 (rpl24) {Bacillus stearothermophilus},218,8030,.,-,.,gene=HP1308;Putative_Id=ribosomal protein L24 (rpl24) {Bacillus stearothermophilus};Orf_Size=218;Prot_Size(est)=8030.0
.,forsyth,gene,HP1309,1375842,1376207,ribosomal protein L14 (rpl14) {Escherichia coli},365,13420,.,-,.,gene=HP1309;Putative_Id=ribosomal protein L14 (rpl14) {Escherichia coli};Orf_Size=365;Prot_Size(est)=13420.0
.,forsyth,gene,HP1310,1376213,1376470,ribosomal protein S17 (rps17) {Haemophilus influenzae},257,9460,.,-,.,gene=HP1310;Putative_Id=ribosomal protein S17 (rps17) {Haemophilus influenzae};Orf_Size=257;Prot_Size(est)=9460.0
.,forsyth,gene,HP1311,1376486,1376683,ribosomal protein L29 (rpL29) {Thermotoga maritima},197,7260,.,-,.,gene=HP1311;Putative_Id=ribosomal protein L29 (rpL29) {Thermotoga maritima};Orf_Size=197;Prot_Size(est)=7260.0
.,forsyth,gene,HP1312,1376673,1377095,ribosomal protein L16 (rpl16) {Escherichia coli},422,15510,.,-,.,gene=HP1312;Putative_Id=ribosomal protein L16 (rpl16) {Escherichia coli};Orf_Size=422;Prot_Size(est)=15510.0
.,forsyth,gene,HP1313,1377101,1377802,ribosomal protein S3 (rps3) {Haemophilus influenzae},701,25740,.,-,.,gene=HP1313;Putative_Id=ribosomal protein S3 (rps3) {Haemophilus influenzae};Orf_Size=701;Prot_Size(est)=25740.0
.,forsyth,gene,HP1314,1377809,1378174,ribosomal protein L22 (rpl22) {Bacillus subtilis},365,13420,.,-,.,gene=HP1314;Putative_Id=ribosomal protein L22 (rpl22) {Bacillus subtilis};Orf_Size=365;Prot_Size(est)=13420.0
.,forsyth,gene,HP1315,1378187,1378465,ribosomal protein S19 (rps19) {Escherichia coli},278,10230,.,-,.,gene=HP1315;Putative_Id=ribosomal protein S19 (rps19) {Escherichia coli};Orf_Size=278;Prot_Size(est)=10230.0
.,forsyth,gene,HP1316,1378479,1379306,ribosomal protein L2 (rpl2) {Bacillus stearothermophilus},827,30360,.,-,.,gene=HP1316;Putative_Id=ribosomal protein L2 (rpl2) {Bacillus stearothermophilus};Orf_Size=827;Prot_Size(est)=30360.0
.,forsyth,gene,HP1317,1379326,1379604,ribosomal protein L23 (rpl23) {Escherichia coli},278,10230,.,-,.,gene=HP1317;Putative_Id=ribosomal protein L23 (rpl23) {Escherichia coli};Orf_Size=278;Prot_Size(est)=10230.0
.,forsyth,gene,HP1318,1379611,1380255,ribosomal protein L4 (rpl4) {Morganella morganii},644,23650,.,-,.,gene=HP1318;Putative_Id=ribosomal protein L4 (rpl4) {Morganella morganii};Orf_Size=644;Prot_Size(est)=23650.0
.,forsyth,gene,HP1319,1380293,1380865,ribosomal protein L3 (rpl3) {Thermus aquaticus},572,21010,.,-,.,gene=HP1319;Putative_Id=ribosomal protein L3 (rpl3) {Thermus aquaticus};Orf_Size=572;Prot_Size(est)=21010.0
.,forsyth,gene,HP1320,1380905,1381216,ribosomal protein S10 (rps10) {Haemophilus influenzae},311,11440,.,-,.,gene=HP1320;Putative_Id=ribosomal protein S10 (rps10) {Haemophilus influenzae};Orf_Size=311;Prot_Size(est)=11440.0
.,forsyth,gene,HP1321,1381381,1382511,conserved hypothetical ATP-binding protein {Methanococcus jannaschii},1130,41470,.,+,.,gene=HP1321;Putative_Id=conserved hypothetical ATP-binding protein {Methanococcus jannaschii};Orf_Size=1130;Prot_Size(est)=41470.0
.,forsyth,gene,HP1322,1382720,1383322,hypothetical protein,602,22110,.,+,.,gene=HP1322;Putative_Id=hypothetical protein;Orf_Size=602;Prot_Size(est)=22110.0
.,forsyth,gene,HP1323,1383302,1383928,ribonuclease HII (rnhB) {Haemophilus influenzae},626,22990,.,-,.,gene=HP1323;Putative_Id=ribonuclease HII (rnhB) {Haemophilus influenzae};Orf_Size=626;Prot_Size(est)=22990.0
.,forsyth,gene,HP1324,1383947,1384195,hypothetical protein,248,9130,.,-,.,gene=HP1324;Putative_Id=hypothetical protein;Orf_Size=248;Prot_Size(est)=9130.0
.,forsyth,gene,HP1325,1384220,1385608,fumarase (fumC) {Escherichia coli},1388,50930,.,-,.,gene=HP1325;Putative_Id=fumarase (fumC) {Escherichia coli};Orf_Size=1388;Prot_Size(est)=50930.0
.,forsyth,gene,HP1326,1385783,1386157,hypothetical protein,374,13750,.,+,.,gene=HP1326;Putative_Id=hypothetical protein;Orf_Size=374;Prot_Size(est)=13750.0
.,forsyth,gene,HP1327,1386165,1387400,hypothetical protein,1235,45320,.,+,.,gene=HP1327;Putative_Id=hypothetical protein;Orf_Size=1235;Prot_Size(est)=45320.0
.,forsyth,gene,HP1328,1387400,1388413,cation efflux system protein (czcA) {Alcaligenes eutrophus plasmid pMOL30},1013,37180,.,+,.,gene=HP1328;Putative_Id=cation efflux system protein (czcA) {Alcaligenes eutrophus plasmid pMOL30};Orf_Size=1013;Prot_Size(est)=37180.0
.,forsyth,gene,HP1329,1388417,1391521,cation efflux system protein (czcA) {Alcaligenes eutrophus plasmid pMOL30},3104,113850,.,+,.,gene=HP1329;Putative_Id=cation efflux system protein (czcA) {Alcaligenes eutrophus plasmid pMOL30};Orf_Size=3104;Prot_Size(est)=113850.0
.,forsyth,gene,HP1330,1391530,1391874,conserved hypothetical integral membrane protein {Haemophilus influenzae},344,12650,.,-,.,gene=HP1330;Putative_Id=conserved hypothetical integral membrane protein {Haemophilus influenzae};Orf_Size=344;Prot_Size(est)=12650.0
.,forsyth,gene,HP1331,1391871,1392554,conserved hypothetical integral membrane protein {Haemophilus influenzae},683,25080,.,-,.,gene=HP1331;Putative_Id=conserved hypothetical integral membrane protein {Haemophilus influenzae};Orf_Size=683;Prot_Size(est)=25080.0
.,forsyth,gene,HP1332,1392568,1393674,co-chaperone and heat shock protein (dnaJ) {Escherichia coli},1106,40590,.,-,.,gene=HP1332;Putative_Id=co-chaperone and heat shock protein (dnaJ) {Escherichia coli};Orf_Size=1106;Prot_Size(est)=40590.0
.,forsyth,gene,HP1333,1393799,1394944,hypothetical protein,1145,42020,.,+,.,gene=HP1333;Putative_Id=hypothetical protein;Orf_Size=1145;Prot_Size(est)=42020.0
.,forsyth,gene,HP1334,1395156,1395827,hypothetical protein,671,24640,.,+,.,gene=HP1334;Putative_Id=hypothetical protein;Orf_Size=671;Prot_Size(est)=24640.0
.,forsyth,gene,HP1335,1395897,1396976,conserved hypothetical protein {Mycoplasma genitalium},1079,39600,.,-,.,gene=HP1335;Putative_Id=conserved hypothetical protein {Mycoplasma genitalium};Orf_Size=1079;Prot_Size(est)=39600.0
.,forsyth,gene,HP1336,1397061,1397819,hypothetical protein,758,27830,.,+,.,gene=HP1336;Putative_Id=hypothetical protein;Orf_Size=758;Prot_Size(est)=27830.0
.,forsyth,gene,HP1337,1397822,1398343,conserved hypothetical protein {Bacillus subtilis},521,19140,.,-,.,gene=HP1337;Putative_Id=conserved hypothetical protein {Bacillus subtilis};Orf_Size=521;Prot_Size(est)=19140.0
.,forsyth,gene,HP1338,1398330,1398773,f,443,16280,.,-,.,gene=HP1338;Putative_Id=conserved hypothetical protein {Methanococcus jannaschii};Orf_Size=443;Prot_Size(est)=16280.0
.,forsyth,gene,HP1339,1399036,1399533,biopolymer transport protein (exbB) {Haemophilus influenzae},497,18260,.,+,.,gene=HP1339;Putative_Id=biopolymer transport protein (exbB) {Haemophilus influenzae};Orf_Size=497;Prot_Size(est)=18260.0
.,forsyth,gene,HP1340,1399533,1399919,biopolymer transport protein (exbD) {Haemophilus influenzae},386,14190,.,+,.,gene=HP1340;Putative_Id=biopolymer transport protein (exbD) {Haemophilus influenzae};Orf_Size=386;Prot_Size(est)=14190.0
.,forsyth,gene,HP1341,1399888,1400742,siderophore-mediated iron transport protein (tonB) {Pseudomonas aeruginosa},854,31350,.,+,.,gene=HP1341;Putative_Id=siderophore-mediated iron transport protein (tonB) {Pseudomonas aeruginosa};Orf_Size=854;Prot_Size(est)=31350.0
.,forsyth,gene,HP1342,1400936,1403008,outer membrane protein (omp29),2072,76010,.,+,.,gene=HP1342;Putative_Id=outer membrane protein (omp29);Orf_Size=2072;Prot_Size(est)=76010.0
.,forsyth,gene,HP1343,1403171,1403896,conserved hypothetical integral membrane protein {Haemophilus influenzae},725,26620,.,-,.,gene=HP1343;Putative_Id=conserved hypothetical integral membrane protein {Haemophilus influenzae};Orf_Size=725;Prot_Size(est)=26620.0
.,forsyth,gene,HP1344,1403906,1404859,magnesium and cobalt transport protein (corA) {Escherichia coli},953,34980,.,-,.,gene=HP1344;Putative_Id=magnesium and cobalt transport protein (corA) {Escherichia coli};Orf_Size=953;Prot_Size(est)=34980.0
.,forsyth,gene,HP1345,1404878,1406083,phosphoglycerate kinase {Arabidopsis thaliana},1205,44220,.,-,.,gene=HP1345;Putative_Id=phosphoglycerate kinase {Arabidopsis thaliana};Orf_Size=1205;Prot_Size(est)=44220.0
.,forsyth,gene,HP1346,1406102,1407091,glyceraldehyde-3-phosphate dehydrogenase (gap) {Bacillus stearothermophilus},989,36300,.,-,.,gene=HP1346;Putative_Id=glyceraldehyde-3-phosphate dehydrogenase (gap) {Bacillus stearothermophilus};Orf_Size=989;Prot_Size(est)=36300.0
.,forsyth,gene,HP1347,1407183,1407881,uracil-DNA glycosylase (ung) {Pseudomonas denitrificans},698,25630,.,-,.,gene=HP1347;Putative_Id=uracil-DNA glycosylase (ung) {Pseudomonas denitrificans};Orf_Size=698;Prot_Size(est)=25630.0
.,forsyth,gene,HP1348,1407881,1408600,1-acyl-glycerol-3-phosphate acyltransferase (plsC) {Escherichia coli),719,26400,.,-,.,gene=HP1348;Putative_Id=1-acyl-glycerol-3-phosphate acyltransferase (plsC) {Escherichia coli);Orf_Size=719;Prot_Size(est)=26400.0
.,forsyth,gene,HP1349,1408590,1409750,hypothetical protein,1160,42570,.,-,.,gene=HP1349;Putative_Id=hypothetical protein;Orf_Size=1160;Prot_Size(est)=42570.0
.,forsyth,gene,HP1350,1409760,1411136,protease {Bartonella bacilliformis},1376,50490,.,-,.,gene=HP1350;Putative_Id=protease {Bartonella bacilliformis};Orf_Size=1376;Prot_Size(est)=50490.0
.,forsyth,gene,HP1351,1411349,1412218,hypothetical protein,869,31900,.,-,.,gene=HP1351;Putative_Id=hypothetical protein;Orf_Size=869;Prot_Size(est)=31900.0
.,forsyth,gene,HP1352,1412221,1413297,adenine specific DNA methyltransferase (HINFIM) {Haemophilus influenzae},1076,39490,.,-,.,gene=HP1352;Putative_Id=adenine specific DNA methyltransferase (HINFIM) {Haemophilus influenzae};Orf_Size=1076;Prot_Size(est)=39490.0
.,forsyth,gene,HP1353,1413722,1414666,hypothetical protein,944,34650,.,-,.,gene=HP1353;Putative_Id=hypothetical protein;Orf_Size=944;Prot_Size(est)=34650.0
.,forsyth,gene,HP1354,1414539,1417043,putative adenine specific DNA methyltransferase {Escherichia coli},2504,91850,.,-,.,gene=HP1354;Putative_Id=putative adenine specific DNA methyltransferase {Escherichia coli};Orf_Size=2504;Prot_Size(est)=91850.0
.,forsyth,gene,HP1355,1417071,1417889,nicotinate-nucleotide pyrophosphorylase (nadC) {Bacillus subtilis},818,30030,.,-,.,gene=HP1355;Putative_Id=nicotinate-nucleotide pyrophosphorylase (nadC) {Bacillus subtilis};Orf_Size=818;Prot_Size(est)=30030.0
.,forsyth,gene,HP1356,1417892,1418899,quinolinate synthetase A (nadA) {Methanococcus jannaschii},1007,36960,.,-,.,gene=HP1356;Putative_Id=quinolinate synthetase A (nadA) {Methanococcus jannaschii};Orf_Size=1007;Prot_Size(est)=36960.0
.,forsyth,gene,HP1357,1418892,1419692,phosphatidylserine decarboxylase proenzyme (psd) {Escherichia coli},800,29370,.,-,.,gene=HP1357;Putative_Id=phosphatidylserine decarboxylase proenzyme (psd) {Escherichia coli};Orf_Size=800;Prot_Size(est)=29370.0
.,forsyth,gene,HP1358,1419689,1420192,hypothetical protein,503,18480,.,-,.,gene=HP1358;Putative_Id=hypothetical protein;Orf_Size=503;Prot_Size(est)=18480.0
.,forsyth,gene,HP1359,1420208,1420756,hypothetical protein,548,20130,.,-,.,gene=HP1359;Putative_Id=hypothetical protein;Orf_Size=548;Prot_Size(est)=20130.0
.,forsyth,gene,HP1360,1420695,1421576,4-hydroxybenzoate octaprenyltransferase (ubiA) {Escherichia coli},881,32340,.,-,.,gene=HP1360;Putative_Id=4-hydroxybenzoate octaprenyltransferase (ubiA) {Escherichia coli};Orf_Size=881;Prot_Size(est)=32340.0
.,forsyth,gene,HP1361,1421608,1422858,competence locus E (comE3) {Bacillus subtilis},1250,45870,.,-,.,gene=HP1361;Putative_Id=competence locus E (comE3) {Bacillus subtilis};Orf_Size=1250;Prot_Size(est)=45870.0
.,forsyth,gene,HP1362,1422918,1424381,replicative DNA helicase (dnaB) {Bacillus subtilis},1463,53680,.,-,.,gene=HP1362;Putative_Id=replicative DNA helicase (dnaB) {Bacillus subtilis};Orf_Size=1463;Prot_Size(est)=53680.0
.,forsyth,gene,HP1363,1424395,1425792,conserved hypothetical integral membrane protein {Escherichia coli},1397,51260,.,-,.,gene=HP1363;Putative_Id=conserved hypothetical integral membrane protein {Escherichia coli};Orf_Size=1397;Prot_Size(est)=51260.0
.,forsyth,gene,HP1364,1425798,1426988,"signal-transducing protein, histidine kinase {Bacteroides fragilis}",1190,43670,.,-,.,"gene=HP1364;Putative_Id=signal-transducing protein, histidine kinase {Bacteroides fragilis};Orf_Size=1190;Prot_Size(est)=43670.0"
.,forsyth,gene,HP1365,1426966,1427604,response regulator {Enterococcus faecalis},638,23430,.,-,.,gene=HP1365;Putative_Id=response regulator {Enterococcus faecalis};Orf_Size=638;Prot_Size(est)=23430.0
.,forsyth,gene,HP1366,1427691,1428959,type IIS restriction enzyme R protein (MBOIIR) {Moraxella bovis},1268,46530,.,-,.,gene=HP1366;Putative_Id=type IIS restriction enzyme R protein (MBOIIR) {Moraxella bovis};Orf_Size=1268;Prot_Size(est)=46530.0
.,forsyth,gene,HP1367,1428978,1429757,type IIS restriction enzyme M1 protein (mod) ({Moraxella bovis},779,28600,.,-,.,gene=HP1367;Putative_Id=type IIS restriction enzyme M1 protein (mod) ({Moraxella bovis};Orf_Size=779;Prot_Size(est)=28600.0
.,forsyth,gene,HP1368,1429747,1430607,type IIS restriction enzyme M2 protein (mod) {Methanobacterium thermoautotrophicum},860,31570,.,-,.,gene=HP1368;Putative_Id=type IIS restriction enzyme M2 protein (mod) {Methanobacterium thermoautotrophicum};Orf_Size=860;Prot_Size(est)=31570.0
.,forsyth,gene,HP1369,1430856,1432277,type III restriction enzyme M protein (mod) {Salmonella choleraesuis},1421,52140,.,+,.,gene=HP1369;Putative_Id=type III restriction enzyme M protein (mod) {Salmonella choleraesuis};Orf_Size=1421;Prot_Size(est)=52140.0
.,forsyth,gene,HP1370,1432418,1433281,type III restriction enzyme M protein (mod) {Haemophilus influenzae},863,31680,.,+,.,gene=HP1370;Putative_Id=type III restriction enzyme M protein (mod) {Haemophilus influenzae};Orf_Size=863;Prot_Size(est)=31680.0
.,forsyth,gene,HP1371,1433295,1436198,type III restriction enzyme R protein {Mycoplasma pulmonis},2903,106480,.,+,.,gene=HP1371;Putative_Id=type III restriction enzyme R protein {Mycoplasma pulmonis};Orf_Size=2903;Prot_Size(est)=106480.0
.,forsyth,gene,HP1372,1436254,1436997,rod shape-determining protein (mreC) {Haemophilus influenzae},743,27280,.,-,.,gene=HP1372;Putative_Id=rod shape-determining protein (mreC) {Haemophilus influenzae};Orf_Size=743;Prot_Size(est)=27280.0
.,forsyth,gene,HP1373,1437004,1438044,rod shape-determining protein (mreB) {Escherichia coli},1040,38170,.,-,.,gene=HP1373;Putative_Id=rod shape-determining protein (mreB) {Escherichia coli};Orf_Size=1040;Prot_Size(est)=38170.0
.,forsyth,gene,HP1374,1438090,1439427,ATP-dependent protease ATPase subunit (clpX) {Escherichia coli},1337,49060,.,-,.,gene=HP1374;Putative_Id=ATP-dependent protease ATPase subunit (clpX) {Escherichia coli};Orf_Size=1337;Prot_Size(est)=49060.0
.,forsyth,gene,HP1375,1439432,1440241,UDP-N-acetylglucosamine acyltransferase (lpxA) {Rickettsia rickettsii},809,29700,.,-,.,gene=HP1375;Putative_Id=UDP-N-acetylglucosamine acyltransferase (lpxA) {Rickettsia rickettsii};Orf_Size=809;Prot_Size(est)=29700.0
.,forsyth,gene,HP1376,1440248,1440724,(3R)-hydroxymyristoyl-(acyl carrier protein) dehydratase (fabZ) {Yersinia enterocolitica},476,17490,.,-,.,gene=HP1376;Putative_Id=(3R)-hydroxymyristoyl-(acyl carrier protein) dehydratase (fabZ) {Yersinia enterocolitica};Orf_Size=476;Prot_Size(est)=17490.0
.,forsyth,gene,HP1377,1440899,1441336,hypothetical protein,437,16060,.,-,.,gene=HP1377;Putative_Id=hypothetical protein;Orf_Size=437;Prot_Size(est)=16060.0
.,forsyth,gene,HP1378,1441694,1442353,competence lipoprotein (comL) {Neisseria gonorrhoeae},659,24200,.,+,.,gene=HP1378;Putative_Id=competence lipoprotein (comL) {Neisseria gonorrhoeae};Orf_Size=659;Prot_Size(est)=24200.0
.,forsyth,gene,HP1379,1442398,1444902,ATP-dependent protease (lon) {Escherichia coli},2504,91850,.,+,.,gene=HP1379;Putative_Id=ATP-dependent protease (lon) {Escherichia coli};Orf_Size=2504;Prot_Size(est)=91850.0
.,forsyth,gene,HP1380,1444944,1445738,prephenate dehydrogenase (tyrA) {Bacillus subtilis},794,29150,.,+,.,gene=HP1380;Putative_Id=prephenate dehydrogenase (tyrA) {Bacillus subtilis};Orf_Size=794;Prot_Size(est)=29150.0
.,forsyth,gene,HP1381,1445793,1446023,hypothetical protein,230,8470,.,+,.,gene=HP1381;Putative_Id=hypothetical protein;Orf_Size=230;Prot_Size(est)=8470.0
.,forsyth,gene,HP1382,1446088,1446477,hypothetical protein,389,14300,.,-,.,gene=HP1382;Putative_Id=hypothetical protein;Orf_Size=389;Prot_Size(est)=14300.0
.,forsyth,gene,HP1383,1446446,1446925,restriction modification system S subunit {Methanococcus jannaschii},479,17600,.,+,.,gene=HP1383;Putative_Id=restriction modification system S subunit {Methanococcus jannaschii};Orf_Size=479;Prot_Size(est)=17600.0
.,forsyth,gene,HP1384,1446956,1447159,hypothetical protein,203,7480,.,-,.,gene=HP1384;Putative_Id=hypothetical protein;Orf_Size=203;Prot_Size(est)=7480.0
.,forsyth,gene,HP1385,1447159,1448028,"fructose-1,6-bisphosphatase {Kluyveromyces lactis}",869,31900,.,-,.,"gene=HP1385;Putative_Id=fructose-1,6-bisphosphatase {Kluyveromyces lactis};Orf_Size=869;Prot_Size(est)=31900.0"
.,forsyth,gene,HP1386,1448099,1448749,D-ribulose-5-phosphate 3 epimerase (rpe) {Escherichia coli},650,23870,.,+,.,gene=HP1386;Putative_Id=D-ribulose-5-phosphate 3 epimerase (rpe) {Escherichia coli};Orf_Size=650;Prot_Size(est)=23870.0
.,forsyth,gene,HP1387,1448622,1449671,DNA polymerase III epsilon subunit (dnaQ) {Escherichia coli}},1049,38500,.,+,.,gene=HP1387;Putative_Id=DNA polymerase III epsilon subunit (dnaQ) {Escherichia coli}};Orf_Size=1049;Prot_Size(est)=38500.0
.,forsyth,gene,HP1388,1450188,1450634,hypothetical protein,446,16390,.,+,.,gene=HP1388;Putative_Id=hypothetical protein;Orf_Size=446;Prot_Size(est)=16390.0
.,forsyth,gene,HP1389,1450780,1450959,hypothetical protein,179,6600,.,+,.,gene=HP1389;Putative_Id=hypothetical protein;Orf_Size=179;Prot_Size(est)=6600.0
.,forsyth,gene,HP1390,1451007,1451504,hypothetical protein,497,18260,.,-,.,gene=HP1390;Putative_Id=hypothetical protein;Orf_Size=497;Prot_Size(est)=18260.0
.,forsyth,gene,HP1391,1451760,1452053,hypothetical protein,293,10780,.,-,.,gene=HP1391;Putative_Id=hypothetical protein;Orf_Size=293;Prot_Size(est)=10780.0
.,forsyth,gene,HP1392,1452075,1453379,fibronectin/fibrinogen-binding protein {Streptococcus pyogenes},1304,47850,.,-,.,gene=HP1392;Putative_Id=fibronectin/fibrinogen-binding protein {Streptococcus pyogenes};Orf_Size=1304;Prot_Size(est)=47850.0
.,forsyth,gene,HP1393,1453379,1454950,DNA repair protein (recN) {Haemophilus influenzae},1571,57640,.,-,.,gene=HP1393;Putative_Id=DNA repair protein (recN) {Haemophilus influenzae};Orf_Size=1571;Prot_Size(est)=57640.0
.,forsyth,gene,HP1394,1454968,1455819,conserved hypothetical protein {Methanococcus jannaschii},851,31240,.,-,.,gene=HP1394;Putative_Id=conserved hypothetical protein {Methanococcus jannaschii};Orf_Size=851;Prot_Size(est)=31240.0
.,forsyth,gene,HP1395,1456007,1456732,outer membrane protein (omp30),725,26620,.,+,.,gene=HP1395;Putative_Id=outer membrane protein (omp30);Orf_Size=725;Prot_Size(est)=26620.0
.,forsyth,gene,HP1396,1456781,1457644,hypothetical protein,863,31680,.,-,.,gene=HP1396;Putative_Id=hypothetical protein;Orf_Size=863;Prot_Size(est)=31680.0
.,forsyth,gene,HP1397,1457655,1458467,hypothetical protein,812,29810,.,-,.,gene=HP1397;Putative_Id=hypothetical protein;Orf_Size=812;Prot_Size(est)=29810.0
.,forsyth,gene,HP1398,1458585,1459724,alanine dehydrogenase (ald) {Bacillus subtilis},1139,41800,.,-,.,gene=HP1398;Putative_Id=alanine dehydrogenase (ald) {Bacillus subtilis};Orf_Size=1139;Prot_Size(est)=41800.0
.,forsyth,gene,HP1399,1459926,1460891,arginase (rocF) {Bacillus subtilis},965,35420,.,+,.,gene=HP1399;Putative_Id=arginase (rocF) {Bacillus subtilis};Orf_Size=965;Prot_Size(est)=35420.0
.,forsyth,gene,HP1400,1461431,1463956,iron(III) dicitrate transport protein (fecA) {Escherichia coli},2525,92620,.,+,.,gene=HP1400;Putative_Id=iron(III) dicitrate transport protein (fecA) {Escherichia coli};Orf_Size=2525;Prot_Size(est)=92620.0
.,forsyth,gene,HP1401,1464051,1464755,conserved hypothetical protein {Methanococcus jannaschii},704,25850,.,-,.,gene=HP1401;Putative_Id=conserved hypothetical protein {Methanococcus jannaschii};Orf_Size=704;Prot_Size(est)=25850.0
.,forsyth,gene,HP1402,1464758,1467736,type I restriction enzyme R protein (hsdR) {Escherichia coli},2978,109230,.,-,.,gene=HP1402;Putative_Id=type I restriction enzyme R protein (hsdR) {Escherichia coli};Orf_Size=2978;Prot_Size(est)=109230.0
.,forsyth,gene,HP1403,1467803,1470253,type I restriction enzyme M protein (hsdM) {Escherichia coli},2450,89870,.,+,.,gene=HP1403;Putative_Id=type I restriction enzyme M protein (hsdM) {Escherichia coli};Orf_Size=2450;Prot_Size(est)=89870.0
.,forsyth,gene,HP1404,1470253,1470540,type I restriction enzyme S protein (hsdS) {Methanococcus jannaschii},287,10560,.,+,.,gene=HP1404;Putative_Id=type I restriction enzyme S protein (hsdS) {Methanococcus jannaschii};Orf_Size=287;Prot_Size(est)=10560.0
.,forsyth,gene,HP1405,1470848,1470949,hypothetical protein,101,3740,.,+,.,gene=HP1405;Putative_Id=hypothetical protein;Orf_Size=101;Prot_Size(est)=3740.0
.,forsyth,gene,HP1406,1471119,1471964,biotin synthetase (bioB) {Mycobacterium leprae},845,31020,.,+,.,gene=HP1406;Putative_Id=biotin synthetase (bioB) {Mycobacterium leprae};Orf_Size=845;Prot_Size(est)=31020.0
.,forsyth,gene,HP1407,1471967,1472842,conserved hypothetical integral membrane protein {Haemophilus influenzae},875,32120,.,+,.,gene=HP1407;Putative_Id=conserved hypothetical integral membrane protein {Haemophilus influenzae};Orf_Size=875;Prot_Size(est)=32120.0
.,forsyth,gene,HP1408,1477542,1477874,hypothetical protein,332,12210,.,+,.,gene=HP1408;Putative_Id=hypothetical protein;Orf_Size=332;Prot_Size(est)=12210.0
.,forsyth,gene,HP1409,1477927,1479660,hypothetical protein,1733,63580,.,+,.,gene=HP1409;Putative_Id=hypothetical protein;Orf_Size=1733;Prot_Size(est)=63580.0
.,forsyth,gene,HP1410,1479704,1480885,hypothetical protein,1181,43340,.,+,.,gene=HP1410;Putative_Id=hypothetical protein;Orf_Size=1181;Prot_Size(est)=43340.0
.,forsyth,gene,HP1411,1481000,1482856,hypothetical protein,1856,68090,.,+,.,gene=HP1411;Putative_Id=hypothetical protein;Orf_Size=1856;Prot_Size(est)=68090.0
.,forsyth,gene,HP1412,1482975,1483898,hypothetical protein,923,33880,.,+,.,gene=HP1412;Putative_Id=hypothetical protein;Orf_Size=923;Prot_Size(est)=33880.0
.,forsyth,gene,HP1413,1484032,1484475,conserved hypothetical protein {Haemophilus influenzae},443,16280,.,-,.,gene=HP1413;Putative_Id=conserved hypothetical protein {Haemophilus influenzae};Orf_Size=443;Prot_Size(est)=16280.0
.,forsyth,gene,HP1414,1484535,1484873,conserved hypothetical protein {Haemophilus influenzae},338,12430,.,+,.,gene=HP1414;Putative_Id=conserved hypothetical protein {Haemophilus influenzae};Orf_Size=338;Prot_Size(est)=12430.0
.,forsyth,gene,HP1415,1484977,1485774,tRNA delta(2)-isopentenylpyrophosphate transferase (miaA) {Escherichia coli},797,29260,.,+,.,gene=HP1415;Putative_Id=tRNA delta(2)-isopentenylpyrophosphate transferase (miaA) {Escherichia coli};Orf_Size=797;Prot_Size(est)=29260.0
.,forsyth,gene,HP1416,1485782,1486882,"lipopolysaccharide 1,2-glucosyltransferase (rfaJ) {Escherichia coli}",1100,40370,.,+,.,"gene=HP1416;Putative_Id=lipopolysaccharide 1,2-glucosyltransferase (rfaJ) {Escherichia coli};Orf_Size=1100;Prot_Size(est)=40370.0"
.,forsyth,gene,HP1417,1486895,1488561,conserved hypothetical protein {Escherichia coli},1666,61123.33333,.,+,.,gene=HP1417;Putative_Id=conserved hypothetical protein {Escherichia coli};Orf_Size=1666;Prot_Size(est)=61123.33333333333
.,forsyth,gene,HP1418,1488628,1489404,UDP-N-acetylenolpyruvoylglucosamine reductase (murB) {Bacillus subtilis},776,28490,.,-,.,gene=HP1418;Putative_Id=UDP-N-acetylenolpyruvoylglucosamine reductase (murB) {Bacillus subtilis};Orf_Size=776;Prot_Size(est)=28490.0
.,forsyth,gene,HP1419,1489411,1489674,flagellar biosynthetic protein (fliQ) {Escherichia coli},263,9680,.,-,.,gene=HP1419;Putative_Id=flagellar biosynthetic protein (fliQ) {Escherichia coli};Orf_Size=263;Prot_Size(est)=9680.0
.,forsyth,gene,HP1420,1489688,1490989,flagellar export protein ATP synthase (fliI) {Bacillus subtilis},1301,47740,.,-,.,gene=HP1420;Putative_Id=flagellar export protein ATP synthase (fliI) {Bacillus subtilis};Orf_Size=1301;Prot_Size(est)=47740.0
.,forsyth,gene,HP1421,1490993,1491904,conjugative transfer regulon protein (trbB) {Agrobacterium radiobacter},911,33440,.,-,.,gene=HP1421;Putative_Id=conjugative transfer regulon protein (trbB) {Agrobacterium radiobacter};Orf_Size=911;Prot_Size(est)=33440.0
.,forsyth,gene,HP1422,1491924,1494683,isoleucyl-tRNA synthetase (ileS) {Campylobacter jejuni},2759,101200,.,-,.,gene=HP1422;Putative_Id=isoleucyl-tRNA synthetase (ileS) {Campylobacter jejuni};Orf_Size=2759;Prot_Size(est)=101200.0
.,forsyth,gene,HP1423,1494711,1494962,conserved hypothetical protein {Bacillus subtilis},251,9240,.,-,.,gene=HP1423;Putative_Id=conserved hypothetical protein {Bacillus subtilis};Orf_Size=251;Prot_Size(est)=9240.0
.,forsyth,gene,HP1424,1495064,1495681,hypothetical protein,617,22660,.,+,.,gene=HP1424;Putative_Id=hypothetical protein;Orf_Size=617;Prot_Size(est)=22660.0
.,forsyth,gene,HP1425,1495815,1496039,hypothetical protein,224,8250,.,-,.,gene=HP1425;Putative_Id=hypothetical protein;Orf_Size=224;Prot_Size(est)=8250.0
.,forsyth,gene,HP1426,1496099,1496638,conserved hypothetical protein {Bacillus subtilis},539,19800,.,-,.,gene=HP1426;Putative_Id=conserved hypothetical protein {Bacillus subtilis};Orf_Size=539;Prot_Size(est)=19800.0
.,forsyth,gene,HP1427,1496992,1497171,"histidine-rich, metal binding polypeptide (hpn) {Helicobacter pylori}",179,6600,.,-,.,"gene=HP1427;Putative_Id=histidine-rich, metal binding polypeptide (hpn) {Helicobacter pylori};Orf_Size=179;Prot_Size(est)=6600.0"
.,forsyth,gene,HP1428,1497370,1498440,conserved hypothetical protein {Pseudomonas aeruginosa},1070,39270,.,-,.,gene=HP1428;Putative_Id=conserved hypothetical protein {Pseudomonas aeruginosa};Orf_Size=1070;Prot_Size(est)=39270.0
.,forsyth,gene,HP1429,1498440,1499426,polysialic acid capsule expression protein (kpsF) {Haemophilus influenzae},986,36190,.,-,.,gene=HP1429;Putative_Id=polysialic acid capsule expression protein (kpsF) {Haemophilus influenzae};Orf_Size=986;Prot_Size(est)=36190.0
.,forsyth,gene,HP1430,1499413,1501479,conserved hypothetical ATP-binding protein {Bacillus subtilis},2066,75790,.,-,.,gene=HP1430;Putative_Id=conserved hypothetical ATP-binding protein {Bacillus subtilis};Orf_Size=2066;Prot_Size(est)=75790.0
.,forsyth,gene,HP1431,1501520,1502332,"16S rRNA (adenosine-N6,N6-)-dimethyltransferase (ksgA) {Haemophilus influenzae}",812,29810,.,-,.,"gene=HP1431;Putative_Id=16S rRNA (adenosine-N6,N6-)-dimethyltransferase (ksgA) {Haemophilus influenzae};Orf_Size=812;Prot_Size(est)=29810.0"
.,forsyth,gene,HP1432,1502586,1502801,histidine and glutamine-rich protein {Helicobacter pylori},215,7920,.,+,.,gene=HP1432;Putative_Id=histidine and glutamine-rich protein {Helicobacter pylori};Orf_Size=215;Prot_Size(est)=7920.0
.,forsyth,gene,HP1433,1503441,1506008,hypothetical protein,2567,94160,.,-,.,gene=HP1433;Putative_Id=hypothetical protein;Orf_Size=2567;Prot_Size(est)=94160.0
.,forsyth,gene,HP1434,1506120,1506998,formyltetrahydrofolate hydrolase (purU) {Haemophilus influenzae},878,32230,.,-,.,gene=HP1434;Putative_Id=formyltetrahydrofolate hydrolase (purU) {Haemophilus influenzae};Orf_Size=878;Prot_Size(est)=32230.0
.,forsyth,gene,HP1435,1507004,1507879,protease IV (PspA) {Campylobacter jejuni},875,32120,.,-,.,gene=HP1435;Putative_Id=protease IV (PspA) {Campylobacter jejuni};Orf_Size=875;Prot_Size(est)=32120.0
.,forsyth,gene,HP1436,1507950,1508195,hypothetical protein,245,9020,.,+,.,gene=HP1436;Putative_Id=hypothetical protein;Orf_Size=245;Prot_Size(est)=9020.0
.,forsyth,gene,HP1437,1508432,1509148,hypothetical protein,716,26290,.,+,.,gene=HP1437;Putative_Id=hypothetical protein;Orf_Size=716;Prot_Size(est)=26290.0
.,forsyth,gene,HP1438,1509160,1510173,conserved hypothetical lipoprotein {Mycoplasma hominis},1013,37180,.,+,.,gene=HP1438;Putative_Id=conserved hypothetical lipoprotein {Mycoplasma hominis};Orf_Size=1013;Prot_Size(est)=37180.0
.,forsyth,gene,HP1439,1510188,1510430,hypothetical protein,242,8910,.,+,.,gene=HP1439;Putative_Id=hypothetical protein;Orf_Size=242;Prot_Size(est)=8910.0
.,forsyth,gene,HP1440,1513146,1513922,hypothetical protein,776,28490,.,-,.,gene=HP1440;Putative_Id=hypothetical protein;Orf_Size=776;Prot_Size(est)=28490.0
.,forsyth,gene,HP1441,1514043,1514531,"peptidyl-prolyl cis-trans isomerase B, cyclosporin-type rotamase (ppi) {Synechococcus sp.}",488,17930,.,+,.,"gene=HP1441;Putative_Id=peptidyl-prolyl cis-trans isomerase B, cyclosporin-type rotamase (ppi) {Synechococcus sp.};Orf_Size=488;Prot_Size(est)=17930.0"
.,forsyth,gene,HP1442,1514554,1514781,carbon storage regulator (csrA) {Bacillus subtilis},227,8360,.,+,.,gene=HP1442;Putative_Id=carbon storage regulator (csrA) {Bacillus subtilis};Orf_Size=227;Prot_Size(est)=8360.0
.,forsyth,gene,HP1443,1514781,1515584,conserved hypothetical protein {Bacillus subtilis},803,29480,.,+,.,gene=HP1443;Putative_Id=conserved hypothetical protein {Bacillus subtilis};Orf_Size=803;Prot_Size(est)=29480.0
.,forsyth,gene,HP1444,1515584,1516039,small protein (smpB) {Haemophilus influenzae},455,16720,.,+,.,gene=HP1444;Putative_Id=small protein (smpB) {Haemophilus influenzae};Orf_Size=455;Prot_Size(est)=16720.0
.,forsyth,gene,HP1445,1516045,1516494,biopolymer transport protein (exbB) {Haemophilus influenzae},449,16500,.,+,.,gene=HP1445;Putative_Id=biopolymer transport protein (exbB) {Haemophilus influenzae};Orf_Size=449;Prot_Size(est)=16500.0
.,forsyth,gene,HP1446,1516508,1516906,biopolymer transport protein (exbD) {Haemophilus influenzae},398,14630,.,+,.,gene=HP1446;Putative_Id=biopolymer transport protein (exbD) {Haemophilus influenzae};Orf_Size=398;Prot_Size(est)=14630.0
.,forsyth,gene,HP1447,1516981,1517112,ribosomal protein L34 (rpl34) {Coxiella burnetii},131,4840,.,+,.,gene=HP1447;Putative_Id=ribosomal protein L34 (rpl34) {Coxiella burnetii};Orf_Size=131;Prot_Size(est)=4840.0
.,forsyth,gene,HP1448,1517075,1517557,"ribonuclease P, protein component (rnpA) {Bacillus subtilis}",482,17710,.,+,.,"gene=HP1448;Putative_Id=ribonuclease P, protein component (rnpA) {Bacillus subtilis};Orf_Size=482;Prot_Size(est)=17710.0"
.,forsyth,gene,HP1449,1517547,1517897,conserved hypothetical protein {Coxiella burnetii},350,12870,.,+,.,gene=HP1449;Putative_Id=conserved hypothetical protein {Coxiella burnetii};Orf_Size=350;Prot_Size(est)=12870.0
.,forsyth,gene,HP1450,1517906,1519546,60 kDa inner-membrane protein {Pseudomonas putida},1640,60170,.,+,.,gene=HP1450;Putative_Id=60 kDa inner-membrane protein {Pseudomonas putida};Orf_Size=1640;Prot_Size(est)=60170.0
.,forsyth,gene,HP1451,1519549,1520340,hypothetical protein,791,29040,.,+,.,gene=HP1451;Putative_Id=hypothetical protein;Orf_Size=791;Prot_Size(est)=29040.0
.,forsyth,gene,HP1452,1520303,1521685,thiophene and furan oxidizer (tdhF) {Bacillus subtilis},1382,50710,.,+,.,gene=HP1452;Putative_Id=thiophene and furan oxidizer (tdhF) {Bacillus subtilis};Orf_Size=1382;Prot_Size(est)=50710.0
.,forsyth,gene,HP1453,1521892,1524129,conserved hypothetical protein {Helicobacter pylori},2237,82060,.,+,.,gene=HP1453;Putative_Id=conserved hypothetical protein {Helicobacter pylori};Orf_Size=2237;Prot_Size(est)=82060.0
.,forsyth,gene,HP1454,1524952,1525860,hypothetical protein,908,33330,.,-,.,gene=HP1454;Putative_Id=hypothetical protein;Orf_Size=908;Prot_Size(est)=33330.0
.,forsyth,gene,HP1455,1525873,1526262,hypothetical protein,389,14300,.,-,.,gene=HP1455;Putative_Id=hypothetical protein;Orf_Size=389;Prot_Size(est)=14300.0
.,forsyth,gene,HP1456,1526222,1526746,membrane-associated lipoprotein (lpp20) {Helicobacter pylori},524,19250,.,-,.,gene=HP1456;Putative_Id=membrane-associated lipoprotein (lpp20) {Helicobacter pylori};Orf_Size=524;Prot_Size(est)=19250.0
.,forsyth,gene,HP1457,1526773,1527402,hypothetical protein,629,23100,.,-,.,gene=HP1457;Putative_Id=hypothetical protein;Orf_Size=629;Prot_Size(est)=23100.0
.,forsyth,gene,HP1458,1527775,1528086,thioredoxin {Arabidopsis thaliana},311,11440,.,-,.,gene=HP1458;Putative_Id=thioredoxin {Arabidopsis thaliana};Orf_Size=311;Prot_Size(est)=11440.0
.,forsyth,gene,HP1459,1528144,1528929,conserved hypothetical protein {Bacillus subtilis},785,28820,.,-,.,gene=HP1459;Putative_Id=conserved hypothetical protein {Bacillus subtilis};Orf_Size=785;Prot_Size(est)=28820.0
.,forsyth,gene,HP1460,1528914,1532546,DNA polymerase III alpha-subunit (dnaE) {Vibrio cholerae},3632,133210,.,-,.,gene=HP1460;Putative_Id=DNA polymerase III alpha-subunit (dnaE) {Vibrio cholerae};Orf_Size=3632;Prot_Size(est)=133210.0
.,forsyth,gene,HP1461,1532694,1533743,cytochrome c551 peroxidase {Pseudomonas aeruginosa},1049,38500,.,+,.,gene=HP1461;Putative_Id=cytochrome c551 peroxidase {Pseudomonas aeruginosa};Orf_Size=1049;Prot_Size(est)=38500.0
.,forsyth,gene,HP1462,1533926,1534441,secreted protein involved in flagellar motility {Helicobacter pylori},515,18920,.,-,.,gene=HP1462;Putative_Id=secreted protein involved in flagellar motility {Helicobacter pylori};Orf_Size=515;Prot_Size(est)=18920.0
.,forsyth,gene,HP1463,1534532,1535206,hypothetical protein,674,24750,.,-,.,gene=HP1463;Putative_Id=hypothetical protein;Orf_Size=674;Prot_Size(est)=24750.0
.,forsyth,gene,HP1464,1535212,1536024,conserved hypothetical secreted protein {Synechocystis sp.},812,29810,.,-,.,gene=HP1464;Putative_Id=conserved hypothetical secreted protein {Synechocystis sp.};Orf_Size=812;Prot_Size(est)=29810.0
.,forsyth,gene,HP1465,1536012,1536794,"ABC transporter, ATP-binding protein (HI1087) {Haemophilus influenzae}",782,28710,.,-,.,"gene=HP1465;Putative_Id=ABC transporter, ATP-binding protein (HI1087) {Haemophilus influenzae};Orf_Size=782;Prot_Size(est)=28710.0"
.,forsyth,gene,HP1466,1536797,1537927,conserved hypothetical integral membrane protein {Haemophilus influenzae},1130,41470,.,-,.,gene=HP1466;Putative_Id=conserved hypothetical integral membrane protein {Haemophilus influenzae};Orf_Size=1130;Prot_Size(est)=41470.0
.,forsyth,gene,HP1467,1538062,1538754,hypothetical protein,692,25410,.,+,.,gene=HP1467;Putative_Id=hypothetical protein;Orf_Size=692;Prot_Size(est)=25410.0
.,forsyth,gene,HP1468,1538765,1539784,branched-chain-amino-acid aminotransferase (ilvE) {Haemophilus influenzae},1019,37400,.,-,.,gene=HP1468;Putative_Id=branched-chain-amino-acid aminotransferase (ilvE) {Haemophilus influenzae};Orf_Size=1019;Prot_Size(est)=37400.0
.,forsyth,gene,HP1469,1539839,1540582,outer membrane protein (omp31),743,27280,.,-,.,gene=HP1469;Putative_Id=outer membrane protein (omp31);Orf_Size=743;Prot_Size(est)=27280.0
.,forsyth,gene,HP1470,1540700,1543375,DNA polymerase I (polA) {Thermus aquaticus},2675,98120,.,-,.,gene=HP1470;Putative_Id=DNA polymerase I (polA) {Thermus aquaticus};Orf_Size=2675;Prot_Size(est)=98120.0
.,forsyth,gene,HP1471,1543446,1544636,type IIS restriction enzyme R protein (BCGIB) {Bacillus coagulans},1190,43670,.,-,.,gene=HP1471;Putative_Id=type IIS restriction enzyme R protein (BCGIB) {Bacillus coagulans};Orf_Size=1190;Prot_Size(est)=43670.0
.,forsyth,gene,HP1472,1544705,1546741,type IIS restriction enzyme M protein (mod) {Bacillus coagulans},2036,74690,.,-,.,gene=HP1472;Putative_Id=type IIS restriction enzyme M protein (mod) {Bacillus coagulans};Orf_Size=2036;Prot_Size(est)=74690.0
.,forsyth,gene,HP1473,1546775,1547347,hypothetical protein,572,21010,.,-,.,gene=HP1473;Putative_Id=hypothetical protein;Orf_Size=572;Prot_Size(est)=21010.0
.,forsyth,gene,HP1474,1547338,1547910,thymidylate kinase (tmk) {Mycoplasma genitalium},572,21010,.,-,.,gene=HP1474;Putative_Id=thymidylate kinase (tmk) {Mycoplasma genitalium};Orf_Size=572;Prot_Size(est)=21010.0
.,forsyth,gene,HP1475,1547915,1548385,lipopolysaccharide core biosynthesis protein (kdtB) {Escherichia coli},470,17270,.,-,.,gene=HP1475;Putative_Id=lipopolysaccharide core biosynthesis protein (kdtB) {Escherichia coli};Orf_Size=470;Prot_Size(est)=17270.0
.,forsyth,gene,HP1476,1548388,1548948,phenylacrylic acid decarboxylase {Methanococcus jannaschii},560,20570,.,-,.,gene=HP1476;Putative_Id=phenylacrylic acid decarboxylase {Methanococcus jannaschii};Orf_Size=560;Prot_Size(est)=20570.0
.,forsyth,gene,HP1477,1548961,1549614,hypothetical protein,653,23980,.,-,.,gene=HP1477;Putative_Id=hypothetical protein;Orf_Size=653;Prot_Size(est)=23980.0
.,forsyth,gene,HP1478,1549614,1551659,DNA helicase II (uvrD) {Haemophilus influenzae},2045,75020,.,-,.,gene=HP1478;Putative_Id=DNA helicase II (uvrD) {Haemophilus influenzae};Orf_Size=2045;Prot_Size(est)=75020.0
.,forsyth,gene,HP1479,1551659,1554190,hypothetical protein,2531,92840,.,-,.,gene=HP1479;Putative_Id=hypothetical protein;Orf_Size=2531;Prot_Size(est)=92840.0
.,forsyth,gene,HP1480,1554203,1555447,seryl-tRNA synthetase (serS) {Escherichia coli},1244,45650,.,-,.,gene=HP1480;Putative_Id=seryl-tRNA synthetase (serS) {Escherichia coli};Orf_Size=1244;Prot_Size(est)=45650.0
.,forsyth,gene,HP1481,1555451,1556245,hypothetical protein,794,29150,.,-,.,gene=HP1481;Putative_Id=hypothetical protein;Orf_Size=794;Prot_Size(est)=29150.0
.,forsyth,gene,HP1482,1556252,1556509,hypothetical protein,257,9460,.,-,.,gene=HP1482;Putative_Id=hypothetical protein;Orf_Size=257;Prot_Size(est)=9460.0
.,forsyth,gene,HP1483,1556522,1557259,gerC2 protein (gerC2) {Lactococcus lactis},737,27060,.,-,.,gene=HP1483;Putative_Id=gerC2 protein (gerC2) {Lactococcus lactis};Orf_Size=737;Prot_Size(est)=27060.0
.,forsyth,gene,HP1484,1557289,1557732,conserved hypothetical integral membrane protein {Rhodobacter sphaeroides},443,16280,.,-,.,gene=HP1484;Putative_Id=conserved hypothetical integral membrane protein {Rhodobacter sphaeroides};Orf_Size=443;Prot_Size(est)=16280.0
.,forsyth,gene,HP1485,1557746,1558315,proline dipeptidase (pepQ) {Haemophilus influenzae},569,20900,.,-,.,gene=HP1485;Putative_Id=proline dipeptidase (pepQ) {Haemophilus influenzae};Orf_Size=569;Prot_Size(est)=20900.0
.,forsyth,gene,HP1486,1558305,1559432,conserved hypothetical integral membrane protein {Escherichia coli},1127,41360,.,-,.,gene=HP1486;Putative_Id=conserved hypothetical integral membrane protein {Escherichia coli};Orf_Size=1127;Prot_Size(est)=41360.0
.,forsyth,gene,HP1487,1559432,1560526,conserved hypothetical integral membrane protein {Bacillus subtilis},1094,40150,.,-,.,gene=HP1487;Putative_Id=conserved hypothetical integral membrane protein {Bacillus subtilis};Orf_Size=1094;Prot_Size(est)=40150.0
.,forsyth,gene,HP1488,1560541,1561527,conserved hypothetical secreted protein {Escherichia coli},986,36190,.,-,.,gene=HP1488;Putative_Id=conserved hypothetical secreted protein {Escherichia coli};Orf_Size=986;Prot_Size(est)=36190.0
.,forsyth,gene,HP1489,1561542,1563071,lipase-like protein {Serratia marcescens},1529,56100,.,-,.,gene=HP1489;Putative_Id=lipase-like protein {Serratia marcescens};Orf_Size=1529;Prot_Size(est)=56100.0
.,forsyth,gene,HP1490,1563071,1564417,hemolysin {Synechocystis sp.},1346,49390,.,-,.,gene=HP1490;Putative_Id=hemolysin {Synechocystis sp.};Orf_Size=1346;Prot_Size(est)=49390.0
.,forsyth,gene,HP1491,1564524,1566122,phosphate permease {Haemophilus influenzae},1598,58630,.,-,.,gene=HP1491;Putative_Id=phosphate permease {Haemophilus influenzae};Orf_Size=1598;Prot_Size(est)=58630.0
.,forsyth,gene,HP1492,1566261,1566527,conserved hypothetical nifU-like protein {Synechocystis sp.},266,9790,.,+,.,gene=HP1492;Putative_Id=conserved hypothetical nifU-like protein {Synechocystis sp.};Orf_Size=266;Prot_Size(est)=9790.0
.,forsyth,gene,HP1493,1566542,1567150,hypothetical protein,608,22330,.,+,.,gene=HP1493;Putative_Id=hypothetical protein;Orf_Size=608;Prot_Size(est)=22330.0
.,forsyth,gene,HP1494,1567157,1568497,UDP-MurNac-tripeptide synthetase (murE) {Haemophilus influenzae},1340,49170,.,+,.,gene=HP1494;Putative_Id=UDP-MurNac-tripeptide synthetase (murE) {Haemophilus influenzae};Orf_Size=1340;Prot_Size(est)=49170.0
.,forsyth,gene,HP1495,1568504,1569451,transaldolase (tal) {Anabaena sp.},947,34760,.,+,.,gene=HP1495;Putative_Id=transaldolase (tal) {Anabaena sp.};Orf_Size=947;Prot_Size(est)=34760.0
.,forsyth,gene,HP1496,1569509,1570042,general stress protein (ctc) {Bacillus subtilis},533,19580,.,+,.,gene=HP1496;Putative_Id=general stress protein (ctc) {Bacillus subtilis};Orf_Size=533;Prot_Size(est)=19580.0
.,forsyth,gene,HP1497,1570055,1570612,peptidyl-tRNA hydrolase (pth) {Haemophilus influenzae},557,20460,.,+,.,gene=HP1497;Putative_Id=peptidyl-tRNA hydrolase (pth) {Haemophilus influenzae};Orf_Size=557;Prot_Size(est)=20460.0
.,forsyth,gene,HP1498,1570670,1571734,hypothetical protein,1064,39050,.,+,.,gene=HP1498;Putative_Id=hypothetical protein;Orf_Size=1064;Prot_Size(est)=39050.0
.,forsyth,gene,HP1499,1571852,1572667,hypothetical protein,815,29920,.,+,.,gene=HP1499;Putative_Id=hypothetical protein;Orf_Size=815;Prot_Size(est)=29920.0
.,forsyth,gene,HP1500,1572838,1572906,hypothetical protein,68,2530,.,-,.,gene=HP1500;Putative_Id=hypothetical protein;Orf_Size=68;Prot_Size(est)=2530.0
.,forsyth,gene,HP1501,1573071,1574234,outer membrane protein (omp32),1163,42680,.,-,.,gene=HP1501;Putative_Id=outer membrane protein (omp32);Orf_Size=1163;Prot_Size(est)=42680.0
.,forsyth,gene,HP1502,1574413,1574847,hypothetical protein,434,15950,.,+,.,gene=HP1502;Putative_Id=hypothetical protein;Orf_Size=434;Prot_Size(est)=15950.0
.,forsyth,gene,HP1503,1574850,1577213,"cation-transporting ATPase, P-type (copA) {Enterococcus faecalis}",2363,86680,.,-,.,"gene=HP1503;Putative_Id=cation-transporting ATPase, P-type (copA) {Enterococcus faecalis};Orf_Size=2363;Prot_Size(est)=86680.0"
.,forsyth,gene,HP1504,1577242,1577955,conserved hypothetical protein {Bacillus subtilis},713,26180,.,-,.,gene=HP1504;Putative_Id=conserved hypothetical protein {Bacillus subtilis};Orf_Size=713;Prot_Size(est)=26180.0
.,forsyth,gene,HP1505,1577940,1578971,riboflavin biosynthesis protein (ribG) {Haemophilus influenzae},1031,37840,.,-,.,gene=HP1505;Putative_Id=riboflavin biosynthesis protein (ribG) {Haemophilus influenzae};Orf_Size=1031;Prot_Size(est)=37840.0
.,forsyth,gene,HP1506,1578971,1580194,glutamate permease (gltS) {Escherichia coli},1223,44880,.,-,.,gene=HP1506;Putative_Id=glutamate permease (gltS) {Escherichia coli};Orf_Size=1223;Prot_Size(est)=44880.0
.,forsyth,gene,HP1507,1580322,1581476,conserved hypothetical ATP-binding protein {Synechocystis PCC6803},1154,42350,.,+,.,gene=HP1507;Putative_Id=conserved hypothetical ATP-binding protein {Synechocystis PCC6803};Orf_Size=1154;Prot_Size(est)=42350.0
.,forsyth,gene,HP1508,1581492,1582865,ferrodoxin-like protein {Paracoccus denitrificans},1373,50380,.,-,.,gene=HP1508;Putative_Id=ferrodoxin-like protein {Paracoccus denitrificans};Orf_Size=1373;Prot_Size(est)=50380.0
.,forsyth,gene,HP1509,1582845,1583630,conserved hypothetical integral membrane protein {Mycoplasma genitalium},785,28820,.,+,.,gene=HP1509;Putative_Id=conserved hypothetical integral membrane protein {Mycoplasma genitalium};Orf_Size=785;Prot_Size(est)=28820.0
.,forsyth,gene,HP1510,1583630,1583980,conserved hypothetical protein {Mycoplasma genitalium},350,12870,.,+,.,gene=HP1510;Putative_Id=conserved hypothetical protein {Mycoplasma genitalium};Orf_Size=350;Prot_Size(est)=12870.0
.,forsyth,gene,HP1511,1583967,1584290,hypothetical protein,323,11880,.,+,.,gene=HP1511;Putative_Id=hypothetical protein;Orf_Size=323;Prot_Size(est)=11880.0
.,forsyth,gene,HP1512,1584447,1587077,iron-regulated outer membrane protein (frpB) {Neisseria meningitidis},2630,96470,.,+,.,gene=HP1512;Putative_Id=iron-regulated outer membrane protein (frpB) {Neisseria meningitidis};Orf_Size=2630;Prot_Size(est)=96470.0
.,forsyth,gene,HP1513,1587307,1588464,selenocystein synthase (selA) {Escherichia coli},1157,42460,.,+,.,gene=HP1513;Putative_Id=selenocystein synthase (selA) {Escherichia coli};Orf_Size=1157;Prot_Size(est)=42460.0
.,forsyth,gene,HP1514,1588569,1589753,transcription termination factor NusA (nusA) {Thermus aquaticus},1184,43450,.,+,.,gene=HP1514;Putative_Id=transcription termination factor NusA (nusA) {Thermus aquaticus};Orf_Size=1184;Prot_Size(est)=43450.0
.,forsyth,gene,HP1515,1589956,1590045,hypothetical protein,89,3300,.,+,.,gene=HP1515;Putative_Id=hypothetical protein;Orf_Size=89;Prot_Size(est)=3300.0
.,forsyth,gene,HP1516,1590112,1590648,hypothetical protein,536,19690,.,-,.,gene=HP1516;Putative_Id=hypothetical protein;Orf_Size=536;Prot_Size(est)=19690.0
.,forsyth,gene,HP1517,1590652,1594488,type IIS restriction enzyme R and M protein (ECO57IR) {Escherichia coli},3836,140690,.,-,.,gene=HP1517;Putative_Id=type IIS restriction enzyme R and M protein (ECO57IR) {Escherichia coli};Orf_Size=3836;Prot_Size(est)=140690.0
.,forsyth,gene,HP1518,1594493,1594777,hypothetical protein,284,10450,.,-,.,gene=HP1518;Putative_Id=hypothetical protein;Orf_Size=284;Prot_Size(est)=10450.0
.,forsyth,gene,HP1519,1594911,1595660,hypothetical protein,749,27500,.,-,.,gene=HP1519;Putative_Id=hypothetical protein;Orf_Size=749;Prot_Size(est)=27500.0
.,forsyth,gene,HP1520,1595773,1597062,hypothetical protein,1289,47300,.,-,.,gene=HP1520;Putative_Id=hypothetical protein;Orf_Size=1289;Prot_Size(est)=47300.0
.,forsyth,gene,HP1521,1597199,1600099,type III restriction enzyme R protein (res) {Salmonella choleraesuis},2900,106370,.,-,.,gene=HP1521;Putative_Id=type III restriction enzyme R protein (res) {Salmonella choleraesuis};Orf_Size=2900;Prot_Size(est)=106370.0
.,forsyth,gene,HP1522,1600105,1602038,adenine specific DNA methyltransferase (mod) {Escherichia coli},1933,70913.33333,.,-,.,gene=HP1522;Putative_Id=adenine specific DNA methyltransferase (mod) {Escherichia coli};Orf_Size=1933;Prot_Size(est)=70913.33333333333
.,forsyth,gene,HP1523,1602091,1603959,DNA recombinase (recG) {Escherichia coli},1868,68530,.,-,.,gene=HP1523;Putative_Id=DNA recombinase (recG) {Escherichia coli};Orf_Size=1868;Prot_Size(est)=68530.0
.,forsyth,gene,HP1524,1604041,1604385,hypothetical protein,344,12650,.,+,.,gene=HP1524;Putative_Id=hypothetical protein;Orf_Size=344;Prot_Size(est)=12650.0
.,forsyth,gene,HP1525,1604392,1605024,hypothetical protein,632,23210,.,+,.,gene=HP1525;Putative_Id=hypothetical protein;Orf_Size=632;Prot_Size(est)=23210.0
.,forsyth,gene,HP1526,1605027,1605776,exodeoxyribonuclease (lexA) {Bacillus subtilis},749,27500,.,-,.,gene=HP1526;Putative_Id=exodeoxyribonuclease (lexA) {Bacillus subtilis};Orf_Size=749;Prot_Size(est)=27500.0
.,forsyth,gene,HP1527,1605959,1607395,hypothetical protein,1436,52690,.,-,.,gene=HP1527;Putative_Id=hypothetical protein;Orf_Size=1436;Prot_Size(est)=52690.0
.,forsyth,gene,HP1528,1607394,1607468,hypothetical protein,74,2750,.,+,.,gene=HP1528;Putative_Id=hypothetical protein;Orf_Size=74;Prot_Size(est)=2750.0
.,forsyth,gene,HP1529,1607627,1608997,chromosomal replication initiator protein (dnaA) {Bacillus subtilis},1370,50270,.,-,.,gene=HP1529;Putative_Id=chromosomal replication initiator protein (dnaA) {Bacillus subtilis};Orf_Size=1370;Prot_Size(est)=50270.0
.,forsyth,gene,HP1530,1609150,1609689,purine nucleoside phosphorylase (punB) {Bacillus stearothermophilus},539,19800,.,+,.,gene=HP1530;Putative_Id=purine nucleoside phosphorylase (punB) {Bacillus stearothermophilus};Orf_Size=539;Prot_Size(est)=19800.0
.,forsyth,gene,HP1531,1609735,1609971,hypothetical protein,236,8690,.,+,.,gene=HP1531;Putative_Id=hypothetical protein;Orf_Size=236;Prot_Size(est)=8690.0
.,forsyth,gene,HP1532,1609975,1611765,glucosamine fructose-6-phosphate aminotransferase (isomerizing) (glmS) {Haemophilus influenzae},1790,65670,.,+,.,gene=HP1532;Putative_Id=glucosamine fructose-6-phosphate aminotransferase (isomerizing) (glmS) {Haemophilus influenzae};Orf_Size=1790;Prot_Size(est)=65670.0
.,forsyth,gene,HP1533,1611722,1612414,conserved hypothetical protein {Corynebacterium glutamicum},692,25410,.,+,.,gene=HP1533;Putative_Id=conserved hypothetical protein {Corynebacterium glutamicum};Orf_Size=692;Prot_Size(est)=25410.0
.,forsyth,gene,HP1534,1613004,1614284,IS605 transposase (tnpB) {Helicobacter pylori},1280,46970,.,-,.,gene=HP1534;Putative_Id=IS605 transposase (tnpB) {Helicobacter pylori};Orf_Size=1280;Prot_Size(est)=46970.0
.,forsyth,gene,HP1535,1614354,1614779,IS605 transposase (tnpA) {Helicobacter pylori},425,15620,.,+,.,gene=HP1535;Putative_Id=IS605 transposase (tnpA) {Helicobacter pylori};Orf_Size=425;Prot_Size(est)=15620.0
.,forsyth,gene,HP1536,1614842,1614895,hypothetical protein,53,1980,.,-,.,gene=HP1536;Putative_Id=hypothetical protein;Orf_Size=53;Prot_Size(est)=1980.0
.,forsyth,gene,HP1537,1615030,1615713,hypothetical protein,683,25080,.,+,.,gene=HP1537;Putative_Id=hypothetical protein;Orf_Size=683;Prot_Size(est)=25080.0
.,forsyth,gene,HP1538,1615881,1616735,"ubiquinol cytochrome c oxidoreductase, cytochrome c1 subunit (fbcH) {Bradyrhizobium japonicum}",854,31350,.,-,.,"gene=HP1538;Putative_Id=ubiquinol cytochrome c oxidoreductase, cytochrome c1 subunit (fbcH) {Bradyrhizobium japonicum};Orf_Size=854;Prot_Size(est)=31350.0"
.,forsyth,gene,HP1539,1616735,1617970,"ubiquinol cytochrome c oxidoreductase, cytochrome b subunit (fbcH) {Bradyrhizobium japonicum}",1235,45320,.,-,.,"gene=HP1539;Putative_Id=ubiquinol cytochrome c oxidoreductase, cytochrome b subunit (fbcH) {Bradyrhizobium japonicum};Orf_Size=1235;Prot_Size(est)=45320.0"
.,forsyth,gene,HP1540,1617984,1618484,"ubiquinol cytochrome c oxidoreductase, Rieske 2Fe-2S subunit (fbcF) {Bradyrhizobium japonicum}",500,18370,.,-,.,"gene=HP1540;Putative_Id=ubiquinol cytochrome c oxidoreductase, Rieske 2Fe-2S subunit (fbcF) {Bradyrhizobium japonicum};Orf_Size=500;Prot_Size(est)=18370.0"
.,forsyth,gene,HP1541,1618612,1621608,transcription-repair coupling factor (trcF) {Haemophilus influenzae},2996,109890,.,-,.,gene=HP1541;Putative_Id=transcription-repair coupling factor (trcF) {Haemophilus influenzae};Orf_Size=2996;Prot_Size(est)=109890.0
.,forsyth,gene,HP1542,1621615,1622022,hypothetical protein,407,14960,.,-,.,gene=HP1542;Putative_Id=hypothetical protein;Orf_Size=407;Prot_Size(est)=14960.0
.,forsyth,gene,HP1543,1621944,1622879,toxR-activated gene (tagE) {Vibrio cholerae},935,34320,.,-,.,gene=HP1543;Putative_Id=toxR-activated gene (tagE) {Vibrio cholerae};Orf_Size=935;Prot_Size(est)=34320.0
.,forsyth,gene,HP1544,1622891,1623814,toxR-activated gene (tagE) {Vibrio cholerae},923,33880,.,-,.,gene=HP1544;Putative_Id=toxR-activated gene (tagE) {Vibrio cholerae};Orf_Size=923;Prot_Size(est)=33880.0
.,forsyth,gene,HP1545,1623817,1624998,folylpolyglutamate synthase (folC) {Haemophilus influenzae},1181,43340,.,-,.,gene=HP1545;Putative_Id=folylpolyglutamate synthase (folC) {Haemophilus influenzae};Orf_Size=1181;Prot_Size(est)=43340.0
.,forsyth,gene,HP1546,1624991,1625500,hypothetical protein,509,18700,.,-,.,gene=HP1546;Putative_Id=hypothetical protein;Orf_Size=509;Prot_Size(est)=18700.0
.,forsyth,gene,HP1547,1625500,1627917,leucyl-tRNA synthetase (leuS) {Haemophilus influenzae},2417,88660,.,-,.,gene=HP1547;Putative_Id=leucyl-tRNA synthetase (leuS) {Haemophilus influenzae};Orf_Size=2417;Prot_Size(est)=88660.0
.,forsyth,gene,HP1548,1627930,1628265,conserved hypothetical integral membrane protein {Vibrio cholerae},335,12320,.,-,.,gene=HP1548;Putative_Id=conserved hypothetical integral membrane protein {Vibrio cholerae};Orf_Size=335;Prot_Size(est)=12320.0
.,forsyth,gene,HP1549,1628278,1629246,protein-export membrane protein (secF) {Escherichia coli},968,35530,.,-,.,gene=HP1549;Putative_Id=protein-export membrane protein (secF) {Escherichia coli};Orf_Size=968;Prot_Size(est)=35530.0
.,forsyth,gene,HP1550,1629258,1630766,protein-export membrane protein (secD) {Escherichia coli},1508,55330,.,-,.,gene=HP1550;Putative_Id=protein-export membrane protein (secD) {Escherichia coli};Orf_Size=1508;Prot_Size(est)=55330.0
.,forsyth,gene,HP1551,1630832,1631212,conserved hypothetical secreted protein {Escherichia coli},380,13970,.,-,.,gene=HP1551;Putative_Id=conserved hypothetical secreted protein {Escherichia coli};Orf_Size=380;Prot_Size(est)=13970.0
.,forsyth,gene,HP1552,1631263,1632576,Na+/H+ antiporter (nhaA) {Escherichia coli},1313,48180,.,-,.,gene=HP1552;Putative_Id=Na+/H+ antiporter (nhaA) {Escherichia coli};Orf_Size=1313;Prot_Size(est)=48180.0
.,forsyth,gene,HP1553,1632603,1635437,helicase {Bacillus subtilis},2834,103950,.,-,.,gene=HP1553;Putative_Id=helicase {Bacillus subtilis};Orf_Size=2834;Prot_Size(est)=103950.0
.,forsyth,gene,HP1554,1635686,1636477,ribosomal protein S2 (rps2) {Escherichia coli},791,29040,.,+,.,gene=HP1554;Putative_Id=ribosomal protein S2 (rps2) {Escherichia coli};Orf_Size=791;Prot_Size(est)=29040.0
.,forsyth,gene,HP1555,1636480,1637544,translation elongation factor EF-Ts (tsf) {Spiroplasma citri},1064,39050,.,+,.,gene=HP1555;Putative_Id=translation elongation factor EF-Ts (tsf) {Spiroplasma citri};Orf_Size=1064;Prot_Size(est)=39050.0
.,forsyth,gene,HP1556,1637999,1639843,cell division protein (ftsI)  {Bacillus subtilis},1844,67650,.,-,.,gene=HP1556;Putative_Id=cell division protein (ftsI)  {Bacillus subtilis};Orf_Size=1844;Prot_Size(est)=67650.0
.,forsyth,gene,HP1557,1640002,1640328,flagellar basal-body protein (fliE) {Bacillus subtilis},326,11990,.,-,.,gene=HP1557;Putative_Id=flagellar basal-body protein (fliE) {Bacillus subtilis};Orf_Size=326;Prot_Size(est)=11990.0
.,forsyth,gene,HP1558,1640459,1640941,flagellar basal-body rod protein (flgC) (proximal rod protein) {Borrelia burgdorferi},482,17710,.,-,.,gene=HP1558;Putative_Id=flagellar basal-body rod protein (flgC) (proximal rod protein) {Borrelia burgdorferi};Orf_Size=482;Prot_Size(est)=17710.0
.,forsyth,gene,HP1559,1640957,1641376,flagellar basal-body rod protein (flgB) (proximal rod protein) {Salmonella choleraesuis},419,15400,.,-,.,gene=HP1559;Putative_Id=flagellar basal-body rod protein (flgB) (proximal rod protein) {Salmonella choleraesuis};Orf_Size=419;Prot_Size(est)=15400.0
.,forsyth,gene,HP1560,1641584,1642747,cell division protein (ftsW) Escherichia coli,1163,42680,.,+,.,gene=HP1560;Putative_Id=cell division protein (ftsW) Escherichia coli;Orf_Size=1163;Prot_Size(est)=42680.0
.,forsyth,gene,HP1561,1642777,1643781,"iron(III) ABC transporter, periplasmic iron-binding protein (ceuE) {Campylobacter coli}",1004,36850,.,-,.,"gene=HP1561;Putative_Id=iron(III) ABC transporter, periplasmic iron-binding protein (ceuE) {Campylobacter coli};Orf_Size=1004;Prot_Size(est)=36850.0"
.,forsyth,gene,HP1562,1643985,1644983,"iron(III) ABC transporter, periplasmic iron-binding protein (ceuE) {Campylobacter coli}",998,36630,.,-,.,"gene=HP1562;Putative_Id=iron(III) ABC transporter, periplasmic iron-binding protein (ceuE) {Campylobacter coli};Orf_Size=998;Prot_Size(est)=36630.0"
.,forsyth,gene,HP1563,1645224,1645817,alkyl hydroperoxide reductase (tsaA) {Helicobacter pylori},593,21780,.,+,.,gene=HP1563;Putative_Id=alkyl hydroperoxide reductase (tsaA) {Helicobacter pylori};Orf_Size=593;Prot_Size(est)=21780.0
.,forsyth,gene,HP1564,1645960,1646772,outer membrane protein {Pasteurella haemolytica},812,29810,.,+,.,gene=HP1564;Putative_Id=outer membrane protein {Pasteurella haemolytica};Orf_Size=812;Prot_Size(est)=29810.0
.,forsyth,gene,HP1565,1647271,1649034,penicillin-binding protein 2 (pbp2) {Haemophilus influenzae},1763,64680,.,-,.,gene=HP1565;Putative_Id=penicillin-binding protein 2 (pbp2) {Haemophilus influenzae};Orf_Size=1763;Prot_Size(est)=64680.0
.,forsyth,gene,HP1566,1649018,1649458,hypothetical protein,440,16170,.,-,.,gene=HP1566;Putative_Id=hypothetical protein;Orf_Size=440;Prot_Size(est)=16170.0
.,forsyth,gene,HP1567,1649474,1650097,conserved hypothetical ATP-binding protein {Mycoplasma genitalium},623,22880,.,-,.,gene=HP1567;Putative_Id=conserved hypothetical ATP-binding protein {Mycoplasma genitalium};Orf_Size=623;Prot_Size(est)=22880.0
.,forsyth,gene,HP1568,1650097,1650645,hypothetical protein,548,20130,.,-,.,gene=HP1568;Putative_Id=hypothetical protein;Orf_Size=548;Prot_Size(est)=20130.0
.,forsyth,gene,HP1569,1650648,1651238,hypothetical protein,590,21670,.,-,.,gene=HP1569;Putative_Id=hypothetical protein;Orf_Size=590;Prot_Size(est)=21670.0
.,forsyth,gene,HP1570,1651216,1651707,conserved hypothetical protein {Haemophilus influenzae},491,18040,.,-,.,gene=HP1570;Putative_Id=conserved hypothetical protein {Haemophilus influenzae};Orf_Size=491;Prot_Size(est)=18040.0
.,forsyth,gene,HP1571,1651707,1652651,rare lipoprotein A (rlpA) {Haemophilus influenzae},944,34650,.,-,.,gene=HP1571;Putative_Id=rare lipoprotein A (rlpA) {Haemophilus influenzae};Orf_Size=944;Prot_Size(est)=34650.0
.,forsyth,gene,HP1572,1652654,1653769,regulatory protein DniR {Escherichia coli},1115,40920,.,-,.,gene=HP1572;Putative_Id=regulatory protein DniR {Escherichia coli};Orf_Size=1115;Prot_Size(est)=40920.0
.,forsyth,gene,HP1573,1653860,1654621,conserved hypothetical protein {Bacillus subtilis},761,27940,.,-,.,gene=HP1573;Putative_Id=conserved hypothetical protein {Bacillus subtilis};Orf_Size=761;Prot_Size(est)=27940.0
.,forsyth,gene,HP1574,1654696,1655313,riboflavin synthase alpha subunit (ribC) {Actinobacillus pleuropneumoniae},617,22660,.,+,.,gene=HP1574;Putative_Id=riboflavin synthase alpha subunit (ribC) {Actinobacillus pleuropneumoniae};Orf_Size=617;Prot_Size(est)=22660.0
.,forsyth,gene,HP1575,1655317,1655586,flhB protein (flhB) {Yersinia enterocolitica},269,9900,.,+,.,gene=HP1575;Putative_Id=flhB protein (flhB) {Yersinia enterocolitica};Orf_Size=269;Prot_Size(est)=9900.0
.,forsyth,gene,HP1576,1655611,1656591,"ABC transporter, ATP-binding protein (abc) {Haemophilus influenzae}",980,35970,.,+,.,"gene=HP1576;Putative_Id=ABC transporter, ATP-binding protein (abc) {Haemophilus influenzae};Orf_Size=980;Prot_Size(est)=35970.0"
.,forsyth,gene,HP1577,1656596,1657240,"ABC transporter, permease protein (yaeE) {Escherichia coli}",644,23650,.,+,.,"gene=HP1577;Putative_Id=ABC transporter, permease protein (yaeE) {Escherichia coli};Orf_Size=644;Prot_Size(est)=23650.0"
.,forsyth,gene,HP1578,1657278,1658393,LPS biosynthesis protein,1115,40920,.,-,.,gene=HP1578;Putative_Id=LPS biosynthesis protein;Orf_Size=1115;Prot_Size(est)=40920.0
.,forsyth,gene,HP1579,1658445,1658870,hypothetical protein,425,15620,.,-,.,gene=HP1579;Putative_Id=hypothetical protein;Orf_Size=425;Prot_Size(est)=15620.0
.,forsyth,gene,HP1580,1658883,1659542,hypothetical protein,659,24200,.,-,.,gene=HP1580;Putative_Id=hypothetical protein;Orf_Size=659;Prot_Size(est)=24200.0
.,forsyth,gene,HP1581,1659476,1660483,methicillin resistance protein (llm) {Staphylococcus aureus},1007,36960,.,-,.,gene=HP1581;Putative_Id=methicillin resistance protein (llm) {Staphylococcus aureus};Orf_Size=1007;Prot_Size(est)=36960.0
.,forsyth,gene,HP1582,1660610,1661395,pyridoxal phosphate biosynthetic protein J (pdxJ) {Aquifex pyrophilus},785,28820,.,+,.,gene=HP1582;Putative_Id=pyridoxal phosphate biosynthetic protein J (pdxJ) {Aquifex pyrophilus};Orf_Size=785;Prot_Size(est)=28820.0
.,forsyth,gene,HP1583,1661400,1662320,pyridoxal phosphate biosynthetic protein A (pdxA) {Escherichia coli},920,33770,.,+,.,gene=HP1583;Putative_Id=pyridoxal phosphate biosynthetic protein A (pdxA) {Escherichia coli};Orf_Size=920;Prot_Size(est)=33770.0
.,forsyth,gene,HP1584,1662388,1663407,sialoglycoprotease (gcp) {Haemophilus influenzae},1019,37400,.,+,.,gene=HP1584;Putative_Id=sialoglycoprotease (gcp) {Haemophilus influenzae};Orf_Size=1019;Prot_Size(est)=37400.0
.,forsyth,gene,HP1585,1663590,1664375,flagellar basal-body rod protein (flgG) {Salmonella choleraesuis},785,28820,.,+,.,gene=HP1585;Putative_Id=flagellar basal-body rod protein (flgG) {Salmonella choleraesuis};Orf_Size=785;Prot_Size(est)=28820.0
.,forsyth,gene,HP1586,1664450,1664785,hypothetical protein,335,12320,.,+,.,gene=HP1586;Putative_Id=hypothetical protein;Orf_Size=335;Prot_Size(est)=12320.0
.,forsyth,gene,HP1587,1664880,1665344,conserved hypothetical protein {Escherichia coli},464,17050,.,-,.,gene=HP1587;Putative_Id=conserved hypothetical protein {Escherichia coli};Orf_Size=464;Prot_Size(est)=17050.0
.,forsyth,gene,HP1588,1666032,1666790,conserved hypothetical protein {Escherichia coli},758,27830,.,-,.,gene=HP1588;Putative_Id=conserved hypothetical protein {Escherichia coli};Orf_Size=758;Prot_Size(est)=27830.0
.,forsyth,gene,HP1589,1667060,1667680,conserved hypothetical protein {Escherichia coli},620,22770,.,-,.,gene=HP1589;Putative_Id=conserved hypothetical protein {Escherichia coli};Orf_Size=620;Prot_Size(est)=22770.0
.,forsyth,gene,HP1590,1667684,1667800,hypothetical protein,116,4290,.,-,.,gene=HP1590;Putative_Id=hypothetical protein;Orf_Size=116;Prot_Size(est)=4290.0