,gene,1' pH7,1' pH5,16' pH7,16' pH5,1' pH7 density,16' pH7 density,1' pH5 density,16' pH5 density
0,HP0001,16,16,16,16,0.0387409200968523,0.0387409200968523,0.0387409200968523,0.0387409200968523
1,HP0002,25,26,24,24,0.05353319057815846,0.05139186295503212,0.055674518201284794,0.05139186295503212
2,HP0003,31,31,31,31,0.037484885126964934,0.037484885126964934,0.037484885126964934,0.037484885126964934
3,HP0004,27,27,25,24,0.04078549848942598,0.0377643504531722,0.04078549848942598,0.03625377643504532
4,HP0005,22,23,24,23,0.03235294117647059,0.03529411764705882,0.033823529411764704,0.033823529411764704
5,HP0006,18,18,18,18,0.02176541717049577,0.02176541717049577,0.02176541717049577,0.02176541717049577
6,HP0007,2,2,2,2,0.029411764705882353,0.029411764705882353,0.029411764705882353,0.029411764705882353
7,HP0008,4,4,4,4,0.05,0.05,0.05,0.05
8,HP0009,70,68,68,68,0.03682272488164124,0.03577064702788006,0.03577064702788006,0.03577064702788006
9,HP0010,88,85,84,85,0.05375687232742822,0.05131337813072694,0.05192425167990226,0.05192425167990226
10,HP0011,24,24,24,24,0.0679886685552408,0.0679886685552408,0.0679886685552408,0.0679886685552408
11,HP0012,67,66,67,66,0.03997613365155131,0.03997613365155131,0.03937947494033413,0.03937947494033413
12,HP0013,33,33,32,33,0.03145853193517636,0.030505243088655862,0.03145853193517636,0.03145853193517636
13,HP0014,27,28,28,27,0.032766990291262135,0.03398058252427184,0.03398058252427184,0.032766990291262135
14,HP0015,12,12,12,12,0.04316546762589928,0.04316546762589928,0.04316546762589928,0.04316546762589928
15,HP0016,7,7,6,7,0.026923076923076925,0.023076923076923078,0.026923076923076925,0.026923076923076925
16,HP0017,76,76,76,76,0.03220338983050847,0.03220338983050847,0.03220338983050847,0.03220338983050847
17,HP0018,55,55,55,55,0.03911806543385491,0.03911806543385491,0.03911806543385491,0.03911806543385491
18,HP0019,40,40,40,40,0.04158004158004158,0.04158004158004158,0.04158004158004158,0.04158004158004158
19,HP0020,41,40,39,40,0.03377265238879736,0.03212520593080725,0.032948929159802305,0.032948929159802305
20,HP0021,19,19,20,20,0.033391915641476276,0.0351493848857645,0.033391915641476276,0.0351493848857645
21,HP0022,67,67,64,64,0.04289372599231754,0.040973111395646605,0.04289372599231754,0.040973111395646605
22,HP0023,1,1,1,1,0.008620689655172414,0.008620689655172414,0.008620689655172414,0.008620689655172414
23,HP0024,2,2,2,2,0.02247191011235955,0.02247191011235955,0.02247191011235955,0.02247191011235955
24,HP0025,91,91,90,92,0.042682926829268296,0.04221388367729831,0.042682926829268296,0.043151969981238276
25,HP0026,60,58,56,59,0.04698512137823023,0.04385277995301488,0.04541895066562255,0.04620203602192639
26,HP0027,57,57,57,59,0.044740973312401885,0.044740973312401885,0.044740973312401885,0.04631083202511774
27,HP0028,20,20,20,20,0.03773584905660377,0.03773584905660377,0.03773584905660377,0.03773584905660377
28,HP0029,22,22,22,22,0.033690658499234305,0.033690658499234305,0.033690658499234305,0.033690658499234305
29,HP0030,10,10,9,9,0.00562429696287964,0.005061867266591676,0.00562429696287964,0.005061867266591676
30,HP0031,19,19,19,19,0.046341463414634146,0.046341463414634146,0.046341463414634146,0.046341463414634146
31,HP0032,18,18,18,18,0.0661764705882353,0.0661764705882353,0.0661764705882353,0.0661764705882353
32,HP0033,91,88,87,89,0.04095409540954095,0.03915391539153915,0.039603960396039604,0.040054005400540056
33,HP0034,15,15,15,15,0.04285714285714286,0.04285714285714286,0.04285714285714286,0.04285714285714286
34,HP0035,13,13,13,13,0.04482758620689655,0.04482758620689655,0.04482758620689655,0.04482758620689655
35,HP0036,22,22,22,22,0.02197802197802198,0.02197802197802198,0.02197802197802198,0.02197802197802198
36,HP0037,31,30,30,29,0.029467680608365018,0.028517110266159697,0.028517110266159697,0.027566539923954372
37,HP0038,30,29,28,28,0.04087193460490463,0.03814713896457766,0.039509536784741145,0.03814713896457766
38,HP0039,7,7,8,7,0.026022304832713755,0.02973977695167286,0.026022304832713755,0.026022304832713755
39,HP0040,25,23,23,22,0.033783783783783786,0.031081081081081083,0.031081081081081083,0.02972972972972973
40,HP0041,7,7,7,7,0.019021739130434784,0.019021739130434784,0.019021739130434784,0.019021739130434784
41,HP0042,28,28,28,28,0.04011461318051576,0.04011461318051576,0.04011461318051576,0.04011461318051576
42,HP0043,45,45,45,45,0.0319375443577005,0.0319375443577005,0.0319375443577005,0.0319375443577005
43,HP0044,38,38,38,38,0.03327495621716287,0.03327495621716287,0.03327495621716287,0.03327495621716287
44,HP0045,35,36,36,36,0.03767491926803014,0.038751345532831,0.038751345532831,0.038751345532831
45,HP0046,0,0,0,0,0.0,0.0,0.0,0.0
46,HP0047,44,42,40,40,0.044221105527638194,0.04020100502512563,0.04221105527638191,0.04020100502512563
47,HP0048,69,71,68,70,0.02992194275802255,0.029488291413703384,0.030789245446660885,0.030355594102341718
48,HP0049,30,30,30,30,0.030333670374115267,0.030333670374115267,0.030333670374115267,0.030333670374115267
49,HP0050,21,22,21,22,0.030215827338129497,0.030215827338129497,0.031654676258992806,0.031654676258992806
50,HP0051,27,28,28,27,0.02537593984962406,0.02631578947368421,0.02631578947368421,0.02537593984962406
51,HP0052,26,25,25,26,0.0262891809908999,0.025278058645096056,0.025278058645096056,0.0262891809908999
52,HP0053,26,26,25,25,0.020700636942675158,0.019904458598726114,0.020700636942675158,0.019904458598726114
53,HP0054,56,54,54,54,0.022690437601296597,0.02188006482982172,0.02188006482982172,0.02188006482982172
54,HP0055,62,62,61,62,0.04169468728984533,0.0410221923335575,0.04169468728984533,0.04169468728984533
55,HP0056,148,147,148,149,0.04164321890827237,0.04164321890827237,0.0413618458075408,0.04192459200900394
56,HP0057,4,4,4,4,0.019417475728155338,0.019417475728155338,0.019417475728155338,0.019417475728155338
57,HP0058,33,32,33,32,0.02756892230576441,0.02756892230576441,0.026733500417710943,0.026733500417710943
58,HP0059,27,27,27,27,0.03172737955346651,0.03172737955346651,0.03172737955346651,0.03172737955346651
59,HP0060,101,101,101,101,0.041427399507793276,0.041427399507793276,0.041427399507793276,0.041427399507793276
60,HP0061,25,25,25,25,0.044169611307420496,0.044169611307420496,0.044169611307420496,0.044169611307420496
61,HP0062,18,19,17,17,0.07003891050583658,0.06614785992217899,0.07392996108949416,0.06614785992217899
62,HP0063,64,64,63,63,0.04303967720242098,0.04236718224613315,0.04303967720242098,0.04236718224613315
63,HP0064,17,17,17,17,0.040865384615384616,0.040865384615384616,0.040865384615384616,0.040865384615384616
64,HP0065,23,26,23,23,0.06571428571428571,0.06571428571428571,0.07428571428571429,0.06571428571428571
65,HP0066,88,91,87,87,0.03531300160513644,0.034911717495987156,0.03651685393258427,0.034911717495987156
66,HP0067,34,34,35,34,0.042821158690176324,0.04408060453400504,0.042821158690176324,0.042821158690176324
67,HP0068,38,39,39,39,0.06375838926174497,0.06543624161073826,0.06543624161073826,0.06543624161073826
68,HP0069,34,34,34,34,0.04467805519053877,0.04467805519053877,0.04467805519053877,0.04467805519053877
69,HP0070,24,24,24,24,0.047151277013752456,0.047151277013752456,0.047151277013752456,0.047151277013752456
70,HP0071,25,25,25,25,0.04280821917808219,0.04280821917808219,0.04280821917808219,0.04280821917808219
71,HP0072,96,96,93,93,0.05627198124267292,0.05451348182883939,0.05627198124267292,0.05451348182883939
72,HP0073,24,24,24,24,0.033660589060308554,0.033660589060308554,0.033660589060308554,0.033660589060308554
73,HP0074,14,13,14,13,0.029787234042553193,0.029787234042553193,0.027659574468085105,0.027659574468085105
74,HP0075,58,60,58,58,0.043478260869565216,0.043478260869565216,0.044977511244377814,0.043478260869565216
75,HP0076,4,4,4,4,0.015037593984962405,0.015037593984962405,0.015037593984962405,0.015037593984962405
76,HP0077,52,51,50,49,0.04928909952606635,0.04739336492890995,0.04834123222748815,0.046445497630331754
77,HP0078,6,6,5,5,0.023622047244094488,0.01968503937007874,0.023622047244094488,0.01968503937007874
78,HP0079,65,65,63,64,0.03643497757847534,0.03531390134529148,0.03643497757847534,0.03587443946188341
79,HP0080,82,83,81,81,0.04611923509561305,0.045556805399325086,0.046681664791901015,0.045556805399325086
80,HP0081,5,5,5,5,0.04201680672268908,0.04201680672268908,0.04201680672268908,0.04201680672268908
81,HP0082,96,95,93,92,0.04757185332011893,0.046085232903865216,0.04707631318136769,0.04558969276511397
82,HP0083,15,15,15,15,0.038860103626943004,0.038860103626943004,0.038860103626943004,0.038860103626943004
83,HP0084,14,14,14,14,0.03317535545023697,0.03317535545023697,0.03317535545023697,0.03317535545023697
84,HP0085,6,6,6,6,0.032432432432432434,0.032432432432432434,0.032432432432432434,0.032432432432432434
85,HP0086,60,61,60,60,0.04447739065974796,0.04447739065974796,0.0452186805040771,0.04447739065974796
86,HP0087,45,44,45,45,0.032846715328467155,0.032846715328467155,0.032116788321167884,0.032846715328467155
87,HP0088,111,110,108,108,0.055168986083499,0.0536779324055666,0.05467196819085487,0.0536779324055666
88,HP0089,28,27,26,26,0.04046242774566474,0.03757225433526012,0.03901734104046243,0.03757225433526012
89,HP0090,22,23,23,22,0.023758099352051837,0.024838012958963283,0.024838012958963283,0.023758099352051837
90,HP0091,16,16,16,16,0.01927710843373494,0.01927710843373494,0.01927710843373494,0.01927710843373494
91,HP0092,32,32,30,30,0.03855421686746988,0.03614457831325301,0.03855421686746988,0.03614457831325301
92,HP0093,25,25,25,25,0.07598784194528875,0.07598784194528875,0.07598784194528875,0.07598784194528875
93,HP0094,17,19,17,17,0.036637931034482756,0.036637931034482756,0.040948275862068964,0.036637931034482756
94,HP0095,21,22,20,21,0.03984819734345351,0.03795066413662239,0.04174573055028463,0.03984819734345351
95,HP0096,41,42,40,40,0.04357066950053135,0.04250797024442083,0.044633368756641874,0.04250797024442083
96,HP0097,29,28,29,28,0.04084507042253521,0.04084507042253521,0.03943661971830986,0.03943661971830986
97,HP0098,38,38,38,38,0.02608098833218943,0.02608098833218943,0.02608098833218943,0.02608098833218943
98,HP0099,77,77,75,75,0.03804347826086957,0.03705533596837945,0.03804347826086957,0.03705533596837945
99,HP0100,34,34,33,34,0.030825022665457842,0.029918404351767906,0.030825022665457842,0.030825022665457842
100,HP0101,12,13,13,12,0.0158311345646438,0.017150395778364115,0.017150395778364115,0.0158311345646438
101,HP0102,25,25,25,25,0.03221649484536082,0.03221649484536082,0.03221649484536082,0.03221649484536082
102,HP0103,80,80,78,78,0.047225501770956316,0.04604486422668241,0.047225501770956316,0.04604486422668241
103,HP0104,69,70,69,69,0.03960964408725603,0.03960964408725603,0.040183696900114814,0.03960964408725603
104,HP0105,25,24,25,25,0.05387931034482758,0.05387931034482758,0.05172413793103448,0.05387931034482758
105,HP0106,45,44,44,44,0.03950834064969271,0.038630377524143986,0.038630377524143986,0.038630377524143986
106,HP0107,32,32,31,31,0.03489640130861505,0.03380588876772083,0.03489640130861505,0.03380588876772083
107,HP0108,25,26,25,25,0.04488330341113106,0.04488330341113106,0.0466786355475763,0.04488330341113106
108,HP0109,57,55,56,57,0.03066164604626143,0.03012372243141474,0.029585798816568046,0.03066164604626143
109,HP0110,37,37,37,37,0.06537102473498234,0.06537102473498234,0.06537102473498234,0.06537102473498234
110,HP0111,20,20,20,20,0.02418379685610641,0.02418379685610641,0.02418379685610641,0.02418379685610641
111,HP0112,37,36,36,36,0.05346820809248555,0.05202312138728324,0.05202312138728324,0.05202312138728324
112,HP0113,10,9,10,10,0.034129692832764506,0.034129692832764506,0.030716723549488054,0.034129692832764506
113,HP0114,76,75,74,75,0.0403611258629846,0.03929899097185342,0.03983005841741901,0.03983005841741901
114,HP0115,67,65,67,65,0.043478260869565216,0.043478260869565216,0.04218040233614536,0.04218040233614536
115,HP0116,92,92,88,88,0.04168554599003172,0.03987313094698686,0.04168554599003172,0.03987313094698686
116,HP0117,33,31,32,32,0.035752979414951244,0.03466955579631636,0.03358613217768147,0.03466955579631636
117,HP0118,27,27,27,27,0.022804054054054054,0.022804054054054054,0.022804054054054054,0.022804054054054054
118,HP0119,35,33,33,33,0.02532561505065123,0.023878437047756874,0.023878437047756874,0.023878437047756874
119,HP0120,32,32,32,32,0.026823134953897737,0.026823134953897737,0.026823134953897737,0.026823134953897737
120,HP0121,98,98,99,98,0.040246406570841886,0.0406570841889117,0.040246406570841886,0.040246406570841886
121,HP0122,3,3,3,3,0.0234375,0.0234375,0.0234375,0.0234375
122,HP0123,71,71,72,70,0.038692098092643054,0.03923705722070845,0.038692098092643054,0.03814713896457766
123,HP0124,23,23,23,23,0.03782894736842105,0.03782894736842105,0.03782894736842105,0.03782894736842105
124,HP0125,10,10,10,10,0.05235602094240838,0.05235602094240838,0.05235602094240838,0.05235602094240838
125,HP0126,26,26,27,26,0.07492795389048991,0.07780979827089338,0.07492795389048991,0.07492795389048991
126,HP0127,35,35,35,35,0.040840140023337225,0.040840140023337225,0.040840140023337225,0.040840140023337225
127,HP0128,0,0,0,0,0.0,0.0,0.0,0.0
128,HP0129,31,31,30,30,0.07345971563981042,0.07109004739336493,0.07345971563981042,0.07109004739336493
129,HP0130,41,42,40,40,0.047841306884480746,0.046674445740956826,0.049008168028004666,0.046674445740956826
130,HP0131,3,3,3,3,0.030612244897959183,0.030612244897959183,0.030612244897959183,0.030612244897959183
131,HP0132,49,49,49,48,0.03592375366568915,0.03592375366568915,0.03592375366568915,0.03519061583577713
132,HP0133,29,31,29,28,0.023424878836833602,0.023424878836833602,0.025040387722132473,0.022617124394184167
133,HP0134,57,58,56,56,0.04234769687964339,0.041604754829123326,0.04309063893016345,0.041604754829123326
134,HP0135,1,1,1,1,0.007633587786259542,0.007633587786259542,0.007633587786259542,0.007633587786259542
135,HP0136,12,13,12,11,0.026373626373626374,0.026373626373626374,0.02857142857142857,0.024175824175824177
136,HP0137,26,26,26,26,0.04113924050632911,0.04113924050632911,0.04113924050632911,0.04113924050632911
137,HP0138,51,51,51,51,0.03536754507628294,0.03536754507628294,0.03536754507628294,0.03536754507628294
138,HP0139,33,33,33,33,0.04551724137931035,0.04551724137931035,0.04551724137931035,0.04551724137931035
139,HP0140,45,46,44,43,0.027339003645200487,0.026731470230862697,0.027946537059538274,0.02612393681652491
140,HP0141,47,46,47,46,0.028450363196125907,0.028450363196125907,0.02784503631961259,0.02784503631961259
141,HP0142,29,30,29,29,0.029501525940996948,0.029501525940996948,0.030518819938962362,0.029501525940996948
142,HP0143,46,48,47,47,0.03178991015894955,0.03248099516240498,0.0331720801658604,0.03248099516240498
143,HP0144,58,58,57,57,0.039644565960355434,0.03896103896103896,0.039644565960355434,0.03896103896103896
144,HP0145,41,40,39,38,0.058992805755395686,0.05611510791366906,0.05755395683453238,0.05467625899280575
145,HP0146,11,11,11,11,0.05045871559633028,0.05045871559633028,0.05045871559633028,0.05045871559633028
146,HP0147,37,37,34,35,0.043173862310385065,0.039673278879813305,0.043173862310385065,0.040840140023337225
147,HP0148,5,5,5,5,0.024630541871921183,0.024630541871921183,0.024630541871921183,0.024630541871921183
148,HP0149,14,14,14,14,0.024096385542168676,0.024096385542168676,0.024096385542168676,0.024096385542168676
149,HP0150,19,19,19,19,0.03236797274275979,0.03236797274275979,0.03236797274275979,0.03236797274275979
150,HP0151,24,24,25,24,0.029666254635352288,0.030902348578491966,0.029666254635352288,0.029666254635352288
151,HP0152,37,35,34,34,0.04302325581395349,0.03953488372093023,0.040697674418604654,0.03953488372093023
152,HP0153,58,57,58,58,0.05576923076923077,0.05576923076923077,0.05480769230769231,0.05576923076923077
153,HP0154,61,60,59,59,0.047768206734534066,0.04620203602192639,0.04698512137823023,0.04620203602192639
154,HP0155,12,12,12,12,0.04411764705882353,0.04411764705882353,0.04411764705882353,0.04411764705882353
155,HP0156,18,18,18,18,0.03005008347245409,0.03005008347245409,0.03005008347245409,0.03005008347245409
156,HP0157,23,22,23,22,0.04742268041237113,0.04742268041237113,0.04536082474226804,0.04536082474226804
157,HP0158,47,47,46,47,0.04931794333683106,0.048268625393494226,0.04931794333683106,0.04931794333683106
158,HP0159,41,41,41,41,0.036771300448430494,0.036771300448430494,0.036771300448430494,0.036771300448430494
159,HP0160,31,32,28,28,0.03380588876772083,0.030534351145038167,0.03489640130861505,0.030534351145038167
160,HP0161,0,0,1,0,0.0,0.009345794392523364,0.0,0.0
161,HP0162,29,30,29,29,0.04033379694019471,0.04033379694019471,0.04172461752433936,0.04033379694019471
162,HP0163,49,47,49,49,0.0506198347107438,0.0506198347107438,0.04855371900826446,0.0506198347107438
163,HP0164,41,41,5,5,0.05387647831800263,0.006570302233902759,0.05387647831800263,0.006570302233902759
164,HP0165,10,10,2,2,0.019305019305019305,0.003861003861003861,0.019305019305019305,0.003861003861003861
165,HP0166,25,25,23,23,0.037091988130563795,0.03412462908011869,0.037091988130563795,0.03412462908011869
166,HP0167,20,20,20,20,0.0425531914893617,0.0425531914893617,0.0425531914893617,0.0425531914893617
167,HP0168,18,17,16,16,0.06923076923076923,0.06153846153846154,0.06538461538461539,0.06153846153846154
168,HP0169,42,44,44,43,0.03320158102766799,0.034782608695652174,0.034782608695652174,0.03399209486166008
169,HP0170,58,58,59,58,0.07651715039577836,0.07783641160949868,0.07651715039577836,0.07651715039577836
170,HP0171,35,35,36,34,0.03216911764705882,0.03308823529411765,0.03216911764705882,0.03125
171,HP0172,27,27,27,27,0.02303754266211604,0.02303754266211604,0.02303754266211604,0.02303754266211604
172,HP0173,28,28,28,28,0.03664921465968586,0.03664921465968586,0.03664921465968586,0.03664921465968586
173,HP0174,16,15,15,15,0.02069857697283312,0.019404915912031046,0.019404915912031046,0.019404915912031046
174,HP0175,32,31,29,29,0.03571428571428571,0.03236607142857143,0.03459821428571429,0.03236607142857143
175,HP0176,48,49,46,47,0.05217391304347826,0.05,0.05326086956521739,0.051086956521739134
176,HP0177,31,31,26,26,0.055357142857142855,0.04642857142857143,0.055357142857142855,0.04642857142857143
177,HP0178,41,40,40,41,0.040235525024533855,0.03925417075564279,0.03925417075564279,0.040235525024533855
178,HP0179,18,18,18,18,0.02821316614420063,0.02821316614420063,0.02821316614420063,0.02821316614420063
179,HP0180,37,37,37,37,0.029042386185243328,0.029042386185243328,0.029042386185243328,0.029042386185243328
180,HP0181,33,35,33,33,0.04918032786885246,0.04918032786885246,0.05216095380029806,0.04918032786885246
181,HP0182,57,57,57,57,0.03794940079893475,0.03794940079893475,0.03794940079893475,0.03794940079893475
182,HP0183,46,44,45,45,0.03688853247794707,0.03608660785886127,0.03528468323977546,0.03608660785886127
183,HP0184,16,16,16,16,0.029684601113172542,0.029684601113172542,0.029684601113172542,0.029684601113172542
184,HP0185,32,32,32,32,0.04,0.04,0.04,0.04
185,HP0186,85,82,82,84,0.07018992568125516,0.06771263418662263,0.06771263418662263,0.06936416184971098
186,HP0187,15,14,14,14,0.0528169014084507,0.04929577464788732,0.04929577464788732,0.04929577464788732
187,HP0188,8,8,8,8,0.08163265306122448,0.08163265306122448,0.08163265306122448,0.08163265306122448
188,HP0189,17,17,17,17,0.03207547169811321,0.03207547169811321,0.03207547169811321,0.03207547169811321
189,HP0190,59,60,57,58,0.03920265780730897,0.03787375415282392,0.03986710963455149,0.038538205980066444
190,HP0191,34,32,31,31,0.04632152588555858,0.04223433242506812,0.043596730245231606,0.04223433242506812
191,HP0192,103,103,103,102,0.04810836057916861,0.04810836057916861,0.04810836057916861,0.04764128911723494
192,HP0193,28,29,29,28,0.03664921465968586,0.03795811518324607,0.03795811518324607,0.03664921465968586
193,HP0194,22,22,22,22,0.03138373751783167,0.03138373751783167,0.03138373751783167,0.03138373751783167
194,HP0195,25,25,25,25,0.03033980582524272,0.03033980582524272,0.03033980582524272,0.03033980582524272
195,HP0196,51,50,49,49,0.0506454816285998,0.04865938430983118,0.04965243296921549,0.04865938430983118
196,HP0197,42,42,42,42,0.036395147313691506,0.036395147313691506,0.036395147313691506,0.036395147313691506
197,HP0198,15,15,15,15,0.036585365853658534,0.036585365853658534,0.036585365853658534,0.036585365853658534
198,HP0199,18,18,16,16,0.05099150141643059,0.0453257790368272,0.05099150141643059,0.0453257790368272
199,HP0200,3,3,3,3,0.02097902097902098,0.02097902097902098,0.02097902097902098,0.02097902097902098
200,HP0201,43,43,42,42,0.04244817374136229,0.04146100691016782,0.04244817374136229,0.04146100691016782
201,HP0202,36,35,34,35,0.036290322580645164,0.034274193548387094,0.03528225806451613,0.03528225806451613
202,HP0203,17,16,16,16,0.0625,0.058823529411764705,0.058823529411764705,0.058823529411764705
203,HP0204,17,17,17,17,0.04473684210526316,0.04473684210526316,0.04473684210526316,0.04473684210526316
204,HP0205,91,88,89,87,0.038267451640033645,0.037426408746846086,0.03700588730025231,0.036585365853658534
205,HP0206,22,22,22,22,0.06811145510835913,0.06811145510835913,0.06811145510835913,0.06811145510835913
206,HP0207,52,52,52,52,0.042105263157894736,0.042105263157894736,0.042105263157894736,0.042105263157894736
207,HP0208,61,61,61,61,0.05104602510460251,0.05104602510460251,0.05104602510460251,0.05104602510460251
208,HP0209,42,41,42,42,0.031134173461823574,0.031134173461823574,0.03039288361749444,0.031134173461823574
209,HP0210,62,62,62,62,0.03329752953813104,0.03329752953813104,0.03329752953813104,0.03329752953813104
210,HP0211,22,22,22,22,0.029372496662216287,0.029372496662216287,0.029372496662216287,0.029372496662216287
211,HP0212,53,51,52,52,0.046167247386759584,0.04529616724738676,0.04442508710801394,0.04529616724738676
212,HP0213,51,51,51,51,0.027389903329752954,0.027389903329752954,0.027389903329752954,0.027389903329752954
213,HP0214,61,60,60,60,0.036858006042296075,0.03625377643504532,0.03625377643504532,0.03625377643504532
214,HP0215,30,30,30,32,0.037641154328732745,0.037641154328732745,0.037641154328732745,0.04015056461731493
215,HP0216,40,40,40,40,0.03626473254759746,0.03626473254759746,0.03626473254759746,0.03626473254759746
216,HP0217,46,46,43,44,0.04038630377524144,0.03775241439859526,0.04038630377524144,0.038630377524143986
217,HP0218,32,32,33,32,0.058394160583941604,0.060218978102189784,0.058394160583941604,0.058394160583941604
218,HP0219,13,13,13,13,0.0273109243697479,0.0273109243697479,0.0273109243697479,0.0273109243697479
219,HP0220,57,54,52,52,0.04913793103448276,0.04482758620689655,0.04655172413793104,0.04482758620689655
220,HP0221,59,59,59,59,0.06038894575230297,0.06038894575230297,0.06038894575230297,0.06038894575230297
221,HP0222,10,10,10,10,0.045871559633027525,0.045871559633027525,0.045871559633027525,0.045871559633027525
222,HP0223,60,58,58,57,0.043891733723482075,0.04242867593269934,0.04242867593269934,0.04169714703730797
223,HP0224,54,55,53,54,0.05018587360594796,0.04925650557620818,0.05111524163568773,0.05018587360594796
224,HP0225,1,1,1,1,0.015384615384615385,0.015384615384615385,0.015384615384615385,0.015384615384615385
225,HP0226,29,28,28,27,0.03493975903614458,0.033734939759036145,0.033734939759036145,0.03253012048192771
226,HP0227,76,75,73,73,0.03667953667953668,0.03523166023166023,0.036196911196911194,0.03523166023166023
227,HP0228,38,38,39,39,0.032506415739948676,0.033361847733105215,0.032506415739948676,0.033361847733105215
228,HP0229,61,62,62,62,0.04212707182320442,0.04281767955801105,0.04281767955801105,0.04281767955801105
229,HP0230,26,26,26,26,0.03571428571428571,0.03571428571428571,0.03571428571428571,0.03571428571428571
230,HP0231,28,28,28,28,0.03526448362720403,0.03526448362720403,0.03526448362720403,0.03526448362720403
231,HP0232,26,26,23,23,0.040372670807453416,0.03571428571428571,0.040372670807453416,0.03571428571428571
232,HP0233,58,59,59,59,0.04961505560307956,0.0504704875962361,0.0504704875962361,0.0504704875962361
233,HP0234,16,17,17,17,0.030360531309297913,0.03225806451612903,0.03225806451612903,0.03225806451612903
234,HP0235,34,34,34,34,0.03195488721804511,0.03195488721804511,0.03195488721804511,0.03195488721804511
235,HP0236,14,15,15,14,0.03804347826086957,0.04076086956521739,0.04076086956521739,0.03804347826086957
236,HP0237,32,33,31,31,0.03489640130861505,0.03380588876772083,0.03598691384950927,0.03380588876772083
237,HP0238,62,60,62,60,0.035838150289017344,0.035838150289017344,0.03468208092485549,0.03468208092485549
238,HP0239,51,52,48,48,0.03789004457652303,0.03566121842496285,0.03863298662704309,0.03566121842496285
239,HP0240,36,37,36,35,0.0391304347826087,0.0391304347826087,0.04021739130434782,0.03804347826086957
240,HP0241,16,15,16,16,0.04081632653061224,0.04081632653061224,0.03826530612244898,0.04081632653061224
241,HP0242,19,18,17,17,0.06761565836298933,0.060498220640569395,0.06405693950177936,0.060498220640569395
242,HP0243,24,24,24,24,0.05568445475638051,0.05568445475638051,0.05568445475638051,0.05568445475638051
243,HP0244,36,35,35,35,0.03152364273204904,0.03064798598949212,0.03064798598949212,0.03064798598949212
244,HP0245,14,14,14,14,0.044585987261146494,0.044585987261146494,0.044585987261146494,0.044585987261146494
245,HP0246,33,33,33,33,0.03219512195121951,0.03219512195121951,0.03219512195121951,0.03219512195121951
246,HP0247,75,76,76,73,0.05084745762711865,0.05152542372881356,0.05152542372881356,0.04949152542372881
247,HP0248,27,28,28,28,0.02488479262672811,0.025806451612903226,0.025806451612903226,0.025806451612903226
248,HP0249,20,20,20,20,0.03731343283582089,0.03731343283582089,0.03731343283582089,0.03731343283582089
249,HP0250,56,57,56,57,0.03619909502262444,0.03619909502262444,0.03684550743374273,0.03684550743374273
250,HP0251,35,35,35,35,0.034550839091806514,0.034550839091806514,0.034550839091806514,0.034550839091806514
251,HP0252,51,51,50,50,0.03493150684931507,0.03424657534246575,0.03493150684931507,0.03424657534246575
252,HP0253,2,2,2,2,0.017699115044247787,0.017699115044247787,0.017699115044247787,0.017699115044247787
253,HP0254,61,61,59,61,0.04721362229102167,0.0456656346749226,0.04721362229102167,0.04721362229102167
254,HP0255,48,47,45,46,0.03896103896103896,0.036525974025974024,0.03814935064935065,0.037337662337662336
255,HP0256,8,8,8,8,0.018823529411764704,0.018823529411764704,0.018823529411764704,0.018823529411764704
256,HP0257,33,33,33,34,0.05030487804878049,0.05030487804878049,0.05030487804878049,0.051829268292682924
257,HP0258,39,39,39,39,0.037392138063279005,0.037392138063279005,0.037392138063279005,0.037392138063279005
258,HP0259,36,38,35,35,0.028594122319301033,0.02779984114376489,0.030182684670373314,0.02779984114376489
259,HP0260,39,39,37,36,0.03388357949609035,0.03214596003475239,0.03388357949609035,0.03127715030408341
260,HP0261,14,14,14,14,0.035443037974683546,0.035443037974683546,0.035443037974683546,0.035443037974683546
261,HP0262,18,18,19,18,0.03005008347245409,0.03171953255425709,0.03005008347245409,0.03005008347245409
262,HP0263,23,23,23,23,0.030463576158940398,0.030463576158940398,0.030463576158940398,0.030463576158940398
263,HP0264,113,114,111,113,0.044020257109466304,0.043241137514608494,0.04440981690689521,0.044020257109466304
264,HP0265,26,26,25,25,0.03616133518776078,0.03477051460361613,0.03616133518776078,0.03477051460361613
265,HP0266,45,44,44,46,0.03971756398940865,0.038834951456310676,0.038834951456310676,0.04060017652250662
266,HP0267,42,44,43,43,0.03425774877650897,0.03507340946166395,0.03588907014681892,0.03507340946166395
267,HP0268,10,10,10,10,0.04184100418410042,0.04184100418410042,0.04184100418410042,0.04184100418410042
268,HP0269,48,49,49,49,0.0366412213740458,0.03740458015267176,0.03740458015267176,0.03740458015267176
269,HP0270,29,29,28,28,0.05979381443298969,0.0577319587628866,0.05979381443298969,0.0577319587628866
270,HP0271,42,43,43,42,0.04285714285714286,0.04387755102040816,0.04387755102040816,0.04285714285714286
271,HP0272,16,16,16,16,0.03018867924528302,0.03018867924528302,0.03018867924528302,0.03018867924528302
272,HP0273,20,20,20,20,0.03731343283582089,0.03731343283582089,0.03731343283582089,0.03731343283582089
273,HP0274,7,7,6,6,0.017721518987341773,0.015189873417721518,0.017721518987341773,0.015189873417721518
274,HP0275,57,58,55,54,0.04422032583397983,0.04266873545384019,0.04499612102404965,0.04189294026377036
275,HP0276,21,21,21,21,0.03790613718411552,0.03790613718411552,0.03790613718411552,0.03790613718411552
276,HP0277,17,17,17,17,0.06772908366533864,0.06772908366533864,0.06772908366533864,0.06772908366533864
277,HP0278,51,52,51,51,0.03514817367332874,0.03514817367332874,0.03583735354927636,0.03514817367332874
278,HP0279,25,25,25,25,0.02453385672227674,0.02453385672227674,0.02453385672227674,0.02453385672227674
279,HP0280,40,40,38,38,0.04069175991861648,0.038657171922685654,0.04069175991861648,0.038657171922685654
280,HP0281,28,28,28,28,0.025179856115107913,0.025179856115107913,0.025179856115107913,0.025179856115107913
281,HP0282,35,34,35,34,0.024322446143154968,0.024322446143154968,0.0236275191104934,0.0236275191104934
282,HP0283,37,37,37,36,0.03599221789883268,0.03599221789883268,0.03599221789883268,0.03501945525291829
283,HP0284,46,45,45,46,0.029336734693877552,0.028698979591836735,0.028698979591836735,0.029336734693877552
284,HP0285,50,50,50,50,0.03990422984836393,0.03990422984836393,0.03990422984836393,0.03990422984836393
285,HP0286,54,54,55,55,0.03274711946634324,0.03335354760460885,0.03274711946634324,0.03335354760460885
286,HP0287,19,18,17,18,0.036893203883495145,0.03300970873786408,0.03495145631067961,0.03495145631067961
287,HP0288,17,17,17,18,0.036170212765957444,0.036170212765957444,0.036170212765957444,0.03829787234042553
288,HP0289,255,256,254,254,0.02938465084120765,0.02926941691634017,0.02949988476607513,0.02926941691634017
289,HP0290,54,54,54,54,0.044481054365733116,0.044481054365733116,0.044481054365733116,0.044481054365733116
290,HP0291,5,5,5,5,0.017421602787456445,0.017421602787456445,0.017421602787456445,0.017421602787456445
291,HP0292,36,35,36,36,0.04142692750287687,0.04142692750287687,0.04027617951668585,0.04142692750287687
292,HP0293,39,39,39,38,0.023269689737470168,0.023269689737470168,0.023269689737470168,0.022673031026252982
293,HP0294,40,39,39,39,0.03937007874015748,0.038385826771653545,0.038385826771653545,0.038385826771653545
294,HP0295,70,69,67,66,0.028191703584373742,0.02698348771647201,0.02778896496173983,0.026580749093838098
295,HP0296,14,13,14,13,0.04501607717041801,0.04501607717041801,0.04180064308681672,0.04180064308681672
296,HP0297,11,11,11,11,0.04182509505703422,0.04182509505703422,0.04182509505703422,0.04182509505703422
297,HP0298,51,51,52,51,0.030984204131227218,0.031591737545565005,0.030984204131227218,0.030984204131227218
298,HP0299,49,48,49,49,0.04895104895104895,0.04895104895104895,0.04795204795204795,0.04895104895104895
299,HP0300,48,48,48,48,0.05620608899297424,0.05620608899297424,0.05620608899297424,0.05620608899297424
300,HP0301,31,33,30,31,0.03604651162790698,0.03488372093023256,0.03837209302325582,0.03604651162790698
301,HP0302,30,30,30,30,0.037359900373599,0.037359900373599,0.037359900373599,0.037359900373599
302,HP0303,25,25,26,26,0.023169601482854494,0.024096385542168676,0.023169601482854494,0.024096385542168676
303,HP0304,37,37,34,35,0.037525354969574036,0.034482758620689655,0.037525354969574036,0.035496957403651115
304,HP0305,26,26,25,25,0.047186932849364795,0.045372050816696916,0.047186932849364795,0.045372050816696916
305,HP0306,50,51,49,49,0.038789759503491075,0.03801396431342126,0.0395655546935609,0.03801396431342126
306,HP0307,8,9,9,8,0.02973977695167286,0.03345724907063197,0.03345724907063197,0.02973977695167286
307,HP0308,13,13,13,13,0.032418952618453865,0.032418952618453865,0.032418952618453865,0.032418952618453865
308,HP0309,39,39,40,40,0.044571428571428574,0.045714285714285714,0.044571428571428574,0.045714285714285714
309,HP0310,41,41,42,41,0.04669703872437358,0.04783599088838269,0.04669703872437358,0.04669703872437358
310,HP0311,9,9,9,9,0.024657534246575342,0.024657534246575342,0.024657534246575342,0.024657534246575342
311,HP0312,33,32,32,35,0.034303534303534305,0.033264033264033266,0.033264033264033266,0.036382536382536385
312,HP0313,36,37,36,36,0.03152364273204904,0.03152364273204904,0.03239929947460595,0.03152364273204904
313,HP0314,4,4,4,4,0.034482758620689655,0.034482758620689655,0.034482758620689655,0.034482758620689655
314,HP0315,5,5,5,5,0.017793594306049824,0.017793594306049824,0.017793594306049824,0.017793594306049824
315,HP0316,10,10,10,10,0.02570694087403599,0.02570694087403599,0.02570694087403599,0.02570694087403599
316,HP0317,91,91,90,92,0.04073410922112802,0.04028648164726947,0.04073410922112802,0.04118173679498657
317,HP0318,36,36,37,37,0.047872340425531915,0.04920212765957447,0.047872340425531915,0.04920212765957447
318,HP0319,66,66,66,65,0.040690505548705305,0.040690505548705305,0.040690505548705305,0.040073982737361284
319,HP0320,11,11,11,11,0.046610169491525424,0.046610169491525424,0.046610169491525424,0.046610169491525424
320,HP0321,23,23,23,23,0.03727714748784441,0.03727714748784441,0.03727714748784441,0.03727714748784441
321,HP0322,76,76,77,76,0.05019815059445178,0.05085865257595773,0.05019815059445178,0.05019815059445178
322,HP0323,11,11,11,11,0.02040816326530612,0.02040816326530612,0.02040816326530612,0.02040816326530612
323,HP0324,38,38,37,37,0.04993429697766097,0.04862023653088042,0.04993429697766097,0.04862023653088042
324,HP0325,30,30,30,29,0.04225352112676056,0.04225352112676056,0.04225352112676056,0.04084507042253521
325,HP0326,52,53,52,50,0.03354838709677419,0.03354838709677419,0.034193548387096775,0.03225806451612903
326,HP0327,17,17,17,17,0.03153988868274583,0.03153988868274583,0.03153988868274583,0.03153988868274583
327,HP0328,30,29,30,29,0.03208556149732621,0.03208556149732621,0.031016042780748664,0.031016042780748664
328,HP0329,18,17,15,16,0.023106546854942234,0.019255455712451863,0.021822849807445442,0.02053915275994865
329,HP0330,40,41,42,41,0.04044489383215369,0.042467138523761376,0.041456016177957536,0.041456016177957536
330,HP0331,40,39,39,40,0.049813200498132,0.048567870485678705,0.048567870485678705,0.049813200498132
331,HP0332,15,14,12,12,0.06521739130434782,0.05217391304347826,0.06086956521739131,0.05217391304347826
332,HP0333,31,31,32,32,0.038318912237330034,0.03955500618046971,0.038318912237330034,0.03955500618046971
333,HP0334,22,22,22,22,0.05486284289276808,0.05486284289276808,0.05486284289276808,0.05486284289276808
334,HP0335,12,12,12,12,0.06486486486486487,0.06486486486486487,0.06486486486486487,0.06486486486486487
335,HP0336,14,14,14,14,0.03389830508474576,0.03389830508474576,0.03389830508474576,0.03389830508474576
336,HP0337,21,21,21,21,0.0695364238410596,0.0695364238410596,0.0695364238410596,0.0695364238410596
337,HP0338,22,22,22,22,0.03907637655417407,0.03907637655417407,0.03907637655417407,0.03907637655417407
338,HP0339,11,11,11,11,0.03170028818443804,0.03170028818443804,0.03170028818443804,0.03170028818443804
339,HP0340,13,12,12,12,0.049429657794676805,0.045627376425855515,0.045627376425855515,0.045627376425855515
340,HP0341,4,4,4,4,0.043478260869565216,0.043478260869565216,0.043478260869565216,0.043478260869565216
341,HP0342,15,15,15,16,0.038560411311053984,0.038560411311053984,0.038560411311053984,0.04113110539845758
342,HP0343,10,11,9,9,0.02386634844868735,0.021479713603818614,0.026252983293556086,0.021479713603818614
343,HP0344,25,25,25,25,0.05422993492407809,0.05422993492407809,0.05422993492407809,0.05422993492407809
344,HP0345,17,17,17,17,0.05120481927710843,0.05120481927710843,0.05120481927710843,0.05120481927710843
345,HP0346,16,17,15,15,0.02053915275994865,0.019255455712451863,0.021822849807445442,0.019255455712451863
346,HP0347,44,46,44,43,0.04927211646136618,0.04927211646136618,0.051511758118701005,0.048152295632698766
347,HP0348,53,53,52,51,0.03425985778926956,0.03361344537815126,0.03425985778926956,0.03296703296703297
348,HP0349,71,72,70,71,0.04401735895846249,0.04339739615623062,0.044637321760694355,0.04401735895846249
349,HP0350,13,13,13,13,0.019548872180451128,0.019548872180451128,0.019548872180451128,0.019548872180451128
350,HP0351,67,66,68,67,0.039411764705882354,0.04,0.03882352941176471,0.039411764705882354
351,HP0352,38,39,38,38,0.03696498054474708,0.03696498054474708,0.037937743190661476,0.03696498054474708
352,HP0353,43,41,41,41,0.055627425614489,0.05304010349288486,0.05304010349288486,0.05304010349288486
353,HP0354,71,72,71,69,0.03831624392876417,0.03831624392876417,0.038855909336211546,0.0372369131138694
354,HP0355,56,56,56,55,0.03102493074792244,0.03102493074792244,0.03102493074792244,0.030470914127423823
355,HP0356,17,16,16,16,0.022516556291390728,0.02119205298013245,0.02119205298013245,0.02119205298013245
356,HP0357,34,34,33,33,0.04539385847797063,0.044058744993324434,0.04539385847797063,0.044058744993324434
357,HP0358,39,39,39,41,0.025456919060052218,0.025456919060052218,0.025456919060052218,0.026762402088772844
358,HP0359,6,6,6,6,0.0967741935483871,0.0967741935483871,0.0967741935483871,0.0967741935483871
359,HP0360,43,43,44,43,0.041707080504364696,0.04267701260911736,0.041707080504364696,0.041707080504364696
360,HP0361,25,25,25,25,0.034482758620689655,0.034482758620689655,0.034482758620689655,0.034482758620689655
361,HP0362,36,36,36,36,0.03481624758220503,0.03481624758220503,0.03481624758220503,0.03481624758220503
362,HP0363,23,22,22,23,0.036741214057507986,0.03514376996805112,0.03514376996805112,0.036741214057507986
363,HP0364,53,50,51,51,0.05185909980430528,0.049902152641878667,0.04892367906066536,0.049902152641878667
364,HP0365,10,10,10,10,0.11235955056179775,0.11235955056179775,0.11235955056179775,0.11235955056179775
365,HP0366,37,37,37,37,0.03291814946619217,0.03291814946619217,0.03291814946619217,0.03291814946619217
366,HP0367,20,20,20,20,0.03305785123966942,0.03305785123966942,0.03305785123966942,0.03305785123966942
367,HP0368,13,12,12,12,0.032663316582914576,0.03015075376884422,0.03015075376884422,0.03015075376884422
368,HP0369,18,18,18,18,0.02545968882602546,0.02545968882602546,0.02545968882602546,0.02545968882602546
369,HP0370,79,78,79,79,0.05753823743627094,0.05753823743627094,0.05680990531682447,0.05753823743627094
370,HP0371,18,18,18,18,0.03854389721627409,0.03854389721627409,0.03854389721627409,0.03854389721627409
371,HP0372,21,20,20,21,0.03690685413005272,0.0351493848857645,0.0351493848857645,0.03690685413005272
372,HP0373,65,65,65,65,0.030967127203430204,0.030967127203430204,0.030967127203430204,0.030967127203430204
373,HP0374,23,23,23,21,0.033973412112259974,0.033973412112259974,0.033973412112259974,0.0310192023633678
374,HP0375,19,18,19,18,0.04439252336448598,0.04439252336448598,0.04205607476635514,0.04205607476635514
375,HP0376,30,30,28,28,0.029970029970029972,0.027972027972027972,0.029970029970029972,0.027972027972027972
376,HP0377,20,19,19,20,0.030211480362537766,0.028700906344410877,0.028700906344410877,0.030211480362537766
377,HP0378,108,107,107,107,0.03847524047025294,0.03811898824367652,0.03811898824367652,0.03811898824367652
378,HP0379,43,45,44,43,0.033751962323390894,0.03453689167974882,0.03532182103610675,0.033751962323390894
379,HP0380,49,48,49,49,0.03648548026805659,0.03648548026805659,0.035740878629932984,0.03648548026805659
380,HP0381,27,27,27,27,0.032648125755743655,0.032648125755743655,0.032648125755743655,0.032648125755743655
381,HP0382,42,42,42,42,0.03442622950819672,0.03442622950819672,0.03442622950819672,0.03442622950819672
382,HP0383,23,23,23,23,0.044145873320537425,0.044145873320537425,0.044145873320537425,0.044145873320537425
383,HP0384,30,30,29,29,0.04005340453938585,0.03871829105473965,0.04005340453938585,0.03871829105473965
384,HP0385,7,8,7,8,0.030837004405286344,0.030837004405286344,0.03524229074889868,0.03524229074889868
385,HP0386,6,6,6,6,0.02575107296137339,0.02575107296137339,0.02575107296137339,0.02575107296137339
386,HP0387,60,62,61,61,0.032327586206896554,0.03286637931034483,0.0334051724137931,0.03286637931034483
387,HP0388,33,32,33,33,0.04532967032967033,0.04532967032967033,0.04395604395604396,0.04532967032967033
388,HP0389,17,17,16,17,0.02664576802507837,0.025078369905956112,0.02664576802507837,0.02664576802507837
389,HP0390,17,17,17,17,0.03420523138832998,0.03420523138832998,0.03420523138832998,0.03420523138832998
390,HP0391,23,23,23,23,0.0465587044534413,0.0465587044534413,0.0465587044534413,0.0465587044534413
391,HP0392,134,134,132,132,0.05564784053156146,0.054817275747508304,0.05564784053156146,0.054817275747508304
392,HP0393,26,26,25,25,0.027896995708154508,0.02682403433476395,0.027896995708154508,0.02682403433476395
393,HP0394,28,26,28,28,0.03708609271523179,0.03708609271523179,0.03443708609271523,0.03708609271523179
394,HP0395,15,15,15,15,0.022556390977443608,0.022556390977443608,0.022556390977443608,0.022556390977443608
395,HP0396,83,85,80,80,0.04493773687060097,0.04331348132106118,0.0460205739036275,0.04331348132106118
396,HP0397,66,66,64,65,0.042011457670273714,0.04073838319541693,0.042011457670273714,0.041374920432845325
397,HP0398,34,35,34,34,0.062385321100917435,0.062385321100917435,0.06422018348623854,0.062385321100917435
398,HP0399,76,75,75,74,0.04559088182363527,0.04499100179964007,0.04499100179964007,0.04439112177564487
399,HP0400,30,30,30,30,0.03654080389768575,0.03654080389768575,0.03654080389768575,0.03654080389768575
400,HP0401,42,42,42,42,0.03265940902021773,0.03265940902021773,0.03265940902021773,0.03265940902021773
401,HP0402,77,74,73,72,0.03360977738978612,0.031863814927979045,0.032300305543430816,0.03142732431252728
402,HP0403,41,40,40,40,0.04170905391658189,0.04069175991861648,0.04069175991861648,0.04069175991861648
403,HP0404,8,8,8,8,0.02572347266881029,0.02572347266881029,0.02572347266881029,0.02572347266881029
404,HP0405,44,44,44,45,0.03335860500379075,0.03335860500379075,0.03335860500379075,0.03411675511751327
405,HP0406,29,29,29,29,0.049403747870528106,0.049403747870528106,0.049403747870528106,0.049403747870528106
406,HP0407,95,98,96,96,0.0397989107666527,0.04021784666945957,0.04105571847507331,0.04021784666945957
407,HP0408,13,13,14,13,0.026804123711340205,0.0288659793814433,0.026804123711340205,0.026804123711340205
408,HP0409,41,43,44,42,0.026920551543007223,0.028890347997373604,0.028233749179251477,0.02757715036112935
409,HP0410,40,40,41,41,0.05361930294906166,0.054959785522788206,0.05361930294906166,0.054959785522788206
410,HP0411,20,20,20,22,0.06369426751592357,0.06369426751592357,0.06369426751592357,0.07006369426751592
411,HP0412,4,4,4,4,0.042105263157894736,0.042105263157894736,0.042105263157894736,0.042105263157894736
412,HP0413,26,25,23,23,0.0323785803237858,0.028642590286425903,0.031133250311332503,0.028642590286425903
413,HP0414,15,15,15,15,0.03631961259079903,0.03631961259079903,0.03631961259079903,0.03631961259079903
414,HP0415,67,66,65,65,0.03586723768736617,0.034796573875803,0.035331905781584586,0.034796573875803
415,HP0416,53,53,53,53,0.045454545454545456,0.045454545454545456,0.045454545454545456,0.045454545454545456
416,HP0417,81,82,82,82,0.04155977424320164,0.04207285787583376,0.04207285787583376,0.04207285787583376
417,HP0418,33,33,33,33,0.03286852589641434,0.03286852589641434,0.03286852589641434,0.03286852589641434
418,HP0419,37,37,37,37,0.04731457800511509,0.04731457800511509,0.04731457800511509,0.04731457800511509
419,HP0420,21,20,20,20,0.04941176470588235,0.047058823529411764,0.047058823529411764,0.047058823529411764
420,HP0421,45,43,42,42,0.038593481989708404,0.036020583190394515,0.03687821612349914,0.036020583190394515
421,HP0422,90,90,89,89,0.04880694143167028,0.048264642082429504,0.04880694143167028,0.048264642082429504
422,HP0423,18,19,17,17,0.01950162513542795,0.018418201516793065,0.020585048754062838,0.018418201516793065
423,HP0424,59,58,56,56,0.03178879310344827,0.03017241379310345,0.03125,0.03017241379310345
424,HP0425,31,32,31,31,0.0248,0.0248,0.0256,0.0248
425,HP0426,74,75,74,74,0.04270051933064051,0.04270051933064051,0.04327755337564916,0.04270051933064051
426,HP0427,8,8,8,8,0.024096385542168676,0.024096385542168676,0.024096385542168676,0.024096385542168676
427,HP0428,21,21,20,20,0.03790613718411552,0.036101083032490974,0.03790613718411552,0.036101083032490974
428,HP0429,3,3,3,3,0.08571428571428572,0.08571428571428572,0.08571428571428572,0.08571428571428572
429,HP0430,11,11,11,11,0.06707317073170732,0.06707317073170732,0.06707317073170732,0.06707317073170732
430,HP0431,20,20,20,20,0.029282576866764276,0.029282576866764276,0.029282576866764276,0.029282576866764276
431,HP0432,26,26,25,25,0.029312288613303268,0.02818489289740699,0.029312288613303268,0.02818489289740699
432,HP0433,15,16,15,15,0.03409090909090909,0.03409090909090909,0.03636363636363636,0.03409090909090909
433,HP0434,40,41,41,41,0.03430531732418525,0.03516295025728988,0.03516295025728988,0.03516295025728988
434,HP0435,19,20,18,18,0.033216783216783216,0.03146853146853147,0.03496503496503497,0.03146853146853147
435,HP0436,17,17,17,17,0.04696132596685083,0.04696132596685083,0.04696132596685083,0.04696132596685083
436,HP0437,10,10,10,10,0.023529411764705882,0.023529411764705882,0.023529411764705882,0.023529411764705882
437,HP0438,33,34,33,34,0.02578125,0.02578125,0.0265625,0.0265625
438,HP0439,31,30,30,30,0.028258887876025523,0.027347310847766638,0.027347310847766638,0.027347310847766638
439,HP0440,63,62,61,61,0.03103448275862069,0.030049261083743842,0.030541871921182268,0.030049261083743842
440,HP0441,64,63,63,64,0.026446280991735537,0.02603305785123967,0.02603305785123967,0.026446280991735537
441,HP0442,6,6,6,6,0.022813688212927757,0.022813688212927757,0.022813688212927757,0.022813688212927757
442,HP0443,5,5,5,5,0.016722408026755852,0.016722408026755852,0.016722408026755852,0.016722408026755852
443,HP0444,40,41,37,37,0.02631578947368421,0.024342105263157894,0.026973684210526316,0.024342105263157894
444,HP0445,5,6,4,4,0.027472527472527472,0.02197802197802198,0.03296703296703297,0.02197802197802198
445,HP0446,14,14,14,14,0.01804123711340206,0.01804123711340206,0.01804123711340206,0.01804123711340206
446,HP0447,35,35,35,35,0.03243744207599629,0.03243744207599629,0.03243744207599629,0.03243744207599629
447,HP0448,19,19,19,19,0.04960835509138381,0.04960835509138381,0.04960835509138381,0.04960835509138381
448,HP0449,59,59,59,59,0.04169611307420495,0.04169611307420495,0.04169611307420495,0.04169611307420495
449,HP0450,2,2,2,2,0.015267175572519083,0.015267175572519083,0.015267175572519083,0.015267175572519083
450,HP0451,14,14,14,15,0.03317535545023697,0.03317535545023697,0.03317535545023697,0.035545023696682464
451,HP0452,66,66,65,66,0.04249839021249195,0.04185447520927238,0.04249839021249195,0.04249839021249195
452,HP0453,102,103,100,100,0.033311561071195296,0.032658393207054215,0.03363814500326584,0.032658393207054215
453,HP0454,25,25,25,25,0.03597122302158273,0.03597122302158273,0.03597122302158273,0.03597122302158273
454,HP0455,5,5,5,5,0.016233766233766232,0.016233766233766232,0.016233766233766232,0.016233766233766232
455,HP0456,5,5,5,5,0.011135857461024499,0.011135857461024499,0.011135857461024499,0.011135857461024499
456,HP0457,5,5,5,5,0.019230769230769232,0.019230769230769232,0.019230769230769232,0.019230769230769232
457,HP0458,0,0,0,0,0.0,0.0,0.0,0.0
458,HP0459,46,47,44,44,0.017877963466770307,0.017100660707345512,0.018266614846482704,0.017100660707345512
459,HP0460,13,13,13,13,0.026804123711340205,0.026804123711340205,0.026804123711340205,0.026804123711340205
460,HP0461,0,0,0,0,0.0,0.0,0.0,0.0
461,HP0462,23,23,23,23,0.02102376599634369,0.02102376599634369,0.02102376599634369,0.02102376599634369
462,HP0463,39,38,38,38,0.02671232876712329,0.026027397260273973,0.026027397260273973,0.026027397260273973
463,HP0464,126,127,122,124,0.03982300884955752,0.038558786346396964,0.04013906447534766,0.039190897597977246
464,HP0465,50,52,49,49,0.026427061310782242,0.025898520084566595,0.02748414376321353,0.025898520084566595
465,HP0466,23,24,23,23,0.030104712041884817,0.030104712041884817,0.031413612565445025,0.030104712041884817
466,HP0467,13,13,13,13,0.0377906976744186,0.0377906976744186,0.0377906976744186,0.0377906976744186
467,HP0468,54,53,52,53,0.03638814016172507,0.03504043126684636,0.03571428571428571,0.03571428571428571
468,HP0469,20,20,20,20,0.041237113402061855,0.041237113402061855,0.041237113402061855,0.041237113402061855
469,HP0470,86,86,86,87,0.04962492787074437,0.04962492787074437,0.04962492787074437,0.05020196191575303
470,HP0471,47,46,46,47,0.03769045709703288,0.03688853247794707,0.03688853247794707,0.03769045709703288
471,HP0472,15,15,14,14,0.026929982046678635,0.025134649910233394,0.026929982046678635,0.025134649910233394
472,HP0473,20,20,20,19,0.027137042062415198,0.027137042062415198,0.027137042062415198,0.025780189959294438
473,HP0474,18,17,17,16,0.026825633383010434,0.02533532041728763,0.02533532041728763,0.02384500745156483
474,HP0475,24,26,24,25,0.030226700251889168,0.030226700251889168,0.0327455919395466,0.031486146095717885
475,HP0476,57,56,56,56,0.04106628242074928,0.040345821325648415,0.040345821325648415,0.040345821325648415
476,HP0477,42,42,39,39,0.038181818181818185,0.035454545454545454,0.038181818181818185,0.035454545454545454
477,HP0478,50,50,48,48,0.030599755201958383,0.02937576499388005,0.030599755201958383,0.02937576499388005
478,HP0479,32,33,32,32,0.0378698224852071,0.0378698224852071,0.03905325443786982,0.0378698224852071
479,HP0480,75,76,75,75,0.04175946547884187,0.04175946547884187,0.042316258351893093,0.04175946547884187
480,HP0481,12,12,12,11,0.0189873417721519,0.0189873417721519,0.0189873417721519,0.01740506329113924
481,HP0482,11,11,11,10,0.021611001964636542,0.021611001964636542,0.021611001964636542,0.019646365422396856
482,HP0483,29,28,28,28,0.029411764705882353,0.028397565922920892,0.028397565922920892,0.028397565922920892
483,HP0484,16,16,15,15,0.021361815754339118,0.020026702269692925,0.021361815754339118,0.020026702269692925
484,HP0485,37,37,38,37,0.039319872476089264,0.040382571732199786,0.039319872476089264,0.039319872476089264
485,HP0486,46,47,46,46,0.029058749210360075,0.029058749210360075,0.02969046114971573,0.029058749210360075
486,HP0487,45,44,43,44,0.03127171646977067,0.029881862404447533,0.030576789437109102,0.030576789437109102
487,HP0488,95,95,95,94,0.033101045296167246,0.033101045296167246,0.033101045296167246,0.032752613240418116
488,HP0489,19,20,19,19,0.021493212669683258,0.021493212669683258,0.02262443438914027,0.021493212669683258
489,HP0490,39,41,40,41,0.03442188879082083,0.0353045013239188,0.03618711385701677,0.03618711385701677
490,HP0491,13,14,13,14,0.07027027027027027,0.07027027027027027,0.07567567567567568,0.07567567567567568
491,HP0492,40,40,38,38,0.04801920768307323,0.04561824729891957,0.04801920768307323,0.04561824729891957
492,HP0493,21,20,20,19,0.01984877126654064,0.01890359168241966,0.01890359168241966,0.017958412098298678
493,HP0494,29,30,29,30,0.02292490118577075,0.02292490118577075,0.023715415019762844,0.023715415019762844
494,HP0495,5,5,5,5,0.019455252918287938,0.019455252918287938,0.019455252918287938,0.019455252918287938
495,HP0496,18,18,18,18,0.04522613065326633,0.04522613065326633,0.04522613065326633,0.04522613065326633
496,HP0497,37,37,37,37,0.027924528301886794,0.027924528301886794,0.027924528301886794,0.027924528301886794
497,HP0498,35,34,34,34,0.026415094339622643,0.025660377358490565,0.025660377358490565,0.025660377358490565
498,HP0499,32,32,31,31,0.03007518796992481,0.02913533834586466,0.03007518796992481,0.02913533834586466
499,HP0500,52,53,53,52,0.0463871543264942,0.04727921498661909,0.04727921498661909,0.0463871543264942
500,HP0501,100,102,97,98,0.04314063848144953,0.04184641932700604,0.04400345125107852,0.04227782571182054
501,HP0502,4,4,4,4,0.024844720496894408,0.024844720496894408,0.024844720496894408,0.024844720496894408
502,HP0503,13,13,13,14,0.017639077340569877,0.017639077340569877,0.017639077340569877,0.018995929443690638
503,HP0504,3,3,3,3,0.02054794520547945,0.02054794520547945,0.02054794520547945,0.02054794520547945
504,HP0505,17,17,15,15,0.0368763557483731,0.03253796095444685,0.0368763557483731,0.03253796095444685
505,HP0506,44,43,43,44,0.03642384105960265,0.03559602649006623,0.03559602649006623,0.03642384105960265
506,HP0507,29,28,29,27,0.04566929133858268,0.04566929133858268,0.04409448818897638,0.04251968503937008
507,HP0508,52,53,52,53,0.03837638376383764,0.03837638376383764,0.03911439114391144,0.03911439114391144
508,HP0509,70,70,70,70,0.050872093023255814,0.050872093023255814,0.050872093023255814,0.050872093023255814
509,HP0510,20,22,20,21,0.026281208935611037,0.026281208935611037,0.02890932982917214,0.02759526938239159
510,HP0511,3,3,3,3,0.02654867256637168,0.02654867256637168,0.02654867256637168,0.02654867256637168
511,HP0512,55,58,55,55,0.03814147018030513,0.03814147018030513,0.04022191400832178,0.03814147018030513
512,HP0513,67,67,66,66,0.03395843892549417,0.03345159655347187,0.03395843892549417,0.03345159655347187
513,HP0514,14,13,13,13,0.031180400890868598,0.028953229398663696,0.028953229398663696,0.028953229398663696
514,HP0515,28,30,28,29,0.05194805194805195,0.05194805194805195,0.055658627087198514,0.05380333951762523
515,HP0516,54,56,54,53,0.04066265060240964,0.04066265060240964,0.04216867469879518,0.039909638554216864
516,HP0517,26,27,26,26,0.028729281767955802,0.028729281767955802,0.02983425414364641,0.028729281767955802
517,HP0518,43,43,43,43,0.043478260869565216,0.043478260869565216,0.043478260869565216,0.043478260869565216
518,HP0519,38,37,37,38,0.045949214026602174,0.044740024183796856,0.044740024183796856,0.045949214026602174
519,HP0520,10,9,8,8,0.029069767441860465,0.023255813953488372,0.02616279069767442,0.023255813953488372
520,HP0521,4,4,4,4,0.016736401673640166,0.016736401673640166,0.016736401673640166,0.016736401673640166
521,HP0522,53,52,53,52,0.036754507628294034,0.036754507628294034,0.036061026352288486,0.036061026352288486
522,HP0523,13,13,13,13,0.025691699604743084,0.025691699604743084,0.025691699604743084,0.025691699604743084
523,HP0524,84,84,83,83,0.03744984395898351,0.03700401248328132,0.03744984395898351,0.03700401248328132
524,HP0525,51,50,48,49,0.05156723963599596,0.04853387259858443,0.05055611729019211,0.04954499494438827
525,HP0526,26,26,26,26,0.0436241610738255,0.0436241610738255,0.0436241610738255,0.0436241610738255
526,HP0527,245,246,245,246,0.04238754325259515,0.04238754325259515,0.04256055363321799,0.04256055363321799
527,HP0528,47,46,47,47,0.030031948881789138,0.030031948881789138,0.02939297124600639,0.030031948881789138
528,HP0529,53,53,53,53,0.033042394014962596,0.033042394014962596,0.033042394014962596,0.033042394014962596
529,HP0530,25,25,25,25,0.033112582781456956,0.033112582781456956,0.033112582781456956,0.033112582781456956
530,HP0531,18,18,18,18,0.027565084226646247,0.027565084226646247,0.027565084226646247,0.027565084226646247
531,HP0532,28,28,27,27,0.033373063170441,0.03218116805721097,0.033373063170441,0.03218116805721097
532,HP0533,0,0,0,0,0.0,0.0,0.0,0.0
533,HP0534,40,41,39,39,0.06814310051107325,0.06643952299829642,0.06984667802385008,0.06643952299829642
534,HP0535,24,24,22,23,0.0636604774535809,0.058355437665782495,0.0636604774535809,0.0610079575596817
535,HP0536,6,6,6,6,0.017595307917888565,0.017595307917888565,0.017595307917888565,0.017595307917888565
536,HP0537,41,41,40,40,0.03637976929902396,0.0354924578527063,0.03637976929902396,0.0354924578527063
537,HP0538,29,29,29,30,0.03162486368593239,0.03162486368593239,0.03162486368593239,0.03271537622682661
538,HP0539,32,31,31,31,0.04507042253521127,0.04366197183098591,0.04366197183098591,0.04366197183098591
539,HP0540,45,45,44,44,0.03940455341506129,0.03852889667250438,0.03940455341506129,0.03852889667250438
540,HP0541,38,38,36,37,0.034265103697024346,0.032461677186654644,0.034265103697024346,0.033363390441839495
541,HP0542,21,20,21,20,0.04941176470588235,0.04941176470588235,0.047058823529411764,0.047058823529411764
542,HP0543,44,45,44,44,0.0547945205479452,0.0547945205479452,0.05603985056039851,0.0547945205479452
543,HP0544,90,87,86,86,0.030529172320217096,0.029172320217096336,0.029511533242876527,0.029172320217096336
544,HP0545,17,17,17,17,0.027419354838709678,0.027419354838709678,0.027419354838709678,0.027419354838709678
545,HP0546,16,16,16,16,0.046511627906976744,0.046511627906976744,0.046511627906976744,0.046511627906976744
546,HP0547,165,163,162,162,0.04638740511667135,0.04554399775091369,0.04582513353949958,0.04554399775091369
547,HP0548,36,36,36,35,0.043689320388349516,0.043689320388349516,0.043689320388349516,0.04247572815533981
548,HP0549,27,27,26,27,0.03534031413612566,0.034031413612565446,0.03534031413612566,0.03534031413612566
549,HP0550,47,47,46,47,0.0357958872810358,0.035034272658035034,0.0357958872810358,0.0357958872810358
550,HP0551,9,8,7,7,0.045,0.035,0.04,0.035
551,HP0552,33,33,33,33,0.03837209302325582,0.03837209302325582,0.03837209302325582,0.03837209302325582
552,HP0553,34,34,36,34,0.05,0.052941176470588235,0.05,0.05
553,HP0554,34,35,34,35,0.035343035343035345,0.035343035343035345,0.036382536382536385,0.036382536382536385
554,HP0555,22,22,22,22,0.02689486552567237,0.02689486552567237,0.02689486552567237,0.02689486552567237
555,HP0556,16,16,16,16,0.03686635944700461,0.03686635944700461,0.03686635944700461,0.03686635944700461
556,HP0557,44,43,42,43,0.047058823529411764,0.044919786096256686,0.045989304812834225,0.045989304812834225
557,HP0558,61,61,61,61,0.04939271255060729,0.04939271255060729,0.04939271255060729,0.04939271255060729
558,HP0559,19,19,19,19,0.0815450643776824,0.0815450643776824,0.0815450643776824,0.0815450643776824
559,HP0560,0,0,0,0,0.0,0.0,0.0,0.0
560,HP0561,30,30,29,29,0.04054054054054054,0.03918918918918919,0.04054054054054054,0.03918918918918919
561,HP0562,11,11,11,11,0.05263157894736842,0.05263157894736842,0.05263157894736842,0.05263157894736842
562,HP0563,50,50,50,50,0.040096230954290296,0.040096230954290296,0.040096230954290296,0.040096230954290296
563,HP0564,10,10,9,10,0.059880239520958084,0.05389221556886228,0.059880239520958084,0.059880239520958084
564,HP0565,29,29,28,28,0.04503105590062112,0.043478260869565216,0.04503105590062112,0.043478260869565216
565,HP0566,33,33,33,32,0.040342298288508556,0.040342298288508556,0.040342298288508556,0.039119804400977995
566,HP0567,38,40,39,39,0.0364333652924257,0.037392138063279005,0.038350910834132314,0.037392138063279005
567,HP0568,30,28,28,28,0.03926701570680628,0.03664921465968586,0.03664921465968586,0.03664921465968586
568,HP0569,51,53,51,49,0.04649042844120328,0.04649042844120328,0.04831358249772106,0.044667274384685506
569,HP0570,66,68,67,67,0.04438466711499664,0.04505716207128446,0.04572965702757229,0.04505716207128446
570,HP0571,19,19,19,19,0.03304347826086956,0.03304347826086956,0.03304347826086956,0.03304347826086956
571,HP0572,12,11,11,11,0.022388059701492536,0.020522388059701493,0.020522388059701493,0.020522388059701493
572,HP0573,8,8,8,8,0.0243161094224924,0.0243161094224924,0.0243161094224924,0.0243161094224924
573,HP0574,28,30,29,30,0.061946902654867256,0.06415929203539823,0.06637168141592921,0.06637168141592921
574,HP0575,24,24,24,23,0.034532374100719423,0.034532374100719423,0.034532374100719423,0.033093525179856115
575,HP0576,37,37,36,37,0.04257767548906789,0.04142692750287687,0.04257767548906789,0.04257767548906789
576,HP0577,27,27,27,27,0.030857142857142857,0.030857142857142857,0.030857142857142857,0.030857142857142857
577,HP0578,63,64,61,63,0.030988686669945892,0.03000491883915396,0.03148057058534186,0.030988686669945892
578,HP0579,19,19,19,20,0.034482758620689655,0.034482758620689655,0.034482758620689655,0.036297640653357534
579,HP0580,39,40,40,39,0.03497757847533632,0.03587443946188341,0.03587443946188341,0.03497757847533632
580,HP0581,39,39,39,39,0.038385826771653545,0.038385826771653545,0.038385826771653545,0.038385826771653545
581,HP0582,36,38,33,33,0.037075180226570546,0.03398558187435633,0.03913491246138002,0.03398558187435633
582,HP0583,23,23,23,23,0.02619589977220957,0.02619589977220957,0.02619589977220957,0.02619589977220957
583,HP0584,13,13,13,13,0.035326086956521736,0.035326086956521736,0.035326086956521736,0.035326086956521736
584,HP0585,27,27,27,27,0.04134762633996937,0.04134762633996937,0.04134762633996937,0.04134762633996937
585,HP0586,106,105,106,104,0.03617747440273038,0.03617747440273038,0.03583617747440273,0.03549488054607509
586,HP0587,33,34,33,33,0.033468559837728194,0.033468559837728194,0.034482758620689655,0.033468559837728194
587,HP0588,16,17,16,16,0.047337278106508875,0.047337278106508875,0.05029585798816568,0.047337278106508875
588,HP0589,42,42,41,41,0.037366548042704624,0.036476868327402136,0.037366548042704624,0.036476868327402136
589,HP0590,32,32,32,32,0.039119804400977995,0.039119804400977995,0.039119804400977995,0.039119804400977995
590,HP0591,23,21,21,21,0.04129263913824058,0.03770197486535009,0.03770197486535009,0.03770197486535009
591,HP0592,90,90,86,86,0.029980013324450366,0.028647568287808126,0.029980013324450366,0.028647568287808126
592,HP0593,59,57,59,60,0.03290574456218628,0.03290574456218628,0.03179029559397657,0.03346346904629113
593,HP0594,2,2,2,2,0.012422360248447204,0.012422360248447204,0.012422360248447204,0.012422360248447204
594,HP0595,65,65,66,66,0.04424778761061947,0.044928522804629,0.04424778761061947,0.044928522804629
595,HP0596,16,16,16,16,0.02782608695652174,0.02782608695652174,0.02782608695652174,0.02782608695652174
596,HP0597,78,78,80,78,0.039473684210526314,0.04048582995951417,0.039473684210526314,0.039473684210526314
597,HP0598,35,35,35,35,0.03130590339892665,0.03130590339892665,0.03130590339892665,0.03130590339892665
598,HP0599,57,57,58,56,0.04391371340523883,0.04468412942989214,0.04391371340523883,0.04314329738058552
599,HP0600,38,41,35,35,0.021372328458942633,0.01968503937007874,0.023059617547806523,0.01968503937007874
600,HP0601,59,59,59,59,0.03858731196860693,0.03858731196860693,0.03858731196860693,0.03858731196860693
601,HP0602,14,14,14,14,0.021439509954058193,0.021439509954058193,0.021439509954058193,0.021439509954058193
602,HP0603,16,17,16,17,0.028268551236749116,0.028268551236749116,0.030035335689045935,0.030035335689045935
603,HP0604,35,35,35,36,0.03434739941118744,0.03434739941118744,0.03434739941118744,0.03532875368007851
604,HP0605,35,35,35,35,0.024475524475524476,0.024475524475524476,0.024475524475524476,0.024475524475524476
605,HP0606,25,25,25,24,0.03566333808844508,0.03566333808844508,0.03566333808844508,0.034236804564907276
606,HP0607,122,123,119,119,0.03957184560493026,0.03859876743431722,0.03989620499513461,0.03859876743431722
607,HP0608,15,15,15,15,0.031315240083507306,0.031315240083507306,0.031315240083507306,0.031315240083507306
608,HP0609,96,95,96,95,0.025855103689738757,0.025855103689738757,0.025585779692970642,0.025585779692970642
609,HP0610,200,205,199,201,0.03431708991077557,0.034145504461221686,0.03517501715854496,0.03448867536032944
610,HP0611,15,15,13,13,0.030181086519114688,0.026156941649899398,0.030181086519114688,0.026156941649899398
611,HP0612,4,4,4,4,0.01694915254237288,0.01694915254237288,0.01694915254237288,0.01694915254237288
612,HP0613,12,13,12,12,0.017191977077363897,0.017191977077363897,0.01862464183381089,0.017191977077363897
613,HP0614,17,17,17,17,0.05120481927710843,0.05120481927710843,0.05120481927710843,0.05120481927710843
614,HP0615,69,68,69,68,0.03507880020335536,0.03507880020335536,0.03457041179461108,0.03457041179461108
615,HP0616,46,47,47,47,0.04904051172707889,0.050106609808102345,0.050106609808102345,0.050106609808102345
616,HP0617,90,90,91,90,0.05202312138728324,0.05260115606936416,0.05202312138728324,0.05202312138728324
617,HP0618,27,27,26,26,0.0472027972027972,0.045454545454545456,0.0472027972027972,0.045454545454545456
618,HP0619,44,44,45,46,0.03522818254603683,0.036028823058446756,0.03522818254603683,0.03682946357085669
619,HP0620,16,16,16,16,0.03088803088803089,0.03088803088803089,0.03088803088803089,0.03088803088803089
620,HP0621,63,62,60,62,0.027571115973741796,0.0262582056892779,0.027133479212253828,0.027133479212253828
621,HP0622,8,8,8,8,0.022284122562674095,0.022284122562674095,0.022284122562674095,0.022284122562674095
622,HP0623,51,51,48,49,0.03789004457652303,0.03566121842496285,0.03789004457652303,0.036404160475482915
623,HP0624,37,37,38,37,0.03291814946619217,0.033807829181494664,0.03291814946619217,0.03291814946619217
624,HP0625,52,53,51,52,0.048327137546468404,0.047397769516728624,0.04925650557620818,0.048327137546468404
625,HP0626,38,38,38,38,0.03161397670549085,0.03161397670549085,0.03161397670549085,0.03161397670549085
626,HP0627,8,8,6,8,0.0243161094224924,0.0182370820668693,0.0243161094224924,0.0243161094224924
627,HP0628,25,26,26,26,0.037091988130563795,0.03857566765578635,0.03857566765578635,0.03857566765578635
628,HP0629,102,101,102,101,0.04995102840352596,0.04995102840352596,0.0494613124387855,0.0494613124387855
629,HP0630,21,21,21,21,0.03614457831325301,0.03614457831325301,0.03614457831325301,0.03614457831325301
630,HP0631,54,54,53,55,0.04691572545612511,0.046046915725456126,0.04691572545612511,0.04778453518679409
631,HP0632,83,82,83,83,0.04789382573571841,0.04789382573571841,0.04731679169070975,0.04789382573571841
632,HP0633,26,26,26,26,0.038748137108792845,0.038748137108792845,0.038748137108792845,0.038748137108792845
633,HP0634,16,16,16,16,0.0300187617260788,0.0300187617260788,0.0300187617260788,0.0300187617260788
634,HP0635,47,48,47,47,0.03061889250814332,0.03061889250814332,0.031270358306188926,0.03061889250814332
635,HP0636,5,4,5,4,0.01818181818181818,0.01818181818181818,0.014545454545454545,0.014545454545454545
636,HP0637,20,20,20,20,0.044543429844097995,0.044543429844097995,0.044543429844097995,0.044543429844097995
637,HP0638,31,31,32,31,0.03391684901531729,0.0350109409190372,0.03391684901531729,0.03391684901531729
638,HP0639,27,27,25,25,0.03988183161004431,0.03692762186115214,0.03988183161004431,0.03692762186115214
639,HP0640,36,35,35,35,0.02987551867219917,0.029045643153526972,0.029045643153526972,0.029045643153526972
640,HP0641,7,7,7,7,0.03125,0.03125,0.03125,0.03125
641,HP0642,34,34,34,33,0.052307692307692305,0.052307692307692305,0.052307692307692305,0.05076923076923077
642,HP0643,41,42,41,41,0.03115501519756839,0.03115501519756839,0.031914893617021274,0.03115501519756839
643,HP0644,15,15,15,15,0.05172413793103448,0.05172413793103448,0.05172413793103448,0.05172413793103448
644,HP0645,68,67,68,67,0.04050029779630732,0.04050029779630732,0.039904705181655745,0.039904705181655745
645,HP0646,42,41,40,40,0.05134474327628362,0.0488997555012225,0.05012224938875306,0.0488997555012225
646,HP0647,20,20,20,20,0.04950495049504951,0.04950495049504951,0.04950495049504951,0.04950495049504951
647,HP0648,40,39,39,38,0.03162055335968379,0.0308300395256917,0.0308300395256917,0.030039525691699605
648,HP0649,63,64,63,64,0.04490377761938703,0.04490377761938703,0.045616535994297935,0.045616535994297935
649,HP0650,28,28,28,28,0.04770017035775128,0.04770017035775128,0.04770017035775128,0.04770017035775128
650,HP0651,54,53,55,54,0.0378416257883672,0.03854239663629993,0.03714085494043448,0.0378416257883672
651,HP0652,20,20,19,20,0.03225806451612903,0.03064516129032258,0.03225806451612903,0.03225806451612903
652,HP0653,41,41,41,41,0.082,0.082,0.082,0.082
653,HP0654,48,47,47,47,0.04448563484708063,0.04355885078776645,0.04355885078776645,0.04355885078776645
654,HP0655,118,116,117,118,0.042955951947579174,0.042591918456498,0.042227884965416816,0.042955951947579174
655,HP0656,45,45,45,45,0.039198606271777,0.039198606271777,0.039198606271777,0.039198606271777
656,HP0657,33,32,32,32,0.025482625482625483,0.02471042471042471,0.02471042471042471,0.02471042471042471
657,HP0658,68,69,67,69,0.047752808988764044,0.047050561797752806,0.04845505617977528,0.04845505617977528
658,HP0659,59,60,58,60,0.04754230459307011,0.046736502820306204,0.048348106365834004,0.048348106365834004
659,HP0660,46,46,46,46,0.045409674234945706,0.045409674234945706,0.045409674234945706,0.045409674234945706
660,HP0661,21,22,21,22,0.04906542056074766,0.04906542056074766,0.0514018691588785,0.0514018691588785
661,HP0662,22,22,22,22,0.030598052851182198,0.030598052851182198,0.030598052851182198,0.030598052851182198
662,HP0663,42,42,44,43,0.038391224862888484,0.04021937842778794,0.038391224862888484,0.03930530164533821
663,HP0664,13,14,13,13,0.025390625,0.025390625,0.02734375,0.025390625
664,HP0665,54,54,54,53,0.03941605839416058,0.03941605839416058,0.03941605839416058,0.03868613138686131
665,HP0666,34,34,34,33,0.026194144838212634,0.026194144838212634,0.026194144838212634,0.025423728813559324
666,HP0667,12,11,11,11,0.047244094488188976,0.04330708661417323,0.04330708661417323,0.04330708661417323
667,HP0668,70,69,70,71,0.038461538461538464,0.038461538461538464,0.03791208791208791,0.03901098901098901
668,HP0669,94,95,92,93,0.03359542530378842,0.032880629020729094,0.03395282344531808,0.03323802716225876
669,HP0670,44,45,43,43,0.03268945022288262,0.03194650817236255,0.033432392273402674,0.03194650817236255
670,HP0671,27,27,27,27,0.03337453646477132,0.03337453646477132,0.03337453646477132,0.03337453646477132
671,HP0672,43,43,43,43,0.036783575705731396,0.036783575705731396,0.036783575705731396,0.036783575705731396
672,HP0673,46,46,44,44,0.036021926389976505,0.03445575567736883,0.036021926389976505,0.03445575567736883
673,HP0674,28,28,28,28,0.040995607613469986,0.040995607613469986,0.040995607613469986,0.040995607613469986
674,HP0675,40,38,39,38,0.03686635944700461,0.035944700460829496,0.035023041474654376,0.035023041474654376
675,HP0676,10,10,10,10,0.019880715705765408,0.019880715705765408,0.019880715705765408,0.019880715705765408
676,HP0677,26,26,26,26,0.034031413612565446,0.034031413612565446,0.034031413612565446,0.034031413612565446
677,HP0678,7,7,7,7,0.06542056074766354,0.06542056074766354,0.06542056074766354,0.06542056074766354
678,HP0679,38,37,37,37,0.04387990762124711,0.042725173210161664,0.042725173210161664,0.042725173210161664
679,HP0680,88,88,87,86,0.03724079559881507,0.03681760473973762,0.03724079559881507,0.03639441388066018
680,HP0681,13,13,13,13,0.02584493041749503,0.02584493041749503,0.02584493041749503,0.02584493041749503
681,HP0682,19,19,19,19,0.050397877984084884,0.050397877984084884,0.050397877984084884,0.050397877984084884
682,HP0683,40,40,40,39,0.030816640986132512,0.030816640986132512,0.030816640986132512,0.030046224961479198
683,HP0684,6,6,6,6,0.01910828025477707,0.01910828025477707,0.01910828025477707,0.01910828025477707
684,HP0685,19,18,18,17,0.036893203883495145,0.03495145631067961,0.03495145631067961,0.03300970873786408
685,HP0686,93,93,92,92,0.04043478260869565,0.04,0.04043478260869565,0.04
686,HP0687,76,77,75,77,0.039480519480519484,0.03896103896103896,0.04,0.04
687,HP0688,19,19,19,19,0.03822937625754527,0.03822937625754527,0.03822937625754527,0.03822937625754527
688,HP0689,2,2,2,2,0.006968641114982578,0.006968641114982578,0.006968641114982578,0.006968641114982578
689,HP0690,60,60,61,60,0.051194539249146756,0.05204778156996587,0.051194539249146756,0.051194539249146756
690,HP0691,22,23,21,21,0.031654676258992806,0.030215827338129497,0.033093525179856115,0.030215827338129497
691,HP0692,37,37,36,37,0.05967741935483871,0.05806451612903226,0.05967741935483871,0.05967741935483871
692,HP0693,42,41,40,41,0.03085966201322557,0.029390154298310066,0.030124908155767818,0.030124908155767818
693,HP0694,25,25,25,25,0.032467532467532464,0.032467532467532464,0.032467532467532464,0.032467532467532464
694,HP0695,103,103,101,101,0.04817586529466791,0.04724041159962582,0.04817586529466791,0.04724041159962582
695,HP0696,121,123,121,121,0.05274629468177855,0.05274629468177855,0.05361813426329556,0.05274629468177855
696,HP0697,28,28,28,28,0.055666003976143144,0.055666003976143144,0.055666003976143144,0.055666003976143144
697,HP0698,0,0,0,0,0.0,0.0,0.0,0.0
698,HP0699,29,30,30,29,0.02829268292682927,0.02926829268292683,0.02926829268292683,0.02829268292682927
699,HP0700,12,12,11,11,0.031331592689295036,0.028720626631853787,0.031331592689295036,0.028720626631853787
700,HP0701,117,117,111,112,0.04717741935483871,0.044758064516129036,0.04717741935483871,0.04516129032258064
701,HP0702,11,11,11,11,0.023255813953488372,0.023255813953488372,0.023255813953488372,0.023255813953488372
702,HP0703,54,54,54,54,0.047285464098073555,0.047285464098073555,0.047285464098073555,0.047285464098073555
703,HP0704,4,4,4,4,0.037383177570093455,0.037383177570093455,0.037383177570093455,0.037383177570093455
704,HP0705,89,91,89,89,0.03174037089871612,0.03174037089871612,0.03245363766048502,0.03174037089871612
705,HP0706,16,16,14,14,0.019559902200488997,0.017114914425427872,0.019559902200488997,0.017114914425427872
706,HP0707,31,30,29,30,0.03358613217768147,0.0314192849404117,0.032502708559046585,0.032502708559046585
707,HP0708,15,15,15,15,0.04398826979472141,0.04398826979472141,0.04398826979472141,0.04398826979472141
708,HP0709,22,23,22,22,0.024471635150166853,0.024471635150166853,0.025583982202447165,0.024471635150166853
709,HP0710,59,58,58,58,0.029813036887316825,0.029307731177362305,0.029307731177362305,0.029307731177362305
710,HP0711,43,42,42,42,0.03533278553820871,0.03451109285127362,0.03451109285127362,0.03451109285127362
711,HP0712,11,11,11,11,0.029649595687331536,0.029649595687331536,0.029649595687331536,0.029649595687331536
712,HP0713,6,6,6,6,0.017595307917888565,0.017595307917888565,0.017595307917888565,0.017595307917888565
713,HP0714,47,47,48,47,0.0378726833199033,0.038678485092667206,0.0378726833199033,0.0378726833199033
714,HP0715,30,30,29,29,0.04172461752433936,0.04033379694019471,0.04172461752433936,0.04033379694019471
715,HP0716,16,16,16,16,0.04020100502512563,0.04020100502512563,0.04020100502512563,0.04020100502512563
716,HP0717,43,44,40,41,0.024812463935372186,0.02308136180034622,0.025389497980380843,0.023658395845354875
717,HP0718,13,13,13,13,0.02066772655007949,0.02066772655007949,0.02066772655007949,0.02066772655007949
718,HP0719,23,23,24,24,0.0705521472392638,0.0736196319018405,0.0705521472392638,0.0736196319018405
719,HP0720,8,8,8,8,0.05063291139240506,0.05063291139240506,0.05063291139240506,0.05063291139240506
720,HP0721,38,38,38,38,0.08351648351648351,0.08351648351648351,0.08351648351648351,0.08351648351648351
721,HP0722,58,58,58,58,0.03181568842567197,0.03181568842567197,0.03181568842567197,0.03181568842567197
722,HP0723,41,40,41,40,0.041456016177957536,0.041456016177957536,0.04044489383215369,0.04044489383215369
723,HP0724,54,54,54,53,0.04066265060240964,0.04066265060240964,0.04066265060240964,0.039909638554216864
724,HP0725,62,62,60,60,0.032873806998939555,0.031813361611876985,0.032873806998939555,0.031813361611876985
725,HP0726,30,31,28,29,0.03282275711159737,0.030634573304157548,0.03391684901531729,0.03172866520787746
726,HP0727,34,35,35,34,0.03458799593082401,0.03560528992878942,0.03560528992878942,0.03458799593082401
727,HP0728,35,34,34,34,0.03475670307845084,0.033763654419066536,0.033763654419066536,0.033763654419066536
728,HP0729,44,43,43,43,0.041353383458646614,0.040413533834586464,0.040413533834586464,0.040413533834586464
729,HP0730,11,12,12,13,0.03642384105960265,0.039735099337748346,0.039735099337748346,0.04304635761589404
730,HP0731,98,96,96,96,0.0570430733410943,0.05587892898719441,0.05587892898719441,0.05587892898719441
731,HP0732,13,13,13,13,0.036827195467422094,0.036827195467422094,0.036827195467422094,0.036827195467422094
732,HP0733,62,61,59,59,0.03969270166453265,0.03777208706786172,0.03905249679897567,0.03777208706786172
733,HP0734,56,57,58,57,0.0425531914893617,0.044072948328267476,0.04331306990881459,0.04331306990881459
734,HP0735,9,9,10,9,0.019650655021834062,0.021834061135371178,0.019650655021834062,0.019650655021834062
735,HP0736,45,45,45,45,0.0406871609403255,0.0406871609403255,0.0406871609403255,0.0406871609403255
736,HP0737,20,20,20,20,0.042283298097251586,0.042283298097251586,0.042283298097251586,0.042283298097251586
737,HP0738,50,50,50,50,0.04807692307692308,0.04807692307692308,0.04807692307692308,0.04807692307692308
738,HP0739,23,23,23,24,0.03185595567867036,0.03185595567867036,0.03185595567867036,0.0332409972299169
739,HP0740,42,43,41,41,0.028416779431664412,0.02774018944519621,0.029093369418132613,0.02774018944519621
740,HP0741,24,24,25,24,0.04979253112033195,0.05186721991701245,0.04979253112033195,0.04979253112033195
741,HP0742,32,34,34,34,0.033578174186778595,0.035676810073452254,0.035676810073452254,0.035676810073452254
742,HP0743,44,45,44,44,0.03852889667250438,0.03852889667250438,0.03940455341506129,0.03852889667250438
743,HP0744,52,51,51,51,0.04276315789473684,0.04194078947368421,0.04194078947368421,0.04194078947368421
744,HP0745,32,32,31,31,0.0326530612244898,0.03163265306122449,0.0326530612244898,0.03163265306122449
745,HP0746,42,42,42,42,0.03343949044585987,0.03343949044585987,0.03343949044585987,0.03343949044585987
746,HP0747,32,32,32,32,0.027164685908319185,0.027164685908319185,0.027164685908319185,0.027164685908319185
747,HP0748,30,30,30,30,0.04491017964071856,0.04491017964071856,0.04491017964071856,0.04491017964071856
748,HP0749,34,34,36,35,0.04234122042341221,0.0448318804483188,0.04234122042341221,0.043586550435865505
749,HP0750,51,51,51,51,0.042535446205170975,0.042535446205170975,0.042535446205170975,0.042535446205170975
750,HP0751,16,16,15,15,0.0449438202247191,0.042134831460674156,0.0449438202247191,0.042134831460674156
751,HP0752,73,75,72,70,0.03612073231073726,0.035625927758535375,0.03711034141514102,0.034636318654131616
752,HP0753,16,16,16,16,0.042440318302387266,0.042440318302387266,0.042440318302387266,0.042440318302387266
753,HP0754,10,10,10,10,0.0423728813559322,0.0423728813559322,0.0423728813559322,0.0423728813559322
754,HP0755,11,11,11,11,0.017488076311605722,0.017488076311605722,0.017488076311605722,0.017488076311605722
755,HP0756,22,22,22,22,0.15384615384615385,0.15384615384615385,0.15384615384615385,0.15384615384615385
756,HP0757,41,41,38,39,0.046857142857142854,0.04342857142857143,0.046857142857142854,0.044571428571428574
757,HP0758,57,56,57,56,0.04351145038167939,0.04351145038167939,0.042748091603053436,0.042748091603053436
758,HP0759,43,44,43,43,0.0344,0.0344,0.0352,0.0344
759,HP0760,65,65,66,65,0.04693140794223827,0.047653429602888084,0.04693140794223827,0.04693140794223827
760,HP0761,17,18,17,17,0.028380634390651086,0.028380634390651086,0.03005008347245409,0.028380634390651086
761,HP0762,20,20,20,20,0.036101083032490974,0.036101083032490974,0.036101083032490974,0.036101083032490974
762,HP0763,29,28,28,28,0.03302961275626424,0.03189066059225513,0.03189066059225513,0.03189066059225513
763,HP0764,72,70,69,69,0.05611847233047545,0.05378020265003897,0.05455962587685113,0.05378020265003897
764,HP0765,21,21,21,20,0.06885245901639345,0.06885245901639345,0.06885245901639345,0.06557377049180328
765,HP0766,36,37,36,37,0.0438489646772229,0.0438489646772229,0.04506699147381242,0.04506699147381242
766,HP0767,0,0,0,0,0.0,0.0,0.0,0.0
767,HP0768,38,38,37,37,0.0395010395010395,0.038461538461538464,0.0395010395010395,0.038461538461538464
768,HP0769,18,18,18,18,0.029900332225913623,0.029900332225913623,0.029900332225913623,0.029900332225913623
769,HP0770,37,37,37,37,0.034482758620689655,0.034482758620689655,0.034482758620689655,0.034482758620689655
770,HP0771,25,25,25,25,0.0340599455040872,0.0340599455040872,0.0340599455040872,0.0340599455040872
771,HP0772,45,45,43,43,0.03411675511751327,0.032600454890068235,0.03411675511751327,0.032600454890068235
772,HP0773,58,57,57,57,0.05330882352941176,0.05238970588235294,0.05238970588235294,0.05238970588235294
773,HP0774,54,53,53,54,0.044813278008298756,0.04398340248962656,0.04398340248962656,0.044813278008298756
774,HP0775,109,111,106,106,0.04690189328743546,0.04561101549053356,0.047762478485370054,0.04561101549053356
775,HP0776,6,6,6,6,0.02390438247011952,0.02390438247011952,0.02390438247011952,0.02390438247011952
776,HP0777,28,28,28,28,0.03894297635605007,0.03894297635605007,0.03894297635605007,0.03894297635605007
777,HP0778,19,19,19,20,0.027941176470588237,0.027941176470588237,0.027941176470588237,0.029411764705882353
778,HP0779,105,104,105,107,0.04104769351055512,0.04104769351055512,0.040656763096168884,0.0418295543393276
779,HP0780,10,9,9,10,0.03717472118959108,0.03345724907063197,0.03345724907063197,0.03717472118959108
780,HP0781,29,30,28,29,0.02255054432348367,0.02177293934681182,0.02332814930015552,0.02255054432348367
781,HP0782,53,53,53,52,0.038856304985337244,0.038856304985337244,0.038856304985337244,0.03812316715542522
782,HP0783,19,19,18,18,0.038461538461538464,0.03643724696356275,0.038461538461538464,0.03643724696356275
783,HP0784,6,6,6,6,0.04580152671755725,0.04580152671755725,0.04580152671755725,0.04580152671755725
784,HP0785,16,16,16,16,0.029038112522686024,0.029038112522686024,0.029038112522686024,0.029038112522686024
785,HP0786,117,115,111,111,0.04510408635312259,0.04279105628373169,0.04433307632999229,0.04279105628373169
786,HP0787,61,61,61,61,0.04963384865744508,0.04963384865744508,0.04963384865744508,0.04963384865744508
787,HP0788,45,45,42,42,0.030080213903743314,0.02807486631016043,0.030080213903743314,0.02807486631016043
788,HP0789,6,5,5,5,0.04195804195804196,0.03496503496503497,0.03496503496503497,0.03496503496503497
789,HP0790,49,51,48,49,0.037925696594427245,0.03715170278637771,0.039473684210526314,0.037925696594427245
790,HP0791,80,78,76,76,0.03889158969372873,0.03694701020904229,0.037919299951385516,0.03694701020904229
791,HP0792,59,57,59,59,0.03889255108767304,0.03889255108767304,0.037574159525379035,0.03889255108767304
792,HP0793,35,35,35,35,0.0671785028790787,0.0671785028790787,0.0671785028790787,0.0671785028790787
793,HP0794,23,23,23,23,0.039182282793867124,0.039182282793867124,0.039182282793867124,0.039182282793867124
794,HP0795,49,49,48,49,0.036242603550295856,0.03550295857988166,0.036242603550295856,0.036242603550295856
795,HP0796,12,12,12,12,0.014405762304921969,0.014405762304921969,0.014405762304921969,0.014405762304921969
796,HP0797,25,25,25,25,0.03209242618741977,0.03209242618741977,0.03209242618741977,0.03209242618741977
797,HP0798,22,22,22,22,0.046511627906976744,0.046511627906976744,0.046511627906976744,0.046511627906976744
798,HP0799,16,16,17,16,0.030360531309297913,0.03225806451612903,0.030360531309297913,0.030360531309297913
799,HP0800,4,4,4,4,0.009216589861751152,0.009216589861751152,0.009216589861751152,0.009216589861751152
800,HP0801,7,7,7,7,0.03167420814479638,0.03167420814479638,0.03167420814479638,0.03167420814479638
801,HP0802,10,10,8,10,0.017391304347826087,0.01391304347826087,0.017391304347826087,0.017391304347826087
802,HP0803,24,24,24,24,0.028708133971291867,0.028708133971291867,0.028708133971291867,0.028708133971291867
803,HP0804,39,38,38,38,0.037827352085354024,0.03685741998060136,0.03685741998060136,0.03685741998060136
804,HP0805,32,32,32,32,0.03760282021151586,0.03760282021151586,0.03760282021151586,0.03760282021151586
805,HP0806,18,18,18,18,0.029173419773095625,0.029173419773095625,0.029173419773095625,0.029173419773095625
806,HP0807,87,86,86,87,0.03686440677966102,0.036440677966101696,0.036440677966101696,0.03686440677966102
807,HP0808,10,11,9,8,0.028089887640449437,0.025280898876404494,0.03089887640449438,0.02247191011235955
808,HP0809,16,16,16,16,0.029197080291970802,0.029197080291970802,0.029197080291970802,0.029197080291970802
809,HP0810,21,20,20,21,0.035058430717863104,0.0333889816360601,0.0333889816360601,0.035058430717863104
810,HP0811,13,13,13,13,0.04024767801857585,0.04024767801857585,0.04024767801857585,0.04024767801857585
811,HP0812,37,37,36,37,0.036742800397219465,0.03574975173783516,0.036742800397219465,0.036742800397219465
812,HP0813,27,28,27,28,0.043973941368078175,0.043973941368078175,0.04560260586319218,0.04560260586319218
813,HP0814,22,22,23,22,0.028795811518324606,0.030104712041884817,0.028795811518324606,0.028795811518324606
814,HP0815,24,23,22,21,0.03116883116883117,0.02857142857142857,0.02987012987012987,0.02727272727272727
815,HP0816,33,33,33,33,0.04285714285714286,0.04285714285714286,0.04285714285714286,0.04285714285714286
816,HP0817,18,18,18,18,0.040632054176072234,0.040632054176072234,0.040632054176072234,0.040632054176072234
817,HP0818,58,57,57,58,0.03498190591073583,0.03437876960193004,0.03437876960193004,0.03498190591073583
818,HP0819,15,15,15,15,0.023183925811437404,0.023183925811437404,0.023183925811437404,0.023183925811437404
819,HP0820,15,15,15,15,0.03275109170305677,0.03275109170305677,0.03275109170305677,0.03275109170305677
820,HP0821,55,54,56,56,0.030881527231892195,0.031443009545199324,0.030320044918585063,0.031443009545199324
821,HP0822,28,29,30,30,0.022187004754358162,0.02377179080824089,0.022979397781299524,0.02377179080824089
822,HP0823,14,14,14,14,0.04105571847507331,0.04105571847507331,0.04105571847507331,0.04105571847507331
823,HP0824,11,11,11,11,0.03470031545741325,0.03470031545741325,0.03470031545741325,0.03470031545741325
824,HP0825,51,50,51,49,0.05472103004291846,0.05472103004291846,0.0536480686695279,0.05257510729613734
825,HP0826,31,30,31,31,0.037897310513447434,0.037897310513447434,0.03667481662591687,0.037897310513447434
826,HP0827,8,8,8,8,0.0326530612244898,0.0326530612244898,0.0326530612244898,0.0326530612244898
827,HP0828,36,34,33,33,0.053175775480059084,0.04874446085672083,0.050221565731166914,0.04874446085672083
828,HP0829,52,52,51,51,0.036061026352288486,0.03536754507628294,0.036061026352288486,0.03536754507628294
829,HP0830,58,57,57,57,0.042709867452135494,0.04197349042709867,0.04197349042709867,0.04197349042709867
830,HP0831,25,25,25,25,0.04258943781942078,0.04258943781942078,0.04258943781942078,0.04258943781942078
831,HP0832,25,24,24,25,0.03184713375796178,0.030573248407643312,0.030573248407643312,0.03184713375796178
832,HP0833,31,31,31,31,0.03542857142857143,0.03542857142857143,0.03542857142857143,0.03542857142857143
833,HP0834,55,55,55,55,0.04005826656955572,0.04005826656955572,0.04005826656955572,0.04005826656955572
834,HP0835,13,13,13,13,0.046263345195729534,0.046263345195729534,0.046263345195729534,0.046263345195729534
835,HP0836,19,19,19,20,0.05337078651685393,0.05337078651685393,0.05337078651685393,0.056179775280898875
836,HP0837,14,14,14,14,0.04590163934426229,0.04590163934426229,0.04590163934426229,0.04590163934426229
837,HP0838,23,23,23,23,0.03745928338762215,0.03745928338762215,0.03745928338762215,0.03745928338762215
838,HP0839,65,68,66,67,0.036931818181818184,0.0375,0.038636363636363635,0.03806818181818182
839,HP0840,50,50,49,49,0.050100200400801605,0.04909819639278557,0.050100200400801605,0.04909819639278557
840,HP0841,43,43,43,42,0.033751962323390894,0.033751962323390894,0.033751962323390894,0.03296703296703297
841,HP0842,28,28,28,28,0.03814713896457766,0.03814713896457766,0.03814713896457766,0.03814713896457766
842,HP0843,24,24,26,25,0.036585365853658534,0.039634146341463415,0.036585365853658534,0.038109756097560975
843,HP0844,23,23,23,24,0.02843016069221261,0.02843016069221261,0.02843016069221261,0.029666254635352288
844,HP0845,25,25,23,25,0.030562347188264057,0.028117359413202935,0.030562347188264057,0.030562347188264057
845,HP0846,128,127,124,125,0.04928763958413554,0.047747400847131305,0.04890257989988448,0.048132460531382364
846,HP0847,5,6,5,6,0.05102040816326531,0.05102040816326531,0.061224489795918366,0.061224489795918366
847,HP0848,30,30,30,30,0.0335946248600224,0.0335946248600224,0.0335946248600224,0.0335946248600224
848,HP0849,4,4,4,4,0.013937282229965157,0.013937282229965157,0.013937282229965157,0.013937282229965157
849,HP0850,58,59,58,58,0.03670886075949367,0.03670886075949367,0.03734177215189873,0.03670886075949367
850,HP0851,16,15,15,15,0.023529411764705882,0.022058823529411766,0.022058823529411766,0.022058823529411766
851,HP0852,33,33,33,32,0.035181236673773986,0.035181236673773986,0.035181236673773986,0.03411513859275053
852,HP0853,70,70,71,71,0.04380475594493116,0.044430538172715896,0.04380475594493116,0.044430538172715896
853,HP0854,62,62,60,60,0.06326530612244897,0.061224489795918366,0.06326530612244897,0.061224489795918366
854,HP0855,45,45,45,45,0.028481012658227847,0.028481012658227847,0.028481012658227847,0.028481012658227847
855,HP0856,37,37,38,37,0.03391384051329056,0.034830430797433545,0.03391384051329056,0.03391384051329056
856,HP0857,10,10,10,10,0.017391304347826087,0.017391304347826087,0.017391304347826087,0.017391304347826087
857,HP0858,48,48,47,49,0.03473227206946455,0.03400868306801737,0.03473227206946455,0.03545586107091172
858,HP0859,33,32,32,32,0.033367037411526794,0.032355915065722954,0.032355915065722954,0.032355915065722954
859,HP0860,22,22,22,22,0.04247104247104247,0.04247104247104247,0.04247104247104247,0.04247104247104247
860,HP0861,42,42,42,42,0.05698778833107191,0.05698778833107191,0.05698778833107191,0.05698778833107191
861,HP0862,16,16,16,17,0.023952095808383235,0.023952095808383235,0.023952095808383235,0.025449101796407185
862,HP0863,54,54,54,54,0.03323076923076923,0.03323076923076923,0.03323076923076923,0.03323076923076923
863,HP0864,21,21,21,21,0.03215926493108729,0.03215926493108729,0.03215926493108729,0.03215926493108729
864,HP0865,16,16,16,16,0.03686635944700461,0.03686635944700461,0.03686635944700461,0.03686635944700461
865,HP0866,17,17,17,17,0.034623217922606926,0.034623217922606926,0.034623217922606926,0.034623217922606926
866,HP0867,41,41,40,41,0.037998146431881374,0.03707136237256719,0.037998146431881374,0.037998146431881374
867,HP0868,14,13,14,14,0.03056768558951965,0.03056768558951965,0.028384279475982533,0.03056768558951965
868,HP0869,15,17,17,16,0.04285714285714286,0.04857142857142857,0.04857142857142857,0.045714285714285714
869,HP0870,109,107,105,103,0.05062703204830469,0.04876915931258709,0.04969809568044589,0.04784022294472828
870,HP0871,34,32,32,32,0.046511627906976744,0.04377564979480164,0.04377564979480164,0.04377564979480164
871,HP0872,15,15,15,15,0.046012269938650305,0.046012269938650305,0.046012269938650305,0.046012269938650305
872,HP0873,2,2,2,2,0.009433962264150943,0.009433962264150943,0.009433962264150943,0.009433962264150943
873,HP0874,38,38,38,38,0.04357798165137615,0.04357798165137615,0.04357798165137615,0.04357798165137615
874,HP0875,78,79,77,78,0.05151915455746367,0.05085865257595773,0.05217965653896962,0.05151915455746367
875,HP0876,75,77,75,73,0.031618887015177066,0.031618887015177066,0.03246205733558179,0.030775716694772345
876,HP0877,14,14,14,14,0.029787234042553193,0.029787234042553193,0.029787234042553193,0.029787234042553193
877,HP0878,4,4,4,4,0.023529411764705882,0.023529411764705882,0.023529411764705882,0.023529411764705882
878,HP0879,34,35,34,33,0.05619834710743802,0.05619834710743802,0.05785123966942149,0.05454545454545454
879,HP0880,18,18,18,18,0.04295942720763723,0.04295942720763723,0.04295942720763723,0.04295942720763723
880,HP0881,4,4,4,4,0.043478260869565216,0.043478260869565216,0.043478260869565216,0.043478260869565216
881,HP0882,11,11,11,11,0.031161473087818695,0.031161473087818695,0.031161473087818695,0.031161473087818695
882,HP0883,18,19,18,18,0.032846715328467155,0.032846715328467155,0.03467153284671533,0.032846715328467155
883,HP0884,64,64,65,65,0.03476371537208039,0.03530689842476915,0.03476371537208039,0.03530689842476915
884,HP0885,29,28,28,28,0.020984081041968163,0.020260492040520984,0.020260492040520984,0.020260492040520984
885,HP0886,48,48,48,48,0.03443328550932568,0.03443328550932568,0.03443328550932568,0.03443328550932568
886,HP0887,110,112,107,107,0.02843111915223572,0.027655724993538383,0.02894804859136728,0.027655724993538383
887,HP0888,23,23,23,22,0.030104712041884817,0.030104712041884817,0.030104712041884817,0.028795811518324606
888,HP0889,28,29,27,28,0.028659160696008188,0.027635619242579325,0.02968270214943705,0.028659160696008188
889,HP0890,35,35,34,34,0.04563233376792699,0.04432855280312908,0.04563233376792699,0.04432855280312908
890,HP0891,24,24,24,24,0.046065259117082535,0.046065259117082535,0.046065259117082535,0.046065259117082535
891,HP0892,5,5,5,5,0.01858736059479554,0.01858736059479554,0.01858736059479554,0.01858736059479554
892,HP0893,5,5,5,5,0.017605633802816902,0.017605633802816902,0.017605633802816902,0.017605633802816902
893,HP0894,9,9,7,7,0.034220532319391636,0.026615969581749048,0.034220532319391636,0.026615969581749048
894,HP0895,10,10,10,10,0.026737967914438502,0.026737967914438502,0.026737967914438502,0.026737967914438502
895,HP0896,69,69,69,68,0.03250117757889778,0.03250117757889778,0.03250117757889778,0.03203014601978332
896,HP0897,15,16,16,16,0.024077046548956663,0.025682182985553772,0.025682182985553772,0.025682182985553772
897,HP0898,55,55,56,55,0.04959422903516682,0.05049594229035167,0.04959422903516682,0.04959422903516682
898,HP0899,9,9,9,9,0.0391304347826087,0.0391304347826087,0.0391304347826087,0.0391304347826087
899,HP0900,31,32,31,32,0.04275862068965517,0.04275862068965517,0.044137931034482755,0.044137931034482755
900,HP0901,6,6,6,6,0.04918032786885246,0.04918032786885246,0.04918032786885246,0.04918032786885246
901,HP0902,10,10,10,10,0.033783783783783786,0.033783783783783786,0.033783783783783786,0.033783783783783786
902,HP0903,54,54,51,52,0.045112781954887216,0.042606516290726815,0.045112781954887216,0.04344193817878028
903,HP0904,34,34,33,33,0.037199124726477024,0.036105032822757115,0.037199124726477024,0.036105032822757115
904,HP0905,23,23,23,23,0.0344311377245509,0.0344311377245509,0.0344311377245509,0.0344311377245509
905,HP0906,54,55,54,55,0.03417721518987342,0.03417721518987342,0.03481012658227848,0.03481012658227848
906,HP0907,48,48,48,48,0.05321507760532151,0.05321507760532151,0.05321507760532151,0.05321507760532151
907,HP0908,74,72,71,70,0.040793825799338476,0.03914002205071665,0.03969128996692393,0.03858875413450937
908,HP0909,13,13,13,14,0.02159468438538206,0.02159468438538206,0.02159468438538206,0.023255813953488372
909,HP0910,31,30,28,28,0.027288732394366196,0.02464788732394366,0.02640845070422535,0.02464788732394366
910,HP0911,77,76,75,75,0.03804347826086957,0.03705533596837945,0.037549407114624504,0.03705533596837945
911,HP0912,45,44,44,44,0.029145077720207253,0.02849740932642487,0.02849740932642487,0.02849740932642487
912,HP0913,47,47,47,46,0.029634300126103404,0.029634300126103404,0.029634300126103404,0.029003783102143757
913,HP0914,70,71,70,70,0.045425048669695,0.045425048669695,0.046073977936404935,0.045425048669695
914,HP0915,56,56,56,56,0.03323442136498516,0.03323442136498516,0.03323442136498516,0.03323442136498516
915,HP0916,27,27,27,27,0.036193029490616625,0.036193029490616625,0.036193029490616625,0.036193029490616625
916,HP0917,2,2,2,2,0.029411764705882353,0.029411764705882353,0.029411764705882353,0.029411764705882353
917,HP0918,11,10,11,10,0.02570093457943925,0.02570093457943925,0.02336448598130841,0.02336448598130841
918,HP0919,108,110,109,108,0.03318992009834051,0.03349723417332514,0.03380454824830977,0.03318992009834051
919,HP0920,30,30,30,30,0.04354136429608128,0.04354136429608128,0.04354136429608128,0.04354136429608128
920,HP0921,28,28,27,27,0.02814070351758794,0.027135678391959798,0.02814070351758794,0.027135678391959798
921,HP0922,215,209,204,203,0.028341682045873978,0.026891642499340892,0.027550751384128658,0.026759820722383337
922,HP0923,41,43,40,41,0.037070524412296565,0.03616636528028933,0.03887884267631103,0.037070524412296565
923,HP0924,8,7,8,8,0.03940886699507389,0.03940886699507389,0.034482758620689655,0.03940886699507389
924,HP0925,24,23,23,24,0.04152249134948097,0.039792387543252594,0.039792387543252594,0.04152249134948097
925,HP0926,37,37,35,35,0.03239929947460595,0.03064798598949212,0.03239929947460595,0.03064798598949212
926,HP0927,49,49,50,49,0.05015353121801433,0.0511770726714432,0.05015353121801433,0.05015353121801433
927,HP0928,29,28,26,28,0.05380333951762523,0.04823747680890538,0.05194805194805195,0.05194805194805195
928,HP0929,28,28,28,28,0.030837004405286344,0.030837004405286344,0.030837004405286344,0.030837004405286344
929,HP0930,47,47,47,46,0.05875,0.05875,0.05875,0.0575
930,HP0931,17,17,15,15,0.038901601830663615,0.034324942791762014,0.038901601830663615,0.034324942791762014
931,HP0932,10,10,10,10,0.033444816053511704,0.033444816053511704,0.033444816053511704,0.033444816053511704
932,HP0933,36,37,35,35,0.06010016694490818,0.05843071786310518,0.06176961602671119,0.05843071786310518
933,HP0934,15,15,15,15,0.0199468085106383,0.0199468085106383,0.0199468085106383,0.0199468085106383
934,HP0935,21,21,21,21,0.043568464730290454,0.043568464730290454,0.043568464730290454,0.043568464730290454
935,HP0936,39,39,38,38,0.03344768439108062,0.032590051457975985,0.03344768439108062,0.032590051457975985
936,HP0937,26,27,25,25,0.03286978508217446,0.0316055625790139,0.03413400758533502,0.0316055625790139
937,HP0938,6,6,6,6,0.01744186046511628,0.01744186046511628,0.01744186046511628,0.01744186046511628
938,HP0939,26,26,26,26,0.036619718309859155,0.036619718309859155,0.036619718309859155,0.036619718309859155
939,HP0940,28,28,27,28,0.03650586701434159,0.035202086049543675,0.03650586701434159,0.03650586701434159
940,HP0941,51,51,51,51,0.04513274336283186,0.04513274336283186,0.04513274336283186,0.04513274336283186
941,HP0942,53,51,51,51,0.039288361749444035,0.03780578206078577,0.03780578206078577,0.03780578206078577
942,HP0943,50,50,51,51,0.04068348250610252,0.04149715215622457,0.04068348250610252,0.04149715215622457
943,HP0944,10,11,10,10,0.026737967914438502,0.026737967914438502,0.029411764705882353,0.026737967914438502
944,HP0945,8,8,8,8,0.027303754266211604,0.027303754266211604,0.027303754266211604,0.027303754266211604
945,HP0946,45,45,44,45,0.03026227303295225,0.029589778076664425,0.03026227303295225,0.03026227303295225
946,HP0947,9,9,9,9,0.025069637883008356,0.025069637883008356,0.025069637883008356,0.025069637883008356
947,HP0948,33,33,33,33,0.032673267326732675,0.032673267326732675,0.032673267326732675,0.032673267326732675
948,HP0949,14,13,13,13,0.031180400890868598,0.028953229398663696,0.028953229398663696,0.028953229398663696
949,HP0950,46,48,46,47,0.053117782909930716,0.053117782909930716,0.05542725173210162,0.054272517321016164
950,HP0951,22,19,18,18,0.035830618892508145,0.029315960912052116,0.030944625407166124,0.029315960912052116
951,HP0952,25,24,25,25,0.03828483920367534,0.03828483920367534,0.036753445635528334,0.03828483920367534
952,HP0953,30,32,30,31,0.05328596802841918,0.05328596802841918,0.056838365896980464,0.055062166962699825
953,HP0954,16,16,17,16,0.025437201907790145,0.02702702702702703,0.025437201907790145,0.025437201907790145
954,HP0955,30,30,30,30,0.03525264394829612,0.03525264394829612,0.03525264394829612,0.03525264394829612
955,HP0956,31,31,31,31,0.04275862068965517,0.04275862068965517,0.04275862068965517,0.04275862068965517
956,HP0957,47,48,46,46,0.039898132427843805,0.03904923599320883,0.04074702886247878,0.03904923599320883
957,HP0958,42,43,41,41,0.05519053876478318,0.05387647831800263,0.056504599211563734,0.05387647831800263
958,HP0959,28,28,26,26,0.038461538461538464,0.03571428571428571,0.038461538461538464,0.03571428571428571
959,HP0960,37,38,38,38,0.040748898678414094,0.04185022026431718,0.04185022026431718,0.04185022026431718
960,HP0961,31,31,32,31,0.033155080213903745,0.034224598930481284,0.033155080213903745,0.033155080213903745
961,HP0962,22,22,21,22,0.048034934497816595,0.04585152838427948,0.048034934497816595,0.048034934497816595
962,HP0963,55,54,55,54,0.041044776119402986,0.041044776119402986,0.04029850746268657,0.04029850746268657
963,HP0964,42,44,44,44,0.03860294117647059,0.04044117647058824,0.04044117647058824,0.04044117647058824
964,HP0965,68,68,66,63,0.05120481927710843,0.04969879518072289,0.05120481927710843,0.04743975903614458
965,HP0966,68,69,68,69,0.041312272174969626,0.041312272174969626,0.04191980558930741,0.04191980558930741
966,HP0967,13,13,13,13,0.045774647887323945,0.045774647887323945,0.045774647887323945,0.045774647887323945
967,HP0968,0,0,0,0,0.0,0.0,0.0,0.0
968,HP0969,118,118,115,115,0.03857469761359922,0.03759398496240601,0.03857469761359922,0.03759398496240601
969,HP0970,49,46,47,46,0.04553903345724907,0.04368029739776952,0.04275092936802974,0.04275092936802974
970,HP0971,37,38,37,38,0.02988691437802908,0.02988691437802908,0.030694668820678513,0.030694668820678513
971,HP0972,67,67,66,67,0.031874405328258804,0.03139866793529972,0.031874405328258804,0.031874405328258804
972,HP0973,38,37,38,38,0.035916824196597356,0.035916824196597356,0.03497164461247637,0.035916824196597356
973,HP0974,49,48,47,47,0.03328804347826087,0.03192934782608696,0.03260869565217391,0.03192934782608696
974,HP0975,7,7,7,7,0.025179856115107913,0.025179856115107913,0.025179856115107913,0.025179856115107913
975,HP0976,49,51,48,47,0.03749043611323642,0.036725325172149964,0.03902065799540933,0.035960214231063506
976,HP0977,52,52,53,52,0.03561643835616438,0.036301369863013695,0.03561643835616438,0.03561643835616438
977,HP0978,74,74,73,74,0.05016949152542373,0.04949152542372881,0.05016949152542373,0.05016949152542373
978,HP0979,56,56,56,56,0.04852686308492201,0.04852686308492201,0.04852686308492201,0.04852686308492201
979,HP0980,14,14,14,14,0.046822742474916385,0.046822742474916385,0.046822742474916385,0.046822742474916385
980,HP0981,17,17,17,17,0.04696132596685083,0.04696132596685083,0.04696132596685083,0.04696132596685083
981,HP0982,23,23,23,24,0.033236994219653176,0.033236994219653176,0.033236994219653176,0.03468208092485549
982,HP0983,20,20,20,20,0.024360535931790498,0.024360535931790498,0.024360535931790498,0.024360535931790498
983,HP0984,4,4,4,4,0.038461538461538464,0.038461538461538464,0.038461538461538464,0.038461538461538464
984,HP0985,24,24,24,24,0.075,0.075,0.075,0.075
985,HP0986,26,27,26,26,0.036619718309859155,0.036619718309859155,0.038028169014084505,0.036619718309859155
986,HP0987,1,1,1,1,0.004347826086956522,0.004347826086956522,0.004347826086956522,0.004347826086956522
987,HP0988,10,12,10,10,0.023529411764705882,0.023529411764705882,0.02823529411764706,0.023529411764705882
988,HP0989,34,34,34,34,0.0265625,0.0265625,0.0265625,0.0265625
989,HP0990,10,10,10,10,0.015037593984962405,0.015037593984962405,0.015037593984962405,0.015037593984962405
990,HP0991,6,6,6,6,0.009584664536741214,0.009584664536741214,0.009584664536741214,0.009584664536741214
991,HP0992,7,7,7,7,0.029661016949152543,0.029661016949152543,0.029661016949152543,0.029661016949152543
992,HP0993,6,6,6,6,0.024193548387096774,0.024193548387096774,0.024193548387096774,0.024193548387096774
993,HP0994,18,19,18,18,0.0225,0.0225,0.02375,0.0225
994,HP0995,10,10,10,10,0.009398496240601503,0.009398496240601503,0.009398496240601503,0.009398496240601503
995,HP0996,38,36,34,34,0.021122846025569762,0.018899388549193995,0.020011117287381877,0.018899388549193995
996,HP0997,34,35,33,33,0.0265625,0.02578125,0.02734375,0.02578125
997,HP0998,12,11,11,11,0.02823529411764706,0.02588235294117647,0.02588235294117647,0.02588235294117647
998,HP0999,4,4,4,4,0.02197802197802198,0.02197802197802198,0.02197802197802198,0.02197802197802198
999,HP1000,8,9,8,8,0.01225114854517611,0.01225114854517611,0.013782542113323124,0.01225114854517611
1000,HP1001,9,9,9,9,0.03202846975088968,0.03202846975088968,0.03202846975088968,0.03202846975088968
1001,HP1002,28,28,28,28,0.023708721422523286,0.023708721422523286,0.023708721422523286,0.023708721422523286
1002,HP1003,11,11,12,11,0.009918845807033363,0.010820559062218215,0.009918845807033363,0.009918845807033363
1003,HP1004,21,21,21,21,0.02567237163814181,0.02567237163814181,0.02567237163814181,0.02567237163814181
1004,HP1005,8,8,8,8,0.02572347266881029,0.02572347266881029,0.02572347266881029,0.02572347266881029
1005,HP1006,16,16,16,16,0.03018867924528302,0.03018867924528302,0.03018867924528302,0.03018867924528302
1006,HP1007,33,32,30,31,0.024924471299093656,0.022658610271903322,0.02416918429003021,0.023413897280966767
1007,HP1008,13,13,13,13,0.031476997578692496,0.031476997578692496,0.031476997578692496,0.031476997578692496
1008,HP1009,8,8,8,8,0.01436265709156194,0.01436265709156194,0.01436265709156194,0.01436265709156194
1009,HP1010,87,87,86,86,0.04298418972332016,0.042490118577075096,0.04298418972332016,0.042490118577075096
1010,HP1011,37,38,37,38,0.03517110266159696,0.03517110266159696,0.03612167300380228,0.03612167300380228
1011,HP1012,35,35,35,35,0.02629601803155522,0.02629601803155522,0.02629601803155522,0.02629601803155522
1012,HP1013,41,40,40,40,0.04560622914349277,0.04449388209121246,0.04449388209121246,0.04449388209121246
1013,HP1014,36,36,36,35,0.045859872611464965,0.045859872611464965,0.045859872611464965,0.044585987261146494
1014,HP1015,8,8,7,9,0.015904572564612324,0.013916500994035786,0.015904572564612324,0.017892644135188866
1015,HP1016,20,20,21,22,0.0333889816360601,0.035058430717863104,0.0333889816360601,0.03672787979966611
1016,HP1017,54,53,54,54,0.03470437017994859,0.03470437017994859,0.03406169665809768,0.03470437017994859
1017,HP1018,7,7,7,7,0.04895104895104895,0.04895104895104895,0.04895104895104895,0.04895104895104895
1018,HP1019,65,64,67,65,0.04894578313253012,0.050451807228915665,0.04819277108433735,0.04894578313253012
1019,HP1020,43,44,42,42,0.03533278553820871,0.03451109285127362,0.036154478225143796,0.03451109285127362
1020,HP1021,35,34,35,35,0.03919372900335946,0.03919372900335946,0.03807390817469205,0.03919372900335946
1021,HP1022,36,36,36,36,0.04321728691476591,0.04321728691476591,0.04321728691476591,0.04321728691476591
1022,HP1023,27,27,27,27,0.02165196471531676,0.02165196471531676,0.02165196471531676,0.02165196471531676
1023,HP1024,30,30,30,30,0.03476245654692932,0.03476245654692932,0.03476245654692932,0.03476245654692932
1024,HP1025,12,12,12,12,0.03260869565217391,0.03260869565217391,0.03260869565217391,0.03260869565217391
1025,HP1026,40,41,40,39,0.034129692832764506,0.034129692832764506,0.03498293515358362,0.033276450511945395
1026,HP1027,27,27,27,27,0.060133630289532294,0.060133630289532294,0.060133630289532294,0.060133630289532294
1027,HP1028,12,12,12,12,0.024291497975708502,0.024291497975708502,0.024291497975708502,0.024291497975708502
1028,HP1029,34,34,33,32,0.06378986866791744,0.06191369606003752,0.06378986866791744,0.0600375234521576
1029,HP1030,39,39,38,38,0.04534883720930233,0.044186046511627906,0.04534883720930233,0.044186046511627906
1030,HP1031,55,56,56,55,0.051837888784165884,0.0527803958529689,0.0527803958529689,0.051837888784165884
1031,HP1032,34,34,33,33,0.04450261780104712,0.04319371727748691,0.04450261780104712,0.04319371727748691
1032,HP1033,6,6,6,6,0.015306122448979591,0.015306122448979591,0.015306122448979591,0.015306122448979591
1033,HP1034,28,28,28,28,0.03178206583427923,0.03178206583427923,0.03178206583427923,0.03178206583427923
1034,HP1035,66,66,66,67,0.04796511627906977,0.04796511627906977,0.04796511627906977,0.04869186046511628
1035,HP1036,11,11,11,11,0.022540983606557378,0.022540983606557378,0.022540983606557378,0.022540983606557378
1036,HP1037,44,44,44,43,0.041121495327102804,0.041121495327102804,0.041121495327102804,0.04018691588785047
1037,HP1038,28,28,28,28,0.056,0.056,0.056,0.056
1038,HP1039,55,54,53,52,0.042768273716951785,0.04121306376360809,0.041990668740279936,0.04043545878693624
1039,HP1040,7,7,7,7,0.026022304832713755,0.026022304832713755,0.026022304832713755,0.026022304832713755
1040,HP1041,92,91,89,89,0.04185623293903549,0.04049135577797998,0.041401273885350316,0.04049135577797998
1041,HP1042,37,37,37,37,0.03547459252157239,0.03547459252157239,0.03547459252157239,0.03547459252157239
1042,HP1043,34,35,33,33,0.05089820359281437,0.04940119760479042,0.05239520958083832,0.04940119760479042
1043,HP1044,33,33,33,33,0.029756537421100092,0.029756537421100092,0.029756537421100092,0.029756537421100092
1044,HP1045,84,84,83,84,0.04231738035264484,0.04181360201511335,0.04231738035264484,0.04231738035264484
1045,HP1046,13,13,13,13,0.029748283752860413,0.029748283752860413,0.029748283752860413,0.029748283752860413
1046,HP1047,13,14,12,12,0.0391566265060241,0.03614457831325301,0.04216867469879518,0.03614457831325301
1047,HP1048,130,132,127,129,0.045920169551395267,0.04486047333097845,0.04662663369833981,0.045566937477922995
1048,HP1049,9,9,9,9,0.03383458646616541,0.03383458646616541,0.03383458646616541,0.03383458646616541
1049,HP1050,38,36,38,36,0.04328018223234624,0.04328018223234624,0.04100227790432802,0.04100227790432802
1050,HP1051,10,10,10,10,0.02386634844868735,0.02386634844868735,0.02386634844868735,0.02386634844868735
1051,HP1052,35,35,35,35,0.03959276018099547,0.03959276018099547,0.03959276018099547,0.03959276018099547
1052,HP1053,25,25,25,25,0.038461538461538464,0.038461538461538464,0.038461538461538464,0.038461538461538464
1053,HP1054,23,23,24,23,0.01818181818181818,0.018972332015810278,0.01818181818181818,0.01818181818181818
1054,HP1055,25,26,25,25,0.026567481402763018,0.026567481402763018,0.02763018065887354,0.026567481402763018
1055,HP1056,32,32,32,32,0.03760282021151586,0.03760282021151586,0.03760282021151586,0.03760282021151586
1056,HP1057,19,19,19,19,0.02642559109874826,0.02642559109874826,0.02642559109874826,0.02642559109874826
1057,HP1058,33,34,32,32,0.0407911001236094,0.03955500618046971,0.042027194066749075,0.03955500618046971
1058,HP1059,41,41,40,40,0.0407149950347567,0.039721946375372394,0.0407149950347567,0.039721946375372394
1059,HP1060,18,18,18,18,0.037578288100208766,0.037578288100208766,0.037578288100208766,0.037578288100208766
1060,HP1061,17,18,19,18,0.022427440633245383,0.025065963060686015,0.023746701846965697,0.023746701846965697
1061,HP1062,29,31,31,30,0.02804642166344294,0.029980657640232108,0.029980657640232108,0.029013539651837523
1062,HP1063,15,15,15,15,0.028142589118198873,0.028142589118198873,0.028142589118198873,0.028142589118198873
1063,HP1064,8,8,9,9,0.02877697841726619,0.03237410071942446,0.02877697841726619,0.03237410071942446
1064,HP1065,10,10,10,10,0.024752475247524754,0.024752475247524754,0.024752475247524754,0.024752475247524754
1065,HP1066,24,24,24,24,0.04006677796327212,0.04006677796327212,0.04006677796327212,0.04006677796327212
1066,HP1067,16,16,16,16,0.0431266846361186,0.0431266846361186,0.0431266846361186,0.0431266846361186
1067,HP1068,33,33,33,33,0.033066132264529056,0.033066132264529056,0.033066132264529056,0.033066132264529056
1068,HP1069,84,84,83,83,0.04432717678100264,0.043799472295514515,0.04432717678100264,0.043799472295514515
1069,HP1070,6,6,7,6,0.02390438247011952,0.027888446215139442,0.02390438247011952,0.02390438247011952
1070,HP1071,22,22,23,22,0.030985915492957747,0.0323943661971831,0.030985915492957747,0.030985915492957747
1071,HP1072,48,48,48,49,0.021486123545210387,0.021486123545210387,0.021486123545210387,0.021933751119068933
1072,HP1073,5,5,5,5,0.025380710659898477,0.025380710659898477,0.025380710659898477,0.025380710659898477
1073,HP1074,30,30,29,29,0.03821656050955414,0.03694267515923567,0.03821656050955414,0.03694267515923567
1074,HP1075,45,45,45,47,0.03427265803503427,0.03427265803503427,0.03427265803503427,0.0357958872810358
1075,HP1076,17,17,17,17,0.033203125,0.033203125,0.033203125,0.033203125
1076,HP1077,33,31,30,30,0.03326612903225806,0.03024193548387097,0.03125,0.03024193548387097
1077,HP1078,16,16,16,16,0.02342606149341142,0.02342606149341142,0.02342606149341142,0.02342606149341142
1078,HP1079,41,42,42,41,0.0369702434625789,0.03787195671776375,0.03787195671776375,0.0369702434625789
1079,HP1080,23,22,19,19,0.04063604240282685,0.03356890459363958,0.038869257950530034,0.03356890459363958
1080,HP1081,20,20,19,19,0.03225806451612903,0.03064516129032258,0.03225806451612903,0.03064516129032258
1081,HP1082,58,57,58,56,0.035108958837772396,0.035108958837772396,0.03450363196125908,0.03389830508474576
1082,HP1083,43,46,45,43,0.029944289693593314,0.031337047353760444,0.03203342618384401,0.029944289693593314
1083,HP1084,36,36,34,34,0.0391304347826087,0.03695652173913044,0.0391304347826087,0.03695652173913044
1084,HP1085,10,11,10,10,0.01953125,0.01953125,0.021484375,0.01953125
1085,HP1086,12,12,12,12,0.017045454545454544,0.017045454545454544,0.017045454545454544,0.017045454545454544
1086,HP1087,32,32,31,31,0.03814064362336114,0.03694874851013111,0.03814064362336114,0.03694874851013111
1087,HP1088,81,80,80,82,0.04214360041623309,0.04162330905306972,0.04162330905306972,0.04266389177939646
1088,HP1089,89,87,88,86,0.038148306900985855,0.03771967423917703,0.0372910415773682,0.036862408915559364
1089,HP1090,86,86,87,86,0.03342401865526622,0.03381267003497863,0.03342401865526622,0.03342401865526622
1090,HP1091,46,46,45,45,0.036021926389976505,0.03523884103367267,0.036021926389976505,0.03523884103367267
1091,HP1092,43,43,41,40,0.05334987593052109,0.05086848635235732,0.05334987593052109,0.04962779156327544
1092,HP1093,0,0,0,0,0.0,0.0,0.0,0.0
1093,HP1094,3,3,3,3,0.0084985835694051,0.0084985835694051,0.0084985835694051,0.0084985835694051
1094,HP1095,34,33,35,34,0.0265625,0.02734375,0.02578125,0.0265625
1095,HP1096,12,12,12,12,0.02823529411764706,0.02823529411764706,0.02823529411764706,0.02823529411764706
1096,HP1097,2,2,2,2,0.021739130434782608,0.021739130434782608,0.021739130434782608,0.021739130434782608
1097,HP1098,29,29,29,29,0.0333716915995397,0.0333716915995397,0.0333716915995397,0.0333716915995397
1098,HP1099,19,18,18,18,0.030497592295345103,0.028892455858747994,0.028892455858747994,0.028892455858747994
1099,HP1100,67,67,66,66,0.036752605595172794,0.036204059243006036,0.036752605595172794,0.036204059243006036
1100,HP1101,43,43,43,43,0.033751962323390894,0.033751962323390894,0.033751962323390894,0.033751962323390894
1101,HP1102,22,22,22,22,0.03235294117647059,0.03235294117647059,0.03235294117647059,0.03235294117647059
1102,HP1103,29,27,28,28,0.028798411122144985,0.027805362462760674,0.026812313803376366,0.027805362462760674
1103,HP1104,32,33,33,32,0.030680728667305847,0.031639501438159155,0.031639501438159155,0.030680728667305847
1104,HP1105,63,63,63,63,0.048761609907120744,0.048761609907120744,0.048761609907120744,0.048761609907120744
1105,HP1106,34,34,34,34,0.02607361963190184,0.02607361963190184,0.02607361963190184,0.02607361963190184
1106,HP1107,22,22,22,22,0.03193033381712627,0.03193033381712627,0.03193033381712627,0.03193033381712627
1107,HP1108,22,22,22,22,0.03949730700179533,0.03949730700179533,0.03949730700179533,0.03949730700179533
1108,HP1109,9,9,9,9,0.02313624678663239,0.02313624678663239,0.02313624678663239,0.02313624678663239
1109,HP1110,64,64,64,64,0.05245901639344262,0.05245901639344262,0.05245901639344262,0.05245901639344262
1110,HP1111,43,44,43,44,0.04569606801275239,0.04569606801275239,0.04675876726886291,0.04675876726886291
1111,HP1112,53,54,53,53,0.0401819560272934,0.0401819560272934,0.04094010614101592,0.0401819560272934
1112,HP1113,25,24,24,24,0.030120481927710843,0.02891566265060241,0.02891566265060241,0.02891566265060241
1113,HP1114,82,81,78,78,0.04156107450582869,0.039533705017739486,0.041054232133806386,0.039533705017739486
1114,HP1115,11,11,11,11,0.016105417276720352,0.016105417276720352,0.016105417276720352,0.016105417276720352
1115,HP1116,94,95,94,96,0.032752613240418116,0.032752613240418116,0.033101045296167246,0.033449477351916376
1116,HP1117,31,31,31,31,0.04041720990873533,0.04041720990873533,0.04041720990873533,0.04041720990873533
1117,HP1118,72,71,71,70,0.042352941176470586,0.04176470588235294,0.04176470588235294,0.041176470588235294
1118,HP1119,66,64,62,62,0.03632361034672537,0.0341221794166208,0.035222894881673086,0.0341221794166208
1119,HP1120,23,23,24,23,0.05336426914153132,0.05568445475638051,0.05336426914153132,0.05336426914153132
1120,HP1121,27,27,27,27,0.028877005347593583,0.028877005347593583,0.028877005347593583,0.028877005347593583
1121,HP1122,10,10,10,10,0.04405286343612335,0.04405286343612335,0.04405286343612335,0.04405286343612335
1122,HP1123,31,31,31,31,0.05595667870036101,0.05595667870036101,0.05595667870036101,0.05595667870036101
1123,HP1124,44,44,44,44,0.04435483870967742,0.04435483870967742,0.04435483870967742,0.04435483870967742
1124,HP1125,22,22,21,21,0.041044776119402986,0.03917910447761194,0.041044776119402986,0.03917910447761194
1125,HP1126,50,50,50,51,0.04,0.04,0.04,0.0408
1126,HP1127,22,22,22,22,0.03806228373702422,0.03806228373702422,0.03806228373702422,0.03806228373702422
1127,HP1128,8,8,8,8,0.03187250996015936,0.03187250996015936,0.03187250996015936,0.03187250996015936
1128,HP1129,11,11,11,11,0.02763819095477387,0.02763819095477387,0.02763819095477387,0.02763819095477387
1129,HP1130,10,10,10,10,0.0176678445229682,0.0176678445229682,0.0176678445229682,0.0176678445229682
1130,HP1131,17,17,17,17,0.04582210242587601,0.04582210242587601,0.04582210242587601,0.04582210242587601
1131,HP1132,60,60,57,57,0.04267425320056899,0.04054054054054054,0.04267425320056899,0.04054054054054054
1132,HP1133,40,40,40,40,0.04434589800443459,0.04434589800443459,0.04434589800443459,0.04434589800443459
1133,HP1134,64,64,64,65,0.042440318302387266,0.042440318302387266,0.042440318302387266,0.04310344827586207
1134,HP1135,20,20,20,20,0.03710575139146568,0.03710575139146568,0.03710575139146568,0.03710575139146568
1135,HP1136,20,20,20,20,0.0390625,0.0390625,0.0390625,0.0390625
1136,HP1137,16,16,16,16,0.037122969837587005,0.037122969837587005,0.037122969837587005,0.037122969837587005
1137,HP1138,43,44,43,44,0.04948216340621404,0.04948216340621404,0.05063291139240506,0.05063291139240506
1138,HP1139,42,42,42,41,0.05309734513274336,0.05309734513274336,0.05309734513274336,0.051833122629582805
1139,HP1140,20,20,20,20,0.031496062992125984,0.031496062992125984,0.031496062992125984,0.031496062992125984
1140,HP1141,33,33,33,32,0.03634361233480176,0.03634361233480176,0.03634361233480176,0.03524229074889868
1141,HP1142,78,78,75,75,0.03427065026362039,0.032952548330404216,0.03427065026362039,0.032952548330404216
1142,HP1143,45,44,43,43,0.03466872110939907,0.03312788906009245,0.03389830508474576,0.03312788906009245
1143,HP1144,6,6,6,6,0.023622047244094488,0.023622047244094488,0.023622047244094488,0.023622047244094488
1144,HP1145,18,18,17,17,0.05844155844155844,0.05519480519480519,0.05844155844155844,0.05519480519480519
1145,HP1146,31,31,31,31,0.06126482213438735,0.06126482213438735,0.06126482213438735,0.06126482213438735
1146,HP1147,16,16,16,16,0.0453257790368272,0.0453257790368272,0.0453257790368272,0.0453257790368272
1147,HP1148,17,17,17,18,0.02478134110787172,0.02478134110787172,0.02478134110787172,0.026239067055393587
1148,HP1149,14,14,15,14,0.025408348457350273,0.02722323049001815,0.025408348457350273,0.025408348457350273
1149,HP1150,17,18,17,17,0.04941860465116279,0.04941860465116279,0.05232558139534884,0.04941860465116279
1150,HP1151,9,9,9,9,0.039647577092511016,0.039647577092511016,0.039647577092511016,0.039647577092511016
1151,HP1152,35,35,34,34,0.026061057334326135,0.02531645569620253,0.026061057334326135,0.02531645569620253
1152,HP1153,82,80,82,80,0.03128576879053796,0.03128576879053796,0.030522701259061428,0.030522701259061428
1153,HP1154,22,22,22,22,0.054455445544554455,0.054455445544554455,0.054455445544554455,0.054455445544554455
1154,HP1155,25,25,26,26,0.023629489603024575,0.024574669187145556,0.023629489603024575,0.024574669187145556
1155,HP1156,65,64,65,64,0.03114518447532343,0.03114518447532343,0.030666027791087687,0.030666027791087687
1156,HP1157,94,94,94,94,0.02548116020601789,0.02548116020601789,0.02548116020601789,0.02548116020601789
1157,HP1158,28,28,29,29,0.03636363636363636,0.03766233766233766,0.03636363636363636,0.03766233766233766
1158,HP1159,15,15,15,15,0.02830188679245283,0.02830188679245283,0.02830188679245283,0.02830188679245283
1159,HP1160,16,15,16,16,0.03818615751789976,0.03818615751789976,0.03579952267303103,0.03818615751789976
1160,HP1161,13,13,13,13,0.026476578411405296,0.026476578411405296,0.026476578411405296,0.026476578411405296
1161,HP1162,14,14,15,15,0.022913256955810146,0.024549918166939442,0.022913256955810146,0.024549918166939442
1162,HP1163,5,4,4,4,0.026595744680851064,0.02127659574468085,0.02127659574468085,0.02127659574468085
1163,HP1164,34,34,34,34,0.035015447991761074,0.035015447991761074,0.035015447991761074,0.035015447991761074
1164,HP1165,38,38,35,35,0.032843560933448576,0.03025064822817632,0.032843560933448576,0.03025064822817632
1165,HP1166,35,36,34,33,0.021419828641370868,0.0208078335373317,0.022031823745410038,0.020195838433292534
1166,HP1167,66,66,65,66,0.046742209631728045,0.04603399433427762,0.046742209631728045,0.046742209631728045
1167,HP1168,80,80,80,80,0.038834951456310676,0.038834951456310676,0.038834951456310676,0.038834951456310676
1168,HP1169,16,15,15,15,0.024615384615384615,0.023076923076923078,0.023076923076923078,0.023076923076923078
1169,HP1170,20,19,19,20,0.029940119760479042,0.02844311377245509,0.02844311377245509,0.029940119760479042
1170,HP1171,29,31,29,30,0.039030955585464336,0.039030955585464336,0.04172274562584118,0.040376850605652756
1171,HP1172,21,21,20,20,0.02530120481927711,0.024096385542168676,0.02530120481927711,0.024096385542168676
1172,HP1173,16,15,16,16,0.029197080291970802,0.029197080291970802,0.02737226277372263,0.029197080291970802
1173,HP1174,45,45,43,43,0.036885245901639344,0.03524590163934426,0.036885245901639344,0.03524590163934426
1174,HP1175,39,40,41,41,0.0299079754601227,0.03144171779141104,0.03067484662576687,0.03144171779141104
1175,HP1176,2,2,2,2,0.019801980198019802,0.019801980198019802,0.019801980198019802,0.019801980198019802
1176,HP1177,71,69,69,71,0.03694068678459938,0.03590010405827263,0.03590010405827263,0.03694068678459938
1177,HP1178,28,28,28,28,0.04011461318051576,0.04011461318051576,0.04011461318051576,0.04011461318051576
1178,HP1179,57,57,56,54,0.04604200323101777,0.045234248788368334,0.04604200323101777,0.04361873990306947
1179,HP1180,58,59,56,55,0.04628890662410216,0.0446927374301676,0.047086991221069435,0.04389465283320032
1180,HP1181,54,55,55,54,0.04066265060240964,0.04141566265060241,0.04141566265060241,0.04066265060240964
1181,HP1182,33,33,33,33,0.04353562005277045,0.04353562005277045,0.04353562005277045,0.04353562005277045
1182,HP1183,49,50,48,47,0.042682926829268296,0.041811846689895474,0.04355400696864112,0.040940766550522645
1183,HP1184,41,41,41,41,0.029796511627906978,0.029796511627906978,0.029796511627906978,0.029796511627906978
1184,HP1185,37,37,37,37,0.031569965870307165,0.031569965870307165,0.031569965870307165,0.031569965870307165
1185,HP1186,14,14,15,15,0.023140495867768594,0.024793388429752067,0.023140495867768594,0.024793388429752067
1186,HP1187,27,27,27,27,0.02339688041594454,0.02339688041594454,0.02339688041594454,0.02339688041594454
1187,HP1188,25,28,25,25,0.031017369727047148,0.031017369727047148,0.034739454094292806,0.031017369727047148
1188,HP1189,36,36,36,35,0.03471552555448409,0.03471552555448409,0.03471552555448409,0.033751205400192864
1189,HP1190,51,51,51,51,0.038490566037735846,0.038490566037735846,0.038490566037735846,0.038490566037735846
1190,HP1191,38,37,37,37,0.036328871892925434,0.03537284894837476,0.03537284894837476,0.03537284894837476
1191,HP1192,5,5,5,5,0.017985611510791366,0.017985611510791366,0.017985611510791366,0.017985611510791366
1192,HP1193,55,55,55,55,0.055780933062880324,0.055780933062880324,0.055780933062880324,0.055780933062880324
1193,HP1194,1,1,1,1,0.012048192771084338,0.012048192771084338,0.012048192771084338,0.012048192771084338
1194,HP1195,106,105,103,103,0.05108433734939759,0.04963855421686747,0.05060240963855422,0.04963855421686747
1195,HP1196,18,18,18,18,0.03879310344827586,0.03879310344827586,0.03879310344827586,0.03879310344827586
1196,HP1197,10,9,10,10,0.024752475247524754,0.024752475247524754,0.022277227722772276,0.024752475247524754
1197,HP1198,394,392,381,379,0.045449302110970126,0.043949705848425426,0.045218594993655555,0.043718998731110854
1198,HP1199,19,20,19,19,0.05080213903743316,0.05080213903743316,0.053475935828877004,0.05080213903743316
1199,HP1200,16,16,16,16,0.032586558044806514,0.032586558044806514,0.032586558044806514,0.032586558044806514
1200,HP1201,33,33,33,33,0.047075606276747506,0.047075606276747506,0.047075606276747506,0.047075606276747506
1201,HP1202,24,24,24,24,0.05687203791469194,0.05687203791469194,0.05687203791469194,0.05687203791469194
1202,HP1203,18,18,18,18,0.03415559772296015,0.03415559772296015,0.03415559772296015,0.03415559772296015
1203,HP1204,7,7,7,7,0.04516129032258064,0.04516129032258064,0.04516129032258064,0.04516129032258064
1204,HP1205,53,53,53,52,0.04431438127090301,0.04431438127090301,0.04431438127090301,0.043478260869565216
1205,HP1206,53,52,52,52,0.030582804385458743,0.030005770340450086,0.030005770340450086,0.030005770340450086
1206,HP1207,25,25,24,24,0.03759398496240601,0.03609022556390978,0.03759398496240601,0.03609022556390978
1207,HP1208,32,32,32,32,0.032454361054766734,0.032454361054766734,0.032454361054766734,0.032454361054766734
1208,HP1209,10,10,10,10,0.019417475728155338,0.019417475728155338,0.019417475728155338,0.019417475728155338
1209,HP1210,31,30,32,29,0.060546875,0.0625,0.05859375,0.056640625
1210,HP1211,13,13,14,13,0.05371900826446281,0.05785123966942149,0.05371900826446281,0.05371900826446281
1211,HP1212,14,14,14,14,0.044585987261146494,0.044585987261146494,0.044585987261146494,0.044585987261146494
1212,HP1213,86,90,86,86,0.04168686379059622,0.04168686379059622,0.043625787687833255,0.04168686379059622
1213,HP1214,31,32,31,31,0.043115438108484005,0.043115438108484005,0.04450625869262865,0.043115438108484005
1214,HP1215,10,9,8,8,0.04184100418410042,0.03347280334728033,0.03765690376569038,0.03347280334728033
1215,HP1216,69,69,69,69,0.03486609398686205,0.03486609398686205,0.03486609398686205,0.03486609398686205
1216,HP1217,15,15,15,15,0.031512605042016806,0.031512605042016806,0.031512605042016806,0.031512605042016806
1217,HP1218,39,39,39,39,0.03068450039339103,0.03068450039339103,0.03068450039339103,0.03068450039339103
1218,HP1219,10,9,8,8,0.05319148936170213,0.0425531914893617,0.047872340425531915,0.0425531914893617
1219,HP1220,22,23,22,23,0.032210834553440704,0.032210834553440704,0.03367496339677892,0.03367496339677892
1220,HP1221,22,23,21,22,0.03138373751783167,0.029957203994293864,0.03281027104136947,0.03138373751783167
1221,HP1222,138,138,137,137,0.04854027435807246,0.0481885332395357,0.04854027435807246,0.0481885332395357
1222,HP1223,22,22,21,22,0.0668693009118541,0.06382978723404255,0.0668693009118541,0.0668693009118541
1223,HP1224,25,24,24,24,0.03692762186115214,0.03545051698670606,0.03545051698670606,0.03545051698670606
1224,HP1225,6,6,6,6,0.015424164524421594,0.015424164524421594,0.015424164524421594,0.015424164524421594
1225,HP1226,40,39,39,39,0.037914691943127965,0.03696682464454976,0.03696682464454976,0.03696682464454976
1226,HP1227,13,13,13,13,0.04529616724738676,0.04529616724738676,0.04529616724738676,0.04529616724738676
1227,HP1228,14,14,14,14,0.03017241379310345,0.03017241379310345,0.03017241379310345,0.03017241379310345
1228,HP1229,54,52,51,50,0.044481054365733116,0.042009884678747944,0.042833607907743,0.04118616144975288
1229,HP1230,37,35,36,36,0.0686456400742115,0.06679035250463822,0.06493506493506493,0.06679035250463822
1230,HP1231,27,27,27,27,0.04134762633996937,0.04134762633996937,0.04134762633996937,0.04134762633996937
1231,HP1232,43,42,42,43,0.03775241439859526,0.03687445127304653,0.03687445127304653,0.03775241439859526
1232,HP1233,11,11,11,11,0.024017467248908297,0.024017467248908297,0.024017467248908297,0.024017467248908297
1233,HP1234,42,42,42,42,0.04703247480403135,0.04703247480403135,0.04703247480403135,0.04703247480403135
1234,HP1235,34,35,34,34,0.027331189710610933,0.027331189710610933,0.028135048231511254,0.027331189710610933
1235,HP1236,31,33,29,29,0.05656934306569343,0.05291970802919708,0.060218978102189784,0.05291970802919708
1236,HP1237,32,31,31,31,0.028469750889679714,0.027580071174377226,0.027580071174377226,0.027580071174377226
1237,HP1238,53,51,52,52,0.052947052947052944,0.05194805194805195,0.05094905094905095,0.05194805194805195
1238,HP1239,7,7,7,7,0.08139534883720931,0.08139534883720931,0.08139534883720931,0.08139534883720931
1239,HP1240,21,21,21,21,0.03690685413005272,0.03690685413005272,0.03690685413005272,0.03690685413005272
1240,HP1241,116,120,114,115,0.04566929133858268,0.04488188976377953,0.047244094488188976,0.045275590551181105
1241,HP1242,14,14,14,14,0.06167400881057269,0.06167400881057269,0.06167400881057269,0.06167400881057269
1242,HP1243,85,85,85,83,0.03867151956323931,0.03867151956323931,0.03867151956323931,0.03776160145586897
1243,HP1244,9,9,8,8,0.03543307086614173,0.031496062992125984,0.03543307086614173,0.031496062992125984
1244,HP1245,21,21,18,20,0.03917910447761194,0.033582089552238806,0.03917910447761194,0.03731343283582089
1245,HP1246,25,25,25,25,0.058823529411764705,0.058823529411764705,0.058823529411764705,0.058823529411764705
1246,HP1247,24,26,27,24,0.023552502453385672,0.02649656526005888,0.02551521099116781,0.023552502453385672
1247,HP1248,59,61,59,58,0.030554117037804248,0.030554117037804248,0.03158984981874676,0.03003625064733299
1248,HP1249,16,17,15,14,0.02030456852791878,0.01903553299492386,0.021573604060913704,0.017766497461928935
1249,HP1250,14,14,14,14,0.02434782608695652,0.02434782608695652,0.02434782608695652,0.02434782608695652
1250,HP1251,28,28,28,29,0.026845637583892617,0.026845637583892617,0.026845637583892617,0.027804410354745925
1251,HP1252,65,64,63,63,0.0364963503649635,0.03537338573834924,0.035934868051656375,0.03537338573834924
1252,HP1253,42,42,42,42,0.04133858267716536,0.04133858267716536,0.04133858267716536,0.04133858267716536
1253,HP1254,45,45,45,44,0.06258692628650904,0.06258692628650904,0.06258692628650904,0.061196105702364396
1254,HP1255,14,14,14,14,0.023255813953488372,0.023255813953488372,0.023255813953488372,0.023255813953488372
1255,HP1256,23,23,24,23,0.04151624548736462,0.04332129963898917,0.04151624548736462,0.04151624548736462
1256,HP1257,27,27,27,27,0.044850498338870434,0.044850498338870434,0.044850498338870434,0.044850498338870434
1257,HP1258,17,17,16,15,0.0368763557483731,0.03470715835140998,0.0368763557483731,0.03253796095444685
1258,HP1259,24,24,24,24,0.03908794788273615,0.03908794788273615,0.03908794788273615,0.03908794788273615
1259,HP1260,17,17,17,17,0.04271356783919598,0.04271356783919598,0.04271356783919598,0.04271356783919598
1260,HP1261,19,19,19,19,0.03991596638655462,0.03991596638655462,0.03991596638655462,0.03991596638655462
1261,HP1262,31,30,31,32,0.03889585947302384,0.03889585947302384,0.037641154328732745,0.04015056461731493
1262,HP1263,57,57,55,55,0.0464926590538336,0.044861337683523655,0.0464926590538336,0.044861337683523655
1263,HP1264,10,10,10,10,0.04405286343612335,0.04405286343612335,0.04405286343612335,0.04405286343612335
1264,HP1265,27,28,27,27,0.027466937945066123,0.027466937945066123,0.028484231943031537,0.027466937945066123
1265,HP1266,119,120,117,117,0.047016989332279734,0.04622678783089688,0.047412090082971155,0.04622678783089688
1266,HP1267,48,49,48,48,0.0486815415821501,0.0486815415821501,0.04969574036511156,0.0486815415821501
1267,HP1268,34,34,34,34,0.051593323216995446,0.051593323216995446,0.051593323216995446,0.051593323216995446
1268,HP1269,21,21,21,21,0.03853211009174312,0.03853211009174312,0.03853211009174312,0.03853211009174312
1269,HP1270,14,14,14,14,0.046822742474916385,0.046822742474916385,0.046822742474916385,0.046822742474916385
1270,HP1271,101,102,100,99,0.055040871934604906,0.05449591280653951,0.0555858310626703,0.05395095367847411
1271,HP1272,96,96,94,94,0.06254071661237785,0.06123778501628664,0.06254071661237785,0.06123778501628664
1272,HP1273,51,50,50,50,0.03471749489448604,0.03403675970047652,0.03403675970047652,0.03403675970047652
1273,HP1274,85,86,83,83,0.03538717735220649,0.03455453788509576,0.035803497085761866,0.03455453788509576
1274,HP1275,60,59,57,57,0.0436046511627907,0.04142441860465116,0.042877906976744186,0.04142441860465116
1275,HP1276,9,9,9,9,0.03202846975088968,0.03202846975088968,0.03202846975088968,0.03202846975088968
1276,HP1277,32,32,31,30,0.04076433121019108,0.03949044585987261,0.04076433121019108,0.03821656050955414
1277,HP1278,39,38,39,39,0.03310696095076401,0.03310696095076401,0.03225806451612903,0.03310696095076401
1278,HP1279,38,38,38,38,0.028044280442804426,0.028044280442804426,0.028044280442804426,0.028044280442804426
1279,HP1280,36,36,36,35,0.035856573705179286,0.035856573705179286,0.035856573705179286,0.0348605577689243
1280,HP1281,28,28,27,27,0.04819277108433735,0.04647160068846816,0.04819277108433735,0.04647160068846816
1281,HP1282,41,41,41,42,0.027351567711807873,0.027351567711807873,0.027351567711807873,0.028018679119412943
1282,HP1283,54,53,53,53,0.037138927097661624,0.03645116918844567,0.03645116918844567,0.03645116918844567
1283,HP1284,39,40,39,39,0.037608486017357765,0.037608486017357765,0.03857280617164899,0.037608486017357765
1284,HP1285,22,22,22,22,0.03193033381712627,0.03193033381712627,0.03193033381712627,0.03193033381712627
1285,HP1286,18,18,19,18,0.03302752293577982,0.03486238532110092,0.03302752293577982,0.03302752293577982
1286,HP1287,26,27,26,25,0.04,0.04,0.04153846153846154,0.038461538461538464
1287,HP1288,13,13,13,13,0.03291139240506329,0.03291139240506329,0.03291139240506329,0.03291139240506329
1288,HP1289,15,15,15,15,0.03112033195020747,0.03112033195020747,0.03112033195020747,0.03112033195020747
1289,HP1290,20,20,20,20,0.030349013657056147,0.030349013657056147,0.030349013657056147,0.030349013657056147
1290,HP1291,22,23,22,22,0.03600654664484452,0.03600654664484452,0.03764320785597381,0.03600654664484452
1291,HP1292,13,14,13,12,0.037463976945244955,0.037463976945244955,0.040345821325648415,0.0345821325648415
1292,HP1293,42,42,42,42,0.040737148399612025,0.040737148399612025,0.040737148399612025,0.040737148399612025
1293,HP1294,30,30,30,30,0.048154093097913325,0.048154093097913325,0.048154093097913325,0.048154093097913325
1294,HP1295,12,12,13,12,0.030612244897959183,0.03316326530612245,0.030612244897959183,0.030612244897959183
1295,HP1296,18,18,18,18,0.05013927576601671,0.05013927576601671,0.05013927576601671,0.05013927576601671
1296,HP1297,6,6,6,6,0.05454545454545454,0.05454545454545454,0.05454545454545454,0.05454545454545454
1297,HP1298,7,7,7,7,0.03255813953488372,0.03255813953488372,0.03255813953488372,0.03255813953488372
1298,HP1299,42,42,42,42,0.055408970976253295,0.055408970976253295,0.055408970976253295,0.055408970976253295
1299,HP1300,55,54,54,53,0.043685464654487687,0.04289118347895155,0.04289118347895155,0.04209690230341541
1300,HP1301,16,16,16,16,0.039603960396039604,0.039603960396039604,0.039603960396039604,0.039603960396039604
1301,HP1302,12,11,12,11,0.026200873362445413,0.026200873362445413,0.024017467248908297,0.024017467248908297
1302,HP1303,20,20,20,20,0.056179775280898875,0.056179775280898875,0.056179775280898875,0.056179775280898875
1303,HP1304,13,13,13,13,0.024390243902439025,0.024390243902439025,0.024390243902439025,0.024390243902439025
1304,HP1305,11,11,11,11,0.02806122448979592,0.02806122448979592,0.02806122448979592,0.02806122448979592
1305,HP1306,9,9,9,9,0.04945054945054945,0.04945054945054945,0.04945054945054945,0.04945054945054945
1306,HP1307,26,26,26,26,0.04797047970479705,0.04797047970479705,0.04797047970479705,0.04797047970479705
1307,HP1308,8,8,8,8,0.03669724770642202,0.03669724770642202,0.03669724770642202,0.03669724770642202
1308,HP1309,17,16,16,17,0.04657534246575343,0.043835616438356165,0.043835616438356165,0.04657534246575343
1309,HP1310,9,10,9,9,0.03501945525291829,0.03501945525291829,0.038910505836575876,0.03501945525291829
1310,HP1311,8,8,8,8,0.04060913705583756,0.04060913705583756,0.04060913705583756,0.04060913705583756
1311,HP1312,14,14,14,14,0.03317535545023697,0.03317535545023697,0.03317535545023697,0.03317535545023697
1312,HP1313,33,33,32,32,0.047075606276747506,0.0456490727532097,0.047075606276747506,0.0456490727532097
1313,HP1314,22,22,21,21,0.06027397260273973,0.057534246575342465,0.06027397260273973,0.057534246575342465
1314,HP1315,10,10,10,10,0.03597122302158273,0.03597122302158273,0.03597122302158273,0.03597122302158273
1315,HP1316,29,29,29,29,0.03506650544135429,0.03506650544135429,0.03506650544135429,0.03506650544135429
1316,HP1317,4,4,4,4,0.014388489208633094,0.014388489208633094,0.014388489208633094,0.014388489208633094
1317,HP1318,28,27,27,27,0.043478260869565216,0.04192546583850932,0.04192546583850932,0.04192546583850932
1318,HP1319,15,15,16,15,0.026223776223776224,0.027972027972027972,0.026223776223776224,0.026223776223776224
1319,HP1320,10,10,10,10,0.03215434083601286,0.03215434083601286,0.03215434083601286,0.03215434083601286
1320,HP1321,36,36,36,37,0.03185840707964602,0.03185840707964602,0.03185840707964602,0.03274336283185841
1321,HP1322,25,23,23,22,0.04152823920265781,0.03820598006644518,0.03820598006644518,0.036544850498338874
1322,HP1323,11,11,11,11,0.01757188498402556,0.01757188498402556,0.01757188498402556,0.01757188498402556
1323,HP1324,22,22,22,22,0.08870967741935484,0.08870967741935484,0.08870967741935484,0.08870967741935484
1324,HP1325,52,51,50,51,0.037463976945244955,0.03602305475504323,0.03674351585014409,0.03674351585014409
1325,HP1326,11,11,11,11,0.029411764705882353,0.029411764705882353,0.029411764705882353,0.029411764705882353
1326,HP1327,27,27,27,27,0.02186234817813765,0.02186234817813765,0.02186234817813765,0.02186234817813765
1327,HP1328,24,26,27,26,0.023692003948667325,0.02665350444225074,0.02566633761105627,0.02566633761105627
1328,HP1329,117,118,115,115,0.03769329896907216,0.03704896907216495,0.03801546391752577,0.03704896907216495
1329,HP1330,14,14,14,14,0.040697674418604654,0.040697674418604654,0.040697674418604654,0.040697674418604654
1330,HP1331,18,19,18,19,0.02635431918008785,0.02635431918008785,0.027818448023426062,0.027818448023426062
1331,HP1332,38,38,38,38,0.034358047016274866,0.034358047016274866,0.034358047016274866,0.034358047016274866
1332,HP1333,43,44,43,43,0.03755458515283843,0.03755458515283843,0.03842794759825328,0.03755458515283843
1333,HP1334,20,21,21,21,0.029806259314456036,0.03129657228017884,0.03129657228017884,0.03129657228017884
1334,HP1335,43,42,41,41,0.03985171455050973,0.037998146431881374,0.03892493049119555,0.037998146431881374
1335,HP1336,39,40,39,37,0.051451187335092345,0.051451187335092345,0.052770448548812667,0.048812664907651716
1336,HP1337,18,18,18,18,0.0345489443378119,0.0345489443378119,0.0345489443378119,0.0345489443378119
1337,HP1338,33,33,32,32,0.0744920993227991,0.07223476297968397,0.0744920993227991,0.07223476297968397
1338,HP1339,21,21,21,21,0.04225352112676056,0.04225352112676056,0.04225352112676056,0.04225352112676056
1339,HP1340,12,12,12,12,0.031088082901554404,0.031088082901554404,0.031088082901554404,0.031088082901554404
1340,HP1341,46,45,45,45,0.053864168618266976,0.05269320843091335,0.05269320843091335,0.05269320843091335
1341,HP1342,77,76,74,74,0.037162162162162164,0.03571428571428571,0.03667953667953668,0.03571428571428571
1342,HP1343,33,33,32,32,0.04551724137931035,0.044137931034482755,0.04551724137931035,0.044137931034482755
1343,HP1344,43,42,42,44,0.04512067156348373,0.04407135362014691,0.04407135362014691,0.046169989506820566
1344,HP1345,48,48,49,48,0.03983402489626556,0.04066390041493776,0.03983402489626556,0.03983402489626556
1345,HP1346,39,38,37,37,0.03943377148634985,0.03741152679474216,0.03842264914054601,0.03741152679474216
1346,HP1347,18,18,18,18,0.025787965616045846,0.025787965616045846,0.025787965616045846,0.025787965616045846
1347,HP1348,26,25,25,25,0.03616133518776078,0.03477051460361613,0.03477051460361613,0.03477051460361613
1348,HP1349,34,33,33,33,0.029310344827586206,0.028448275862068967,0.028448275862068967,0.028448275862068967
1349,HP1350,65,64,64,64,0.047238372093023256,0.046511627906976744,0.046511627906976744,0.046511627906976744
1350,HP1351,17,17,17,17,0.019562715765247412,0.019562715765247412,0.019562715765247412,0.019562715765247412
1351,HP1352,25,24,24,24,0.023234200743494422,0.022304832713754646,0.022304832713754646,0.022304832713754646
1352,HP1353,24,25,25,24,0.025423728813559324,0.026483050847457626,0.026483050847457626,0.025423728813559324
1353,HP1354,80,82,81,80,0.03194888178913738,0.032348242811501594,0.03274760383386582,0.03194888178913738
1354,HP1355,32,32,32,32,0.039119804400977995,0.039119804400977995,0.039119804400977995,0.039119804400977995
1355,HP1356,27,27,26,25,0.026812313803376366,0.025819265143992055,0.026812313803376366,0.024826216484607744
1356,HP1357,18,18,18,18,0.0225,0.0225,0.0225,0.0225
1357,HP1358,17,17,17,17,0.033797216699801194,0.033797216699801194,0.033797216699801194,0.033797216699801194
1358,HP1359,22,22,22,22,0.040145985401459854,0.040145985401459854,0.040145985401459854,0.040145985401459854
1359,HP1360,28,28,28,28,0.03178206583427923,0.03178206583427923,0.03178206583427923,0.03178206583427923
1360,HP1361,45,48,45,44,0.036,0.036,0.0384,0.0352
1361,HP1362,77,77,78,77,0.05263157894736842,0.05331510594668489,0.05263157894736842,0.05263157894736842
1362,HP1363,58,59,56,56,0.04151753758052971,0.04008589835361489,0.04223335719398712,0.04008589835361489
1363,HP1364,46,46,45,46,0.03865546218487395,0.037815126050420166,0.03865546218487395,0.03865546218487395
1364,HP1365,13,13,13,14,0.02037617554858934,0.02037617554858934,0.02037617554858934,0.0219435736677116
1365,HP1366,36,35,35,35,0.028391167192429023,0.027602523659305992,0.027602523659305992,0.027602523659305992
1366,HP1367,38,38,38,37,0.04878048780487805,0.04878048780487805,0.04878048780487805,0.04749679075738126
1367,HP1368,35,35,33,33,0.040697674418604654,0.03837209302325582,0.040697674418604654,0.03837209302325582
1368,HP1369,43,43,43,43,0.030260380014074596,0.030260380014074596,0.030260380014074596,0.030260380014074596
1369,HP1370,20,20,20,20,0.023174971031286212,0.023174971031286212,0.023174971031286212,0.023174971031286212
1370,HP1371,94,93,91,92,0.03238029624526352,0.031346882535308304,0.03203582500861178,0.03169135377196004
1371,HP1372,19,19,17,17,0.02557200538358008,0.02288021534320323,0.02557200538358008,0.02288021534320323
1372,HP1373,63,62,63,63,0.06057692307692308,0.06057692307692308,0.05961538461538462,0.06057692307692308
1373,HP1374,51,51,51,51,0.0381451009723261,0.0381451009723261,0.0381451009723261,0.0381451009723261
1374,HP1375,42,41,41,41,0.0519159456118665,0.05067985166872682,0.05067985166872682,0.05067985166872682
1375,HP1376,23,23,23,23,0.04831932773109244,0.04831932773109244,0.04831932773109244,0.04831932773109244
1376,HP1377,15,15,15,15,0.034324942791762014,0.034324942791762014,0.034324942791762014,0.034324942791762014
1377,HP1378,19,19,19,19,0.028831562974203338,0.028831562974203338,0.028831562974203338,0.028831562974203338
1378,HP1379,116,116,116,115,0.0463258785942492,0.0463258785942492,0.0463258785942492,0.045926517571884984
1379,HP1380,23,23,23,23,0.028967254408060455,0.028967254408060455,0.028967254408060455,0.028967254408060455
1380,HP1381,5,5,5,5,0.021739130434782608,0.021739130434782608,0.021739130434782608,0.021739130434782608
1381,HP1382,10,10,10,10,0.02570694087403599,0.02570694087403599,0.02570694087403599,0.02570694087403599
1382,HP1383,10,11,10,11,0.020876826722338204,0.020876826722338204,0.022964509394572025,0.022964509394572025
1383,HP1384,11,11,11,11,0.054187192118226604,0.054187192118226604,0.054187192118226604,0.054187192118226604
1384,HP1385,30,31,30,30,0.03452243958573072,0.03452243958573072,0.03567318757192175,0.03452243958573072
1385,HP1386,24,24,23,23,0.036923076923076927,0.03538461538461538,0.036923076923076927,0.03538461538461538
1386,HP1387,25,23,22,22,0.023832221163012392,0.020972354623450904,0.0219256434699714,0.020972354623450904
1387,HP1388,11,11,11,11,0.02466367713004484,0.02466367713004484,0.02466367713004484,0.02466367713004484
1388,HP1389,5,5,5,5,0.027932960893854747,0.027932960893854747,0.027932960893854747,0.027932960893854747
1389,HP1390,15,15,15,15,0.030181086519114688,0.030181086519114688,0.030181086519114688,0.030181086519114688
1390,HP1391,14,14,14,14,0.04778156996587031,0.04778156996587031,0.04778156996587031,0.04778156996587031
1391,HP1392,38,38,38,38,0.029141104294478526,0.029141104294478526,0.029141104294478526,0.029141104294478526
1392,HP1393,57,58,58,59,0.036282622533418206,0.036919159770846595,0.036919159770846595,0.037555697008274984
1393,HP1394,33,33,33,33,0.038777908343125736,0.038777908343125736,0.038777908343125736,0.038777908343125736
1394,HP1395,31,31,31,31,0.04275862068965517,0.04275862068965517,0.04275862068965517,0.04275862068965517
1395,HP1396,35,37,35,35,0.04055619930475087,0.04055619930475087,0.04287369640787949,0.04055619930475087
1396,HP1397,28,27,26,26,0.034482758620689655,0.03201970443349754,0.0332512315270936,0.03201970443349754
1397,HP1398,35,35,35,35,0.030728709394205442,0.030728709394205442,0.030728709394205442,0.030728709394205442
1398,HP1399,54,54,53,53,0.05595854922279793,0.054922279792746116,0.05595854922279793,0.054922279792746116
1399,HP1400,113,116,111,111,0.04475247524752475,0.04396039603960396,0.04594059405940594,0.04396039603960396
1400,HP1401,20,20,20,20,0.028409090909090908,0.028409090909090908,0.028409090909090908,0.028409090909090908
1401,HP1402,115,116,116,115,0.038616521155137674,0.03895231699126931,0.03895231699126931,0.038616521155137674
1402,HP1403,86,88,84,84,0.03510204081632653,0.03428571428571429,0.035918367346938776,0.03428571428571429
1403,HP1404,8,8,8,8,0.027874564459930314,0.027874564459930314,0.027874564459930314,0.027874564459930314
1404,HP1405,0,0,0,0,0.0,0.0,0.0,0.0
1405,HP1406,34,34,33,34,0.040236686390532544,0.03905325443786982,0.040236686390532544,0.040236686390532544
1406,HP1407,33,33,33,32,0.037714285714285714,0.037714285714285714,0.037714285714285714,0.036571428571428574
1407,HP1408,6,6,6,7,0.018072289156626505,0.018072289156626505,0.018072289156626505,0.02108433734939759
1408,HP1409,72,70,70,71,0.0415464512406232,0.040392383150605886,0.040392383150605886,0.04096941719561454
1409,HP1410,31,30,30,31,0.026248941574936496,0.02540220152413209,0.02540220152413209,0.026248941574936496
1410,HP1411,58,58,55,56,0.03125,0.029633620689655173,0.03125,0.03017241379310345
1411,HP1412,17,17,16,16,0.018418201516793065,0.01733477789815818,0.018418201516793065,0.01733477789815818
1412,HP1413,15,16,15,14,0.033860045146726865,0.033860045146726865,0.03611738148984198,0.03160270880361174
1413,HP1414,20,20,20,20,0.05917159763313609,0.05917159763313609,0.05917159763313609,0.05917159763313609
1414,HP1415,43,43,43,44,0.053952321204516936,0.053952321204516936,0.053952321204516936,0.05520702634880803
1415,HP1416,32,32,32,32,0.02909090909090909,0.02909090909090909,0.02909090909090909,0.02909090909090909
1416,HP1417,58,60,58,58,0.03481392557022809,0.03481392557022809,0.03601440576230492,0.03481392557022809
1417,HP1418,40,40,40,40,0.05154639175257732,0.05154639175257732,0.05154639175257732,0.05154639175257732
1418,HP1419,4,4,4,4,0.015209125475285171,0.015209125475285171,0.015209125475285171,0.015209125475285171
1419,HP1420,61,62,62,62,0.04688700999231361,0.04765564950038432,0.04765564950038432,0.04765564950038432
1420,HP1421,39,38,38,39,0.042810098792535674,0.04171240395170143,0.04171240395170143,0.042810098792535674
1421,HP1422,107,108,108,107,0.03878216745197535,0.039144617615077926,0.039144617615077926,0.03878216745197535
1422,HP1423,2,2,2,2,0.00796812749003984,0.00796812749003984,0.00796812749003984,0.00796812749003984
1423,HP1424,18,18,18,18,0.029173419773095625,0.029173419773095625,0.029173419773095625,0.029173419773095625
1424,HP1425,7,7,7,7,0.03125,0.03125,0.03125,0.03125
1425,HP1426,14,14,15,15,0.025974025974025976,0.027829313543599257,0.025974025974025976,0.027829313543599257
1426,HP1427,12,13,12,13,0.0670391061452514,0.0670391061452514,0.07262569832402235,0.07262569832402235
1427,HP1428,37,36,35,34,0.03457943925233645,0.03271028037383177,0.03364485981308411,0.03177570093457944
1428,HP1429,32,32,32,32,0.032454361054766734,0.032454361054766734,0.032454361054766734,0.032454361054766734
1429,HP1430,101,101,100,99,0.04888673765730881,0.0484027105517909,0.04888673765730881,0.047918683446272994
1430,HP1431,29,30,29,31,0.03571428571428571,0.03571428571428571,0.03694581280788178,0.038177339901477834
1431,HP1432,10,10,10,10,0.046511627906976744,0.046511627906976744,0.046511627906976744,0.046511627906976744
1432,HP1433,69,70,68,68,0.026879626022594468,0.026490066225165563,0.027269185820023373,0.026490066225165563
1433,HP1434,26,26,26,26,0.029612756264236904,0.029612756264236904,0.029612756264236904,0.029612756264236904
1434,HP1435,24,22,22,22,0.027428571428571427,0.025142857142857144,0.025142857142857144,0.025142857142857144
1435,HP1436,12,12,12,12,0.04897959183673469,0.04897959183673469,0.04897959183673469,0.04897959183673469
1436,HP1437,26,27,26,25,0.036312849162011177,0.036312849162011177,0.03770949720670391,0.034916201117318434
1437,HP1438,40,41,38,38,0.039486673247778874,0.03751233958538993,0.040473840078973346,0.03751233958538993
1438,HP1439,9,9,10,9,0.0371900826446281,0.04132231404958678,0.0371900826446281,0.0371900826446281
1439,HP1440,31,32,32,33,0.03994845360824742,0.041237113402061855,0.041237113402061855,0.04252577319587629
1440,HP1441,23,24,23,24,0.0471311475409836,0.0471311475409836,0.04918032786885246,0.04918032786885246
1441,HP1442,6,6,7,7,0.02643171806167401,0.030837004405286344,0.02643171806167401,0.030837004405286344
1442,HP1443,25,25,25,25,0.031133250311332503,0.031133250311332503,0.031133250311332503,0.031133250311332503
1443,HP1444,8,8,8,8,0.017582417582417582,0.017582417582417582,0.017582417582417582,0.017582417582417582
1444,HP1445,22,22,22,22,0.04899777282850779,0.04899777282850779,0.04899777282850779,0.04899777282850779
1445,HP1446,13,13,13,13,0.032663316582914576,0.032663316582914576,0.032663316582914576,0.032663316582914576
1446,HP1447,4,4,4,4,0.030534351145038167,0.030534351145038167,0.030534351145038167,0.030534351145038167
1447,HP1448,11,11,11,11,0.022821576763485476,0.022821576763485476,0.022821576763485476,0.022821576763485476
1448,HP1449,12,12,12,12,0.03428571428571429,0.03428571428571429,0.03428571428571429,0.03428571428571429
1449,HP1450,59,60,59,59,0.03597560975609756,0.03597560975609756,0.036585365853658534,0.03597560975609756
1450,HP1451,35,35,35,35,0.04424778761061947,0.04424778761061947,0.04424778761061947,0.04424778761061947
1451,HP1452,34,35,34,34,0.024602026049204053,0.024602026049204053,0.02532561505065123,0.024602026049204053
1452,HP1453,77,78,77,77,0.03442109968708091,0.03442109968708091,0.0348681269557443,0.03442109968708091
1453,HP1454,22,24,22,22,0.024229074889867842,0.024229074889867842,0.02643171806167401,0.024229074889867842
1454,HP1455,14,14,14,14,0.03598971722365039,0.03598971722365039,0.03598971722365039,0.03598971722365039
1455,HP1456,19,20,18,18,0.03625954198473282,0.03435114503816794,0.03816793893129771,0.03435114503816794
1456,HP1457,30,30,30,30,0.04769475357710652,0.04769475357710652,0.04769475357710652,0.04769475357710652
1457,HP1458,18,18,17,17,0.05787781350482315,0.05466237942122187,0.05787781350482315,0.05466237942122187
1458,HP1459,31,32,33,31,0.03949044585987261,0.04203821656050955,0.04076433121019108,0.03949044585987261
1459,HP1460,195,194,193,193,0.05368942731277533,0.053138766519823785,0.05341409691629956,0.053138766519823785
1460,HP1461,37,38,36,38,0.03527168732125834,0.034318398474737846,0.03622497616777884,0.03622497616777884
1461,HP1462,20,19,18,18,0.038834951456310676,0.03495145631067961,0.036893203883495145,0.03495145631067961
1462,HP1463,39,39,39,39,0.057863501483679525,0.057863501483679525,0.057863501483679525,0.057863501483679525
1463,HP1464,44,44,45,44,0.054187192118226604,0.05541871921182266,0.054187192118226604,0.054187192118226604
1464,HP1465,39,39,39,39,0.049872122762148335,0.049872122762148335,0.049872122762148335,0.049872122762148335
1465,HP1466,42,41,42,42,0.03716814159292035,0.03716814159292035,0.036283185840707964,0.03716814159292035
1466,HP1467,20,20,21,20,0.028901734104046242,0.030346820809248554,0.028901734104046242,0.028901734104046242
1467,HP1468,45,46,43,45,0.04416094210009813,0.042198233562315994,0.045142296368989206,0.04416094210009813
1468,HP1469,26,25,25,26,0.034993270524899055,0.033647375504710635,0.033647375504710635,0.034993270524899055
1469,HP1470,92,93,90,91,0.034392523364485984,0.03364485981308411,0.034766355140186916,0.034018691588785045
1470,HP1471,33,34,34,31,0.02773109243697479,0.02857142857142857,0.02857142857142857,0.026050420168067228
1471,HP1472,64,65,65,64,0.03143418467583497,0.03192534381139489,0.03192534381139489,0.03143418467583497
1472,HP1473,15,13,14,13,0.026223776223776224,0.024475524475524476,0.022727272727272728,0.022727272727272728
1473,HP1474,11,11,9,9,0.019230769230769232,0.015734265734265736,0.019230769230769232,0.015734265734265736
1474,HP1475,16,16,15,15,0.03404255319148936,0.031914893617021274,0.03404255319148936,0.031914893617021274
1475,HP1476,20,20,21,20,0.03571428571428571,0.0375,0.03571428571428571,0.03571428571428571
1476,HP1477,22,23,25,23,0.033690658499234305,0.03828483920367534,0.03522205206738132,0.03522205206738132
1477,HP1478,75,73,75,75,0.03667481662591687,0.03667481662591687,0.03569682151589242,0.03667481662591687
1478,HP1479,78,80,79,78,0.03081785855393125,0.03121295930462268,0.03160806005531411,0.03081785855393125
1479,HP1480,29,30,30,29,0.023311897106109324,0.024115755627009645,0.024115755627009645,0.023311897106109324
1480,HP1481,48,48,45,46,0.060453400503778336,0.05667506297229219,0.060453400503778336,0.05793450881612091
1481,HP1482,14,14,14,14,0.054474708171206226,0.054474708171206226,0.054474708171206226,0.054474708171206226
1482,HP1483,34,33,33,33,0.04613297150610583,0.04477611940298507,0.04477611940298507,0.04477611940298507
1483,HP1484,18,18,19,18,0.040632054176072234,0.04288939051918736,0.040632054176072234,0.040632054176072234
1484,HP1485,11,11,11,11,0.019332161687170474,0.019332161687170474,0.019332161687170474,0.019332161687170474
1485,HP1486,50,50,51,49,0.044365572315882874,0.04525288376220053,0.044365572315882874,0.043478260869565216
1486,HP1487,39,38,39,39,0.0356489945155393,0.0356489945155393,0.03473491773308958,0.0356489945155393
1487,HP1488,17,17,17,17,0.017241379310344827,0.017241379310344827,0.017241379310344827,0.017241379310344827
1488,HP1489,67,67,67,67,0.04381948986265533,0.04381948986265533,0.04381948986265533,0.04381948986265533
1489,HP1490,81,81,79,79,0.060178306092124816,0.058692421991084695,0.060178306092124816,0.058692421991084695
1490,HP1491,57,58,57,56,0.03566958698372966,0.03566958698372966,0.03629536921151439,0.03504380475594493
1491,HP1492,9,9,9,9,0.03383458646616541,0.03383458646616541,0.03383458646616541,0.03383458646616541
1492,HP1493,28,28,28,28,0.046052631578947366,0.046052631578947366,0.046052631578947366,0.046052631578947366
1493,HP1494,37,37,36,36,0.027611940298507463,0.026865671641791045,0.027611940298507463,0.026865671641791045
1494,HP1495,16,16,16,16,0.01689545934530095,0.01689545934530095,0.01689545934530095,0.01689545934530095
1495,HP1496,21,21,21,21,0.039399624765478425,0.039399624765478425,0.039399624765478425,0.039399624765478425
1496,HP1497,26,26,26,26,0.0466786355475763,0.0466786355475763,0.0466786355475763,0.0466786355475763
1497,HP1498,31,30,29,29,0.02913533834586466,0.02725563909774436,0.02819548872180451,0.02725563909774436
1498,HP1499,23,22,20,21,0.02822085889570552,0.024539877300613498,0.026993865030674847,0.025766871165644172
1499,HP1500,2,2,2,2,0.029411764705882353,0.029411764705882353,0.029411764705882353,0.029411764705882353
1500,HP1501,29,31,29,29,0.024935511607910577,0.024935511607910577,0.026655202063628546,0.024935511607910577
1501,HP1502,22,22,21,22,0.05069124423963134,0.04838709677419355,0.05069124423963134,0.05069124423963134
1502,HP1503,72,73,72,73,0.03046974185357596,0.03046974185357596,0.030892932712653406,0.030892932712653406
1503,HP1504,17,18,17,16,0.023842917251051893,0.023842917251051893,0.025245441795231416,0.02244039270687237
1504,HP1505,37,37,37,37,0.03588748787584869,0.03588748787584869,0.03588748787584869,0.03588748787584869
1505,HP1506,40,40,39,39,0.032706459525756335,0.03188879803761243,0.032706459525756335,0.03188879803761243
1506,HP1507,64,65,63,63,0.05545927209705372,0.05459272097053726,0.05632582322357019,0.05459272097053726
1507,HP1508,54,54,55,55,0.03932993445010925,0.04005826656955572,0.03932993445010925,0.04005826656955572
1508,HP1509,29,29,28,28,0.03694267515923567,0.035668789808917196,0.03694267515923567,0.035668789808917196
1509,HP1510,12,12,12,12,0.03428571428571429,0.03428571428571429,0.03428571428571429,0.03428571428571429
1510,HP1511,14,14,14,14,0.043343653250773995,0.043343653250773995,0.043343653250773995,0.043343653250773995
1511,HP1512,114,113,114,113,0.04334600760456274,0.04334600760456274,0.042965779467680605,0.042965779467680605
1512,HP1513,42,42,43,42,0.036300777873811585,0.037165082108902334,0.036300777873811585,0.036300777873811585
1513,HP1514,46,47,44,44,0.03885135135135135,0.037162162162162164,0.03969594594594594,0.037162162162162164
1514,HP1515,0,0,0,0,0.0,0.0,0.0,0.0
1515,HP1516,13,13,13,14,0.024253731343283583,0.024253731343283583,0.024253731343283583,0.026119402985074626
1516,HP1517,94,93,90,89,0.024504692387904068,0.02346193952033368,0.024244004171011472,0.023201251303441084
1517,HP1518,6,6,5,6,0.02112676056338028,0.017605633802816902,0.02112676056338028,0.02112676056338028
1518,HP1519,35,35,35,35,0.04672897196261682,0.04672897196261682,0.04672897196261682,0.04672897196261682
1519,HP1520,33,33,33,33,0.02560124127230411,0.02560124127230411,0.02560124127230411,0.02560124127230411
1520,HP1521,107,108,107,107,0.03689655172413793,0.03689655172413793,0.037241379310344824,0.03689655172413793
1521,HP1522,47,46,48,48,0.02431453698913606,0.024831867563372995,0.02379720641489912,0.024831867563372995
1522,HP1523,46,46,45,46,0.02462526766595289,0.024089935760171308,0.02462526766595289,0.02462526766595289
1523,HP1524,18,18,18,18,0.05232558139534884,0.05232558139534884,0.05232558139534884,0.05232558139534884
1524,HP1525,24,25,25,25,0.0379746835443038,0.03955696202531646,0.03955696202531646,0.03955696202531646
1525,HP1526,25,25,26,25,0.03337783711615487,0.03471295060080107,0.03337783711615487,0.03337783711615487
1526,HP1527,60,62,61,60,0.04178272980501393,0.04247910863509749,0.04317548746518106,0.04178272980501393
1527,HP1528,2,2,2,2,0.02702702702702703,0.02702702702702703,0.02702702702702703,0.02702702702702703
1528,HP1529,55,55,55,55,0.040145985401459854,0.040145985401459854,0.040145985401459854,0.040145985401459854
1529,HP1530,20,19,17,16,0.03710575139146568,0.03153988868274583,0.03525046382189239,0.029684601113172542
1530,HP1531,20,20,20,20,0.0847457627118644,0.0847457627118644,0.0847457627118644,0.0847457627118644
1531,HP1532,90,88,87,89,0.05027932960893855,0.04860335195530726,0.049162011173184354,0.049720670391061456
1532,HP1533,24,24,24,24,0.03468208092485549,0.03468208092485549,0.03468208092485549,0.03468208092485549
1533,HP1534,34,34,34,34,0.0265625,0.0265625,0.0265625,0.0265625
1534,HP1535,11,11,11,11,0.02588235294117647,0.02588235294117647,0.02588235294117647,0.02588235294117647
1535,HP1536,1,1,1,1,0.018867924528301886,0.018867924528301886,0.018867924528301886,0.018867924528301886
1536,HP1537,16,16,16,16,0.02342606149341142,0.02342606149341142,0.02342606149341142,0.02342606149341142
1537,HP1538,33,31,30,30,0.03864168618266979,0.0351288056206089,0.03629976580796253,0.0351288056206089
1538,HP1539,62,62,62,62,0.05020242914979757,0.05020242914979757,0.05020242914979757,0.05020242914979757
1539,HP1540,23,23,24,23,0.046,0.048,0.046,0.046
1540,HP1541,107,106,104,103,0.03571428571428571,0.03471295060080107,0.035380507343124167,0.03437917222963952
1541,HP1542,9,9,9,9,0.022113022113022112,0.022113022113022112,0.022113022113022112,0.022113022113022112
1542,HP1543,41,41,41,41,0.04385026737967915,0.04385026737967915,0.04385026737967915,0.04385026737967915
1543,HP1544,49,49,49,49,0.05308775731310943,0.05308775731310943,0.05308775731310943,0.05308775731310943
1544,HP1545,34,34,34,34,0.028789161727349702,0.028789161727349702,0.028789161727349702,0.028789161727349702
1545,HP1546,13,13,12,12,0.025540275049115914,0.023575638506876228,0.025540275049115914,0.023575638506876228
1546,HP1547,112,111,110,110,0.046338436077782375,0.045510964004964835,0.045924700041373605,0.045510964004964835
1547,HP1548,13,13,13,13,0.03880597014925373,0.03880597014925373,0.03880597014925373,0.03880597014925373
1548,HP1549,37,37,36,36,0.038223140495867766,0.0371900826446281,0.038223140495867766,0.0371900826446281
1549,HP1550,60,59,58,62,0.03978779840848806,0.038461538461538464,0.03912466843501326,0.04111405835543767
1550,HP1551,13,13,13,13,0.034210526315789476,0.034210526315789476,0.034210526315789476,0.034210526315789476
1551,HP1552,59,58,56,56,0.04493526275704494,0.04265041888804265,0.044173648134044174,0.04265041888804265
1552,HP1553,110,112,111,111,0.03881439661256175,0.03916725476358504,0.03952011291460833,0.03916725476358504
1553,HP1554,36,36,37,36,0.045512010113780026,0.04677623261694058,0.045512010113780026,0.045512010113780026
1554,HP1555,37,36,34,35,0.03477443609022556,0.03195488721804511,0.03383458646616541,0.03289473684210526
1555,HP1556,57,57,55,56,0.03091106290672451,0.02982646420824295,0.03091106290672451,0.03036876355748373
1556,HP1557,16,16,16,16,0.049079754601226995,0.049079754601226995,0.049079754601226995,0.049079754601226995
1557,HP1558,18,18,19,19,0.03734439834024896,0.03941908713692946,0.03734439834024896,0.03941908713692946
1558,HP1559,17,16,16,16,0.0405727923627685,0.03818615751789976,0.03818615751789976,0.03818615751789976
1559,HP1560,54,55,54,54,0.046431642304385214,0.046431642304385214,0.04729148753224419,0.046431642304385214
1560,HP1561,34,33,34,33,0.03386454183266932,0.03386454183266932,0.03286852589641434,0.03286852589641434
1561,HP1562,41,41,39,39,0.041082164328657314,0.03907815631262525,0.041082164328657314,0.03907815631262525
1562,HP1563,34,33,33,33,0.05733558178752108,0.05564924114671164,0.05564924114671164,0.05564924114671164
1563,HP1564,24,24,24,24,0.029556650246305417,0.029556650246305417,0.029556650246305417,0.029556650246305417
1564,HP1565,55,54,53,53,0.03119682359614294,0.030062393647192286,0.030629608621667612,0.030062393647192286
1565,HP1566,13,13,13,13,0.029545454545454545,0.029545454545454545,0.029545454545454545,0.029545454545454545
1566,HP1567,18,17,17,17,0.028892455858747994,0.027287319422150885,0.027287319422150885,0.027287319422150885
1567,HP1568,21,21,19,19,0.03832116788321168,0.03467153284671533,0.03832116788321168,0.03467153284671533
1568,HP1569,27,27,25,25,0.04576271186440678,0.0423728813559322,0.04576271186440678,0.0423728813559322
1569,HP1570,20,20,19,19,0.04073319755600815,0.038696537678207736,0.04073319755600815,0.038696537678207736
1570,HP1571,44,43,42,43,0.046610169491525424,0.04449152542372881,0.045550847457627115,0.045550847457627115
1571,HP1572,48,48,48,48,0.04304932735426009,0.04304932735426009,0.04304932735426009,0.04304932735426009
1572,HP1573,29,31,28,28,0.03810775295663601,0.03679369250985545,0.040735873850197106,0.03679369250985545
1573,HP1574,17,16,16,16,0.027552674230145867,0.02593192868719611,0.02593192868719611,0.02593192868719611
1574,HP1575,17,17,17,17,0.06319702602230483,0.06319702602230483,0.06319702602230483,0.06319702602230483
1575,HP1576,43,43,44,44,0.04387755102040816,0.044897959183673466,0.04387755102040816,0.044897959183673466
1576,HP1577,13,13,13,13,0.020186335403726708,0.020186335403726708,0.020186335403726708,0.020186335403726708
1577,HP1578,41,41,42,41,0.036771300448430494,0.03766816143497758,0.036771300448430494,0.036771300448430494
1578,HP1579,15,15,15,15,0.03529411764705882,0.03529411764705882,0.03529411764705882,0.03529411764705882
1579,HP1580,26,26,26,26,0.03945371775417299,0.03945371775417299,0.03945371775417299,0.03945371775417299
1580,HP1581,26,26,26,26,0.025819265143992055,0.025819265143992055,0.025819265143992055,0.025819265143992055
1581,HP1582,27,27,27,27,0.034394904458598725,0.034394904458598725,0.034394904458598725,0.034394904458598725
1582,HP1583,32,31,32,32,0.034782608695652174,0.034782608695652174,0.03369565217391304,0.034782608695652174
1583,HP1584,31,31,30,30,0.03042198233562316,0.029440628066732092,0.03042198233562316,0.029440628066732092
1584,HP1585,30,30,30,30,0.03821656050955414,0.03821656050955414,0.03821656050955414,0.03821656050955414
1585,HP1586,8,8,8,8,0.023880597014925373,0.023880597014925373,0.023880597014925373,0.023880597014925373
1586,HP1587,24,24,24,24,0.05172413793103448,0.05172413793103448,0.05172413793103448,0.05172413793103448
1587,HP1588,32,32,32,32,0.04221635883905013,0.04221635883905013,0.04221635883905013,0.04221635883905013
1588,HP1589,29,29,28,28,0.0467741935483871,0.04516129032258064,0.0467741935483871,0.04516129032258064
1589,HP1590,3,2,2,2,0.02586206896551724,0.017241379310344827,0.017241379310344827,0.017241379310344827
