seqname,source,feature,HP_number,gene_type,start,end,Putative_Id,Orf_Size,Prot_Size(est),score,strand,frame
.,forsyth,gene,HP0001,TRANSCRIPTION,220,633,transcription termination factor NusB (nusB) {Escherichia coli},413,15180,.,-,.
.,forsyth,gene,HP0002,"BIOSYNTHESIS OF COFACTORS, PROSTHETIC GROUPS, AND CARRIERS",638,1105,riboflavin synthase beta chain (ribE) {Haemophilus influenzae},467,17160,.,-,.
.,forsyth,gene,HP0003,CELL ENVELOPE,1118,1945,3-deoxy-d-manno-octulosonic acid 8-phosphate synthetase (kdsA) {Chlamydia psittaci},827,30360,.,-,.
.,forsyth,gene,HP0004,CENTRAL INTERMEDIARY METABOLISM,1935,2597,carbonic anhydrase (icfA) {Synechococcus sp.},662,24310,.,-,.
.,forsyth,gene,HP0005,"PURINES, PYRIMIDINES, NUCLEOSIDES AND NUCLEOTIDES",2719,3399,orotidine 5'-phosphate decarboxylase (pyrF) {Bacillus subtilis},680,24970,.,+,.
.,forsyth,gene,HP0006,"BIOSYNTHESIS OF COFACTORS, PROSTHETIC GROUPS, AND CARRIERS",3403,4230,pantoate-beta-alanine ligase (panC) {Bacillus subtilis},827,30360,.,+,.
.,forsyth,gene,HP0007,HYPOTHETICAL PROTEIEN,4697,4765,hypothetical protein,68,2530,.,+,.
.,forsyth,gene,HP0008,HYPOTHETICAL PROTEIEN,4937,5017,hypothetical protein,80,2970,.,+,.
.,forsyth,gene,HP0009,CELL ENVELOPE,5244,7145,outer membrane protein (omp1),1901,69740,.,-,.
.,forsyth,gene,HP0010,CELLULAR PROCESSES,7606,9243,chaperone and heat shock protein (groEL) {Helicobacter pylori},1637,60060,.,-,.
.,forsyth,gene,HP0011,CELLULAR PROCESSES,9271,9624,co-chaperone (groES) {Helicobacter pylori},353,12980,.,-,.
.,forsyth,gene,HP0012,REPLICATION,9911,11587,DNA primase (dnaG) {Haemophilus influenzae},1676,61490,.,+,.
.,forsyth,gene,HP0013,HYPOTHETICAL PROTEIEN,11587,12636,hypothetical protein,1049,38500,.,+,.
.,forsyth,gene,HP0014,HYPOTHETICAL PROTEIEN,12728,13552,hypothetical protein,824,30250,.,+,.
.,forsyth,gene,HP0015,HYPOTHETICAL PROTEIEN,13702,13980,hypothetical protein,278,10230,.,+,.
.,forsyth,gene,HP0016,HYPOTHETICAL PROTEIEN,13983,14243,hypothetical protein,260,9570,.,+,.
.,forsyth,gene,HP0017,CELLULAR PROCESSES,14248,16608,virB4 homolog (virB4) {Agrobacterium radiobacter},2360,86570,.,+,.
.,forsyth,gene,HP0018,HYPOTHETICAL PROTEIEN,16863,18269,hypothetical protein,1406,51590,.,+,.
.,forsyth,gene,HP0019,CELLULAR PROCESSES,18380,19342,chemotaxis protein (cheV) {Bacillus subtilis},962,35310,.,+,.
.,forsyth,gene,HP0020,CENTRAL INTERMEDIARY METABOLISM,19342,20556,carboxynorspermidine decarboxylase (nspC) {Synechocystis sp.},1214,44550,.,+,.
.,forsyth,gene,HP0021,HYPOTHETICAL PROTEIEN,20572,21141,hypothetical protein,569,20900,.,-,.
.,forsyth,gene,HP0022,HYPOTHETICAL PROTEIEN,21155,22717,conserved hypothetical integral membrane protein {Salmonella choleraesuis},1562,57310,.,-,.
.,forsyth,gene,HP0023,HYPOTHETICAL PROTEIEN,22773,22889,hypothetical protein,116,4290,.,+,.
.,forsyth,gene,HP0024,HYPOTHETICAL PROTEIEN,22903,22992,hypothetical protein,89,3300,.,+,.
.,forsyth,gene,HP0025,CELL ENVELOPE,23327,25459,outer membrane protein (omp2),2132,78210,.,-,.
.,forsyth,gene,HP0026,ENERGY METABOLISM,26081,27358,citrate synthase (gltA) {Rickettsia prowazekii},1277,46860,.,-,.
.,forsyth,gene,HP0027,ENERGY METABOLISM,27557,28831,isocitrate dehydrogenase (icd) {Escherichia coli},1274,46750,.,+,.
.,forsyth,gene,HP0028,HYPOTHETICAL PROTEIEN,28901,29431,conserved hypothetical secreted protein {Haemophilus influenzae},530,19470,.,+,.
.,forsyth,gene,HP0029,"BIOSYNTHESIS OF COFACTORS, PROSTHETIC GROUPS, AND CARRIERS",29414,30067,dethiobiotin synthetase (bioD) {Methanococcus jannaschii},653,23980,.,-,.
.,forsyth,gene,HP0030,HYPOTHETICAL PROTEIEN,30074,31852,hypothetical protein,1778,65230,.,-,.
.,forsyth,gene,HP0031,HYPOTHETICAL PROTEIEN,31961,32371,hypothetical protein,410,15070,.,+,.
.,forsyth,gene,HP0032,HYPOTHETICAL PROTEIEN,32405,32677,conserved hypothetical protein {Escherichia coli},272,10010,.,+,.
.,forsyth,gene,HP0033,TRANSLATION,32680,34902,ATP-dependent C1p protease (clpA) {Escherichia coli},2222,81510,.,+,.
.,forsyth,gene,HP0034,"BIOSYNTHESIS OF COFACTORS, PROSTHETIC GROUPS, AND CARRIERS",34895,35245,aspartate 1-decarboxylase (panD) {Bacillus subtilis},350,12870,.,+,.
.,forsyth,gene,HP0035,HYPOTHETICAL PROTEIEN,35251,35541,conserved hypothetical protein {Escherichia coli},290,10670,.,+,.
.,forsyth,gene,HP0036,HYPOTHETICAL PROTEIEN,35544,36545,hypothetical protein,1001,36740,.,+,.
.,forsyth,gene,HP0037,ENERGY METABOLISM,36556,37608,NADH-ubiquinone oxidoreductase subunit {Trypanosoma brucei},1052,38610,.,+,.
.,forsyth,gene,HP0038,HYPOTHETICAL PROTEIEN,37738,38472,hypothetical protein,734,26950,.,+,.
.,forsyth,gene,HP0039,HYPOTHETICAL PROTEIEN,38472,38741,hypothetical protein,269,9900,.,+,.
.,forsyth,gene,HP0040,HYPOTHETICAL PROTEIEN,38710,39450,hypothetical protein,740,27170,.,+,.
.,forsyth,gene,HP0041,HYPOTHETICAL PROTEIEN,39446,39814,hypothetical protein,368,13530,.,+,.
.,forsyth,gene,HP0042,CELLULAR PROCESSES,39880,40578,trbI protein {Escherichia coli},698,25630,.,+,.
.,forsyth,gene,HP0043,"PURINES, PYRIMIDINES, NUCLEOSIDES AND NUCLEOTIDES",40651,42060,mannose-6-phosphate isomerase (pmi) or (algA)  {Pseudomonas aeruginosa},1409,51700,.,+,.
.,forsyth,gene,HP0044,CELL ENVELOPE,42105,43247,GDP-D-mannose dehydratase (rfbD) {Vibrio cholerae},1142,41910,.,+,.
.,forsyth,gene,HP0045,"PURINES, PYRIMIDINES, NUCLEOSIDES AND NUCLEOTIDES",43243,44172,nodulation protein (nolK) {Azorhizobium caulinodans},929,34100,.,+,.
.,forsyth,gene,HP0046,HYPOTHETICAL PROTEIEN,44299,44433,hypothetical protein,134,4950,.,+,.
.,forsyth,gene,HP0047,CENTRAL INTERMEDIARY METABOLISM,45044,46039,hydrogenase expression/formation protein (hypE) {Rhodobacter capsulatus},995,36520,.,-,.
.,forsyth,gene,HP0048,REGULATORY FUNCTIONS,46045,48351,transcriptional regulator (hypF) {Rhodobacter capsulatus},2306,84590,.,-,.
.,forsyth,gene,HP0049,HYPOTHETICAL PROTEIEN,48294,49283,hypothetical protein,989,36300,.,-,.
.,forsyth,gene,HP0050,REPLICATION,49338,50033,adenine specific DNA methyltransferase (dpnA) {Streptococcus pneumonia},695,25520,.,-,.
.,forsyth,gene,HP0051,REPLICATION,50033,51097,cytosine specific DNA methyltransferase (DDEM) {Desulfovibrio desulfuricans},1064,39050,.,-,.
.,forsyth,gene,HP0052,HYPOTHETICAL PROTEIEN,51275,52264,hypothetical protein,989,36300,.,-,.
.,forsyth,gene,HP0053,HYPOTHETICAL PROTEIEN,52462,53718,hypothetical protein,1256,46090,.,-,.
.,forsyth,gene,HP0054,REPLICATION,53718,56186,adenine/cytosine DNA methyltransferase {Haemophilus paragallinarum},2468,90530,.,-,.
.,forsyth,gene,HP0055,TRANSPORT AND BINDING PROTEINS,56227,57714,proline permease (putP) {Escherichia coli},1487,54560,.,-,.
.,forsyth,gene,HP0056,ENERGY METABOLISM,57744,61298,delta-1-pyrroline-5-carboxylate dehydrogenase {Synechocystis sp.),3554,130350,.,-,.
.,forsyth,gene,HP0057,HYPOTHETICAL PROTEIEN,61619,61825,hypothetical protein,206,7590,.,+,.
.,forsyth,gene,HP0058,HYPOTHETICAL PROTEIEN,61943,63140,hypothetical protein,1197,43926.66667,.,+,.
.,forsyth,gene,HP0059,HYPOTHETICAL PROTEIEN,63145,63996,hypothetical protein,851,31240,.,+,.
.,forsyth,gene,HP0060,HYPOTHETICAL PROTEIEN,64016,66454,hypothetical protein,2438,89430,.,+,.
.,forsyth,gene,HP0061,HYPOTHETICAL PROTEIEN,66454,67020,hypothetical protein,566,20790,.,+,.
.,forsyth,gene,HP0062,HYPOTHETICAL PROTEIEN,67039,67296,hypothetical protein,257,9460,.,+,.
.,forsyth,gene,HP0063,HYPOTHETICAL PROTEIEN,67310,68797,hypothetical protein,1487,54560,.,+,.
.,forsyth,gene,HP0064,HYPOTHETICAL PROTEIEN,68770,69186,hypothetical protein,416,15290,.,+,.
.,forsyth,gene,HP0065,HYPOTHETICAL PROTEIEN,69191,69541,hypothetical protein,350,12870,.,+,.
.,forsyth,gene,HP0066,HYPOTHETICAL PROTEIN,69468,71960,conserved hypothetical ATP-binding protein {Bacillus subtilis},2492,91410,.,+,.
.,forsyth,gene,HP0067,CENTRAL INTERMEDIARY METABOLISM,72024,72818,urease accessory protein (ureH) {Helicobacter pylori},794,29150,.,-,.
.,forsyth,gene,HP0068,CENTRAL INTERMEDIARY METABOLISM,72821,73417,urease accessory protein (ureG) {Helicobacter pylori},596,21890,.,-,.
.,forsyth,gene,HP0069,CENTRAL INTERMEDIARY METABOLISM,73449,74210,urease accessory protein (ureF) {Helicobacter pylori},761,27940,.,-,.
.,forsyth,gene,HP0070,CENTRAL INTERMEDIARY METABOLISM,74236,74745,urease accessory protein (ureE) {Helicobacter pylori},509,18700,.,-,.
.,forsyth,gene,HP0071,CENTRAL INTERMEDIARY METABOLISM,74750,75334,urease accessory protein (ureI) {Helicobacter pylori},584,21450,.,-,.
.,forsyth,gene,HP0072,CENTRAL INTERMEDIARY METABOLISM,75530,77236,urease beta subunit (urea amidohydrolase) (ureB) {Helicobacter  pylori},1706,62590,.,-,.
.,forsyth,gene,HP0073,CENTRAL INTERMEDIARY METABOLISM,77243,77956,urease alpha subunit (ureA) (urea amidohydrolase) {Helicobacter pylori},713,26180,.,-,.
.,forsyth,gene,HP0074,CELLULAR PROCESSE,78305,78775,lipoprotein signal peptidase (lspA) {Helicobacter pylori},470,17270,.,-,.
.,forsyth,gene,HP0075,CENTRAL INTERMEDIARY METABOLISM,78772,80106,urease protein (ureC) {Helicobacter pylori},1334,48950,.,-,.
.,forsyth,gene,HP0076,TRANSLATION,80196,80462,ribosomal protein S20 (rps20) {Rhizobium meliloti},266,9790,.,+,.
.,forsyth,gene,HP0077,TRANSLATION,80589,81644,peptide chain release factor RF-1 (prfA) {Escherichia coli},1055,38720,.,+,.
.,forsyth,gene,HP0078,CELL ENVELOPE,82058,82312,hypothetical protein,254,9350,.,+,.
.,forsyth,gene,HP0079,CELL ENVELOPE,82326,84110,outer membrane protein (omp3),1784,65450,.,+,.
.,forsyth,gene,HP0080,HYPOTHETICAL PROTEIEN,84359,86137,hypothetical protein,1778,65230,.,+,.
.,forsyth,gene,HP0081,HYPOTHETICAL PROTEIEN,86410,86529,hypothetical protein,119,4400,.,+,.
.,forsyth,gene,HP0082,CELLULAR PROCESSES,86659,88677,methyl-accepting chemotaxis transducer (tlpC) {Bacillus subtilis},2018,74030,.,-,.
.,forsyth,gene,HP0083,TRANSLATION,88836,89222,ribosomal protein S9 (rps9) {Escherichia coli},386,14190,.,-,.
.,forsyth,gene,HP0084,TRANSLATION,89222,89644,ribosomal protein L13 (rpl13) {Escherichia coli},422,15510,.,-,.
.,forsyth,gene,HP0085,HYPOTHETICAL PROTEIEN,89960,90145,hypothetical protein,185,6820,.,-,.
.,forsyth,gene,HP0086,HYPOTHETICAL PROTEIEN,90155,91504,conserved hypothetical protein {Escherichia coli},1349,49500,.,-,.
.,forsyth,gene,HP0087,HYPOTHETICAL PROTEIEN,91561,92931,hypothetical protein,1370,50270,.,-,.
.,forsyth,gene,HP0088,REGULATORY FUNCTIONS,92955,94967,RNA polymerase sigma-70 factor (rpoD) {Haemophilus influenzae},2012,73810,.,-,.
.,forsyth,gene,HP0089,HYPOTHETICAL PROTEIEN,95194,95886,pfs protein (pfs) {Haemophilus influenzae},692,25410,.,-,.
.,forsyth,gene,HP0090,FATTY ACID AND PHOSPHOLIPID METABOLISM,95900,96826,malonyl coenzyme A-acyl carrier protein transacylase (fabD) {Haemophilus influenzae},926,33990,.,-,.
.,forsyth,gene,HP0091,REPLICATION,97256,98086,type II restriction enzyme R protein (hsdR) {Moraxella bovis},830,30470,.,+,.
.,forsyth,gene,HP0092,REPLICATION,98083,98913,type II restriction enzyme M protein (hsdM) {Moraxella bovis},830,30470,.,+,.
.,forsyth,gene,HP0093,HYPOTHETICAL PROTEIEN,98939,99268,hypothetical protein,329,12100,.,-,.
.,forsyth,gene,HP0094,HYPOTHETICAL PROTEIEN,99376,99840,conserved hypothetical protein {Yersinia enterocolitica},464,17050,.,-,.
.,forsyth,gene,HP0095,HYPOTHETICAL PROTEIEN,99942,100469,hypothetical protein,527,19360,.,-,.
.,forsyth,gene,HP0096,AMINO-ACID BIOSYNTHESIS,100542,101483,phosphoglycerate dehydrogenase {Methanococcus jannaschii},941,34540,.,+,.
.,forsyth,gene,HP0097,HYPOTHETICAL PROTEIEN,101646,102356,hypothetical protein,710,26070,.,-,.
.,forsyth,gene,HP0098,AMINO-ACID BIOSYNTHESIS,102464,103921,threonine synthase (thrC) {Haemophilus influenzae},1457,53460,.,-,.
.,forsyth,gene,HP0099,CELLULAR PROCESSES,104125,106149,methyl-accepting chemotaxis protein (tlpA) {Bacillus subtilis},2024,74250,.,+,.
.,forsyth,gene,HP0100,HYPOTHETICAL PROTEIEN,106152,107255,conserved hypothetical protein {Haemophilus influenzae},1103,40480,.,+,.
.,forsyth,gene,HP0101,HYPOTHETICAL PROTEIEN,107471,108229,hypothetical protein,758,27830,.,+,.
.,forsyth,gene,HP0102,HYPOTHETICAL PROTEIEN,108218,108994,conserved hypothetical protein {Yersinia enterocolitica},776,28490,.,-,.
.,forsyth,gene,HP0103,CELLULAR PROCESSES,109028,110722,methyl-accepting chemotaxis protein (tlpB) {Bacillus subtilis},1694,62150,.,-,.
.,forsyth,gene,HP0104,"PURINES, PYRIMIDINES, NUCLEOSIDES AND NUCLEOTIDES",110931,112673,"2',3'-cyclic-nucleotide 2'-phosphodiesterase (cpdB) {Haemophilus influenzae}",1742,63910,.,-,.
.,forsyth,gene,HP0105,HYPOTHETICAL PROTEIEN,112831,113295,conserved hypothetical protein {Haemophilus influenzae},464,17050,.,-,.
.,forsyth,gene,HP0106,AMINO-ACID BIOSYNTHESIS,113336,114475,cystathionine gamma-synthase (metB) {Haemophilus influenzae},1139,41800,.,-,.
.,forsyth,gene,HP0107,AMINO-ACID BIOSYNTHESIS,114503,115420,cysteine synthetase (cysK) {Bacillus subtilis},917,33660,.,-,.
.,forsyth,gene,HP0108,HYPOTHETICAL PROTEIEN,115459,116016,hypothetical protein,557,20460,.,+,.
.,forsyth,gene,HP0109,CELLULAR PROCESSES,116365,118224,chaperone and heat shock protein 70 (dnaK) {Rhizobium meliloti},1859,68200,.,-,.
.,forsyth,gene,HP0110,CELLULAR PROCESSES,118257,118823,co-chaperone and heat shock protein (grpE) {Bacillus subtilis},566,20790,.,-,.
.,forsyth,gene,HP0111,HYPOTHETICAL PROTEIEN,118826,119653,hypothetical protein,827,30360,.,-,.
.,forsyth,gene,HP0112,HYPOTHETICAL PROTEIEN,119980,120672,hypothetical protein,692,25410,.,+,.
.,forsyth,gene,HP0113,HYPOTHETICAL PROTEIEN,120696,120989,hypothetical protein,293,10780,.,+,.
.,forsyth,gene,HP0114,HYPOTHETICAL PROTEIEN,121005,122888,hypothetical protein,1883,69080,.,-,.
.,forsyth,gene,HP0115,CELL ENVELOPE,122951,124492,flagellin B (flaB) {Helicobacter pylori},1541,56540,.,-,.
.,forsyth,gene,HP0116,REPLICATION,124658,126865,DNA topoisomerase I (topA) {Bacillus subtilis},2207,80960,.,+,.
.,forsyth,gene,HP0117,HYPOTHETICAL PROTEIEN,126861,127784,conserved hypothetical protein {Methanococcus jannaschii},923,33880,.,+,.
.,forsyth,gene,HP0118,HYPOTHETICAL PROTEIEN,127934,129118,hypothetical protein,1184,43450,.,-,.
.,forsyth,gene,HP0119,HYPOTHETICAL PROTEIEN,129386,130768,hypothetical protein,1382,50710,.,-,.
.,forsyth,gene,HP0120,HYPOTHETICAL PROTEIEN,131056,132249,hypothetical protein,1193,43780,.,-,.
.,forsyth,gene,HP0121,ENERGY METABOLISM,132349,134784,phosphoenolpyruvate synthase (ppsA) {Escherichia coli},2435,89320,.,-,.
.,forsyth,gene,HP0122,HYPOTHETICAL PROTEIEN,134971,135099,hypothetical protein,128,4730,.,+,.
.,forsyth,gene,HP0123,TRANSLATION,135142,136977,threonyl-tRNA synthetase (thrS) {Escherichia coli},1835,67320,.,+,.
.,forsyth,gene,HP0124,TRANSLATION,136977,137585,translation initiation factor IF-3 (infC) {Bacillus stearothermophilus},608,22330,.,+,.
.,forsyth,gene,HP0125,TRANSLATION,137569,137760,ribosomal protein L35 (rpl35) {Pseudomonas syringae},191,7040,.,+,.
.,forsyth,gene,HP0126,TRANSLATION,137857,138204,ribosomal protein L20 (rpl20) {Pseudomonas syringae},347,12760,.,+,.
.,forsyth,gene,HP0127,CELL ENVELOPE,138407,139264,outer membrane protein (omp4),857,31460,.,+,.
.,forsyth,gene,HP0128,HYPOTHETICAL PROTEIEN,139319,139441,hypothetical protein,122,4510,.,+,.
.,forsyth,gene,HP0129,HYPOTHETICAL PROTEIEN,139617,140039,hypothetical protein,422,15510,.,+,.
.,forsyth,gene,HP0130,HYPOTHETICAL PROTEIEN,140453,141310,hypothetical protein,857,31460,.,+,.
.,forsyth,gene,HP0131,HYPOTHETICAL PROTEIEN,142028,142126,hypothetical protein,98,3630,.,+,.
.,forsyth,gene,HP0132,ENERGY METABOLISM,142230,143594,L-serine deaminase (sdaA) {Escherichia coli},1364,50050,.,-,.
.,forsyth,gene,HP0133,TRANSPORT AND BINDING PROTEINS,143597,144835,serine transporter (sdaC) {Escherichia coli},1238,45430,.,-,.
.,forsyth,gene,HP0134,AMINO-ACID BIOSYNTHESIS,145016,146362,3-deoxy-D-arabino-heptulosonate 7-phosphate synthase (dhs1) {Arabidopsis thaliana},1346,49390,.,+,.
.,forsyth,gene,HP0135,HYPOTHETICAL PROTEIEN,146444,146575,hypothetical protein,131,4840,.,+,.
.,forsyth,gene,HP0136,HYPOTHETICAL PROTEIEN,146816,147271,bacterioferritin comigratory protein (bcp) {Escherichia coli},455,16720,.,-,.
.,forsyth,gene,HP0137,HYPOTHETICAL PROTEIEN,147284,147916,hypothetical protein,632,23210,.,-,.
.,forsyth,gene,HP0138,HYPOTHETICAL PROTEIEN,147912,149354,conserved hypothetical iron-sulfur protein {Escherichia coli},1442,52910,.,-,.
.,forsyth,gene,HP0139,HYPOTHETICAL PROTEIEN,149386,150111,conserved hypothetical secreted protein {Escherichia coli},725,26620,.,-,.
.,forsyth,gene,HP0140,TRANSPORT AND BINDING PROTEINS,150342,151988,L-lactate permease (lctP) {Escherichia coli},1646,60390,.,+,.
.,forsyth,gene,HP0141,TRANSPORT AND BINDING PROTEINS,152048,153700,L-lactate permease (lctP) {Escherichia coli},1652,60610,.,+,.
.,forsyth,gene,HP0142,REPLICATION,153730,154713,A/G-specific adenine glycosylase (mutY) {Escherichia coli},983,36080,.,-,.
.,forsyth,gene,HP0143,TRANSPORT AND BINDING PROTEINS,154717,156164,2-oxoglutarate/malate translocator (SODiT1) {Haemophilus influenzae},1447,53093.33333,.,-,.
.,forsyth,gene,HP0144,ENERGY METABOLISM,156334,157797,"cytochrome c oxidase, heme b and copper-binding subunit, membrane-bound (fixN) {Rhizobium meliloti}",1463,53680,.,+,.
.,forsyth,gene,HP0145,ENERGY METABOLISM,157813,158508,"cytochrome c oxidase, monoheme subunit, membrane-bound (fixO) {Bradyrhizobium japonicum}",695,25520,.,+,.
.,forsyth,gene,HP0146,ENERGY METABOLISM,158519,158737,cbb3-type cytochrome c oxidase subunit Q (CcoQ) {Rhodobacter sphaeroides},218,8030,.,+,.
.,forsyth,gene,HP0147,ENERGY METABOLISM,158742,159599,"cytochrome c oxidase, diheme subunit, membrane-bound (fixP) {Rhizobium meliloti}",857,31460,.,+,.
.,forsyth,gene,HP0148,HYPOTHETICAL PROTEIEN,159630,159833,hypothetical protein,203,7480,.,+,.
.,forsyth,gene,HP0149,HYPOTHETICAL PROTEIEN,159937,160518,hypothetical protein,581,21340,.,+,.
.,forsyth,gene,HP0150,HYPOTHETICAL PROTEIEN,160534,161121,hypothetical protein,587,21560,.,+,.
.,forsyth,gene,HP0151,HYPOTHETICAL PROTEIEN,161157,161966,conserved hypothetical membrane protein {Bacillus subtilis},809,29700,.,+,.
.,forsyth,gene,HP0152,HYPOTHETICAL PROTEIEN,161969,162829,hypothetical protein,860,31570,.,-,.
.,forsyth,gene,HP0153,REPLICATION,162928,163968,recombinase (recA) {Helicobacter pylori},1040,38170,.,+,.
.,forsyth,gene,HP0154,ENERGY METABOLISM,163983,165260,enolase (eno) {Bacillus subtilis},1277,46860,.,+,.
.,forsyth,gene,HP0155,HYPOTHETICAL PROTEIEN,165256,165528,hypothetical protein,272,10010,.,+,.
.,forsyth,gene,HP0156,HYPOTHETICAL PROTEIEN,165543,166142,hypothetical protein,599,22000,.,+,.
.,forsyth,gene,HP0157,AMINO-ACID BIOSYNTHESIS,166150,166635,shikimic acid kinase I (aroK) {Haemophilus influenzae},485,17820,.,+,.
.,forsyth,gene,HP0158,HYPOTHETICAL PROTEIEN,166660,167613,hypothetical protein,953,34980,.,+,.
.,forsyth,gene,HP0159,CELL ENVELOPE,167616,168731,"lipopolysaccharide 1,2-glucosyltransferase (rfaJ) {Escherichia coli}",1115,40920,.,-,.
.,forsyth,gene,HP0160,HYPOTHETICAL PROTEIEN,168882,169799,conserved hypothetical secreted protein {Escherichia coli},917,33660,.,+,.
.,forsyth,gene,HP0161,HYPOTHETICAL PROTEIEN,170145,170252,hypothetical protein,107,3960,.,+,.
.,forsyth,gene,HP0162,HYPOTHETICAL PROTEIEN,170707,171426,conserved hypothetical protein {Pseudomonas aeruginosa},719,26400,.,-,.
.,forsyth,gene,HP0163,"BIOSYNTHESIS OF COFACTORS, PROSTHETIC GROUPS, AND CARRIERS",171430,172398,delta-aminolevulinic acid dehydratase (hemB) {Bacillus subtilis},968,35530,.,-,.
.,forsyth,gene,HP0164,REGULATORY FUNCTIONS,172473,173234,"signal-transducing protein, histidine kinase {Bacillus subtilis}",761,27940,.,-,.
.,forsyth,gene,HP0165,HYPOTHETICAL PROTEIEN,173234,173752,hypothetical protein,518,19030,.,-,.
.,forsyth,gene,HP0166,REGULATORY FUNCTIONS,173781,174455,response regulator (ompR) {Campylobacter jejuni},674,24750,.,-,.
.,forsyth,gene,HP0167,HYPOTHETICAL PROTEIEN,174694,175164,hypothetical protein,470,17270,.,-,.
.,forsyth,gene,HP0168,HYPOTHETICAL PROTEIEN,175146,175406,hypothetical protein,260,9570,.,-,.
.,forsyth,gene,HP0169,TRANSLATION,175456,176721,collagenase (prtC) {Haemophilus influenzae},1265,46420,.,-,.
.,forsyth,gene,HP0170,HYPOTHETICAL PROTEIEN,176727,177485,hypothetical protein,758,27830,.,-,.
.,forsyth,gene,HP0171,TRANSLATION,177563,178651,peptide chain release factor RF-2 (prfB) {Escherichia coli},1088,39930,.,-,.
.,forsyth,gene,HP0172,"BIOSYNTHESIS OF COFACTORS, PROSTHETIC GROUPS, AND CARRIERS",178715,179887,molybdopterin biosynthesis protein (moeA) {Escherichia coli},1172,43010,.,-,.
.,forsyth,gene,HP0173,CELL ENVELOPE,179900,180664,flagellar biosynthetic protein (fliR) {Bacillus subtilis},764,28050,.,-,.
.,forsyth,gene,HP0174,HYPOTHETICAL PROTEIEN,180661,181434,hypothetical protein,773,28380,.,-,.
.,forsyth,gene,HP0175,CELL ENVELOPE,181865,182761,cell binding factor 2 {Campylobacter jejuni},896,32890,.,+,.
.,forsyth,gene,HP0176,ENERGY METABOLISM,182781,183701,fructose-bisphosphate aldolase (tsr) {Bacillus subtilis},920,33770,.,+,.
.,forsyth,gene,HP0177,TRANSLATION,183726,184286,translation elongation factor EF-P (efp) {Escherichia coli},560,20570,.,+,.
.,forsyth,gene,HP0178,CELL ENVELOPE,184801,185820,spore coat polysaccharide biosynthesis protein E {Methanococcus jannaschii},1019,37400,.,-,.
.,forsyth,gene,HP0179,TRANSPORT AND BINDING PROTEINS,185827,186465,"ABC transporter, ATP-binding protein {Escherichia coli}",638,23430,.,-,.
.,forsyth,gene,HP0180,CELL ENVELOPE,186465,187739,apolipoprotein N-acyltransferase (cute) {Haemophilus influenzae},1274,46750,.,-,.
.,forsyth,gene,HP0181,HYPOTHETICAL PROTEIEN,187997,188668,hypothetical protein,671,24640,.,+,.
.,forsyth,gene,HP0182,TRANSLATION,188681,190183,lysyl-tRNA synthetase (lysS) {Campylobacter jejuni},1502,55110,.,+,.
.,forsyth,gene,HP0183,AMINO-ACID BIOSYNTHESIS,190186,191433,serine hydroxymethyltransferase (glyA) {Escherichia coli},1247,45760,.,+,.
.,forsyth,gene,HP0184,HYPOTHETICAL PROTEIEN,191447,191986,hypothetical protein,539,19800,.,+,.
.,forsyth,gene,HP0185,HYPOTHETICAL PROTEIEN,192011,192811,hypothetical protein,800,29370,.,+,.
.,forsyth,gene,HP0186,HYPOTHETICAL PROTEIEN,193213,194424,hypothetical protein,1211,44440,.,-,.
.,forsyth,gene,HP0187,HYPOTHETICAL PROTEIEN,194454,194738,hypothetical protein,284,10450,.,-,.
.,forsyth,gene,HP0188,HYPOTHETICAL PROTEIEN,194802,194900,hypothetical protein,98,3630,.,-,.
.,forsyth,gene,HP0189,HYPOTHETICAL PROTEIEN,195057,195587,conserved hypothetical integral membrane protein {Escherichia coli},530,19470,.,+,.
.,forsyth,gene,HP0190,HYPOTHETICAL PROTEIEN,195599,197104,conserved hypothetical secreted protein {Escherichia coli},1505,55220,.,-,.
.,forsyth,gene,HP0191,ENERGY METABOLISM,197129,197863,"fumarate reductase, iron-sulfur subunit (frdB) {Wolinella succinogenes}",734,26950,.,-,.
.,forsyth,gene,HP0192,ENERGY METABOLISM,197859,200000,"fumarate reductase, flavoprotein subunit (frdA) {Wolinella succinogenes}",2141,78540,.,-,.
.,forsyth,gene,HP0193,ENERGY METABOLISM,200013,200777,"fumarate reductase, cytochrome b subunit (frdC) {Wolinella succinogenes}",764,28050,.,-,.
.,forsyth,gene,HP0194,ENERGY METABOLISM,200992,201693,triosephosphate isomerase (tpi) {Mycoplasma hyopneumoniae},701,25740,.,+,.
.,forsyth,gene,HP0195,FATTY ACID AND PHOSPHOLIPID METABOLISM,201706,202530,enoyl-(acyl-carrier-protein) reductase (NADH) (fabI) {Escherichia coli},824,30250,.,+,.
.,forsyth,gene,HP0196,CELL ENVELOPE,202543,203550,UDP-3-0-(3-hydroxymyristoyl) glucosamine N-acyltransferase (lpxD) {Rickettsia rickettsii},1007,36960,.,+,.
.,forsyth,gene,HP0197,CENTRAL INTERMEDIARY METABOLISM,203618,204772,S-adenosylmethionine synthetase 2 (metX) {Escherichia coli},1154,42350,.,+,.
.,forsyth,gene,HP0198,"PURINES, PYRIMIDINES, NUCLEOSIDES AND NUCLEOTIDES",204842,205252,nucleoside diphosphate kinase (ndk) {Myxococcus xanthus},410,15070,.,+,.
.,forsyth,gene,HP0199,HYPOTHETICAL PROTEIEN,205281,205634,hypothetical protein,353,12980,.,+,.
.,forsyth,gene,HP0200,TRANSLATION,205653,205796,ribosomal protein L32 (rpl32) {Bacillus stearothermophilus},143,5280,.,+,.
.,forsyth,gene,HP0201,FATTY ACID AND PHOSPHOLIPID METABOLISM,205874,206887,fatty acid/phospholipid synthesis protein (plsX) {Escherichia coli},1013,37180,.,+,.
.,forsyth,gene,HP0202,FATTY ACID AND PHOSPHOLIPID METABOLISM,206915,207907,beta-ketoacyl-acyl carrier protein synthase III (fabH) {Escherichia coli},992,36410,.,+,.
.,forsyth,gene,HP0203,HYPOTHETICAL PROTEIEN,207932,208204,hypothetical protein,272,10010,.,+,.
.,forsyth,gene,HP0204,HYPOTHETICAL PROTEIEN,208869,209249,hypothetical protein,380,13970,.,-,.
.,forsyth,gene,HP0205,HYPOTHETICAL PROTEIEN,209268,211646,hypothetical protein,2378,87230,.,-,.
.,forsyth,gene,HP0206,HYPOTHETICAL PROTEIEN,211853,212176,hypothetical protein,323,11880,.,-,.
.,forsyth,gene,HP0207,HYPOTHETICAL PROTEIEN,212141,213376,ATP-binding protein (mpr) {Escherichia coli},1235,45320,.,+,.
.,forsyth,gene,HP0208,CELL ENVELOPE,213396,214591,"lipopolysaccharide 1,2-glucosyltransferase (rfaJ) {Escherichia coli}",1195,43853.33333,.,-,.
.,forsyth,gene,HP0209,HYPOTHETICAL PROTEIEN,214745,216094,hypothetical protein,1349,49500,.,+,.
.,forsyth,gene,HP0210,CELLULAR PROCESSES,216201,218063,chaperone and heat shock protein C62.5 (htpG) {Escherichia coli},1862,68310,.,+,.
.,forsyth,gene,HP0211,HYPOTHETICAL PROTEIEN,218269,219018,conserved hypothetical secreted protein {Escherichia coli},749,27500,.,-,.
.,forsyth,gene,HP0212,AMINO-ACID BIOSYNTHESIS,219101,220249,succinyl-diaminopimelate desuccinylase (dapE) {Haemophilus influenzae},1148,42130,.,-,.
.,forsyth,gene,HP0213,REPLICATION,220262,222124,glucose inhibited division protein (gidA) {Haemophilus influenzae},1862,68310,.,-,.
.,forsyth,gene,HP0214,TRANSPORT AND BINDING PROTEINS,222220,223875,sodium-dependent transporter (huNaDC-1) {Homo sapiens},1655,60720,.,+,.
.,forsyth,gene,HP0215,FATTY ACID AND PHOSPHOLIPID METABOLISM,223891,224688,CDP-diglyceride synthetase (cdsA) {Escherichia coli},797,29260,.,+,.
.,forsyth,gene,HP0216,HYPOTHETICAL PROTEIEN,224692,225795,conserved hypothetical protein {Escherichia coli},1103,40480,.,+,.
.,forsyth,gene,HP0217,HYPOTHETICAL PROTEIEN,225849,226988,hypothetical protein,1139,41800,.,+,.
.,forsyth,gene,HP0218,HYPOTHETICAL PROTEIEN,227010,227558,hypothetical protein,548,20130,.,-,.
.,forsyth,gene,HP0219,HYPOTHETICAL PROTEIEN,227686,228162,hypothetical protein,476,17490,.,+,.
.,forsyth,gene,HP0220,"BIOSYNTHESIS OF COFACTORS, PROSTHETIC GROUPS, AND CARRIERS",228339,229499,synthesis of [Fe-S] cluster (nifS) {Anabaena sp.},1160,42570,.,+,.
.,forsyth,gene,HP0221,HYPOTHETICAL PROTEIEN,229524,230501,nifU-like protein {Anabaena azollae},977,35860,.,+,.
.,forsyth,gene,HP0222,HYPOTHETICAL PROTEIEN,230651,230869,hypothetical protein,218,8030,.,+,.
.,forsyth,gene,HP0223,TRANSLATION,230973,232340,ATP-dependent protease (sms) {Haemophilus influenzae},1367,50160,.,+,.
.,forsyth,gene,HP0224,REGULATORY FUNCTIONS,232467,233543,peptide methionine sulfoxide reductase (msrA) {Haemophilus influenzae},1076,39490,.,+,.
.,forsyth,gene,HP0225,HYPOTHETICAL PROTEIEN,233581,233646,hypothetical protein,65,2420,.,+,.
.,forsyth,gene,HP0226,HYPOTHETICAL PROTEIEN,233932,234762,conserved hypothetical integral membrane protein {Pseudomonas sp.},830,30470,.,-,.
.,forsyth,gene,HP0227,CELL ENVELOPE,234976,237048,outer membrane protein (omp5),2072,76010,.,-,.
.,forsyth,gene,HP0228,HYPOTHETICAL PROTEIEN,237297,238466,conserved hypothetical integral membrane protein {Bacillus subtilis},1169,42900,.,+,.
.,forsyth,gene,HP0229,CELL ENVELOPE,238711,240159,outer membrane protein (omp6),1448,53130,.,-,.
.,forsyth,gene,HP0230,CELL ENVELOPE,240357,241085,CTP:CMP-3-deoxy-D-manno-octulosonate-cytidylyl-transferase (kdsB) {Haemophilus influenzae},728,26730,.,-,.
.,forsyth,gene,HP0231,HYPOTHETICAL PROTEIEN,241193,241987,hypothetical protein,794,29150,.,+,.
.,forsyth,gene,HP0232,CELL ENVELOPE,242006,242650,secreted protein involved in flagellar motility {Helicobacter pylori},644,23650,.,+,.
.,forsyth,gene,HP0233,HYPOTHETICAL PROTEIEN,242677,243846,conserved hypothetical protein {Haemophilus influenzae},1169,42900,.,+,.
.,forsyth,gene,HP0234,HYPOTHETICAL PROTEIEN,243849,244376,conserved hypothetical integral membrane protein {Campylobacter coli},527,19360,.,+,.
.,forsyth,gene,HP0235,HYPOTHETICAL PROTEIEN,245101,246165,conserved hypothetical secreted protein {Escherichia coli},1064,39050,.,-,.
.,forsyth,gene,HP0236,HYPOTHETICAL PROTEIEN,246261,246629,hypothetical protein,368,13530,.,-,.
.,forsyth,gene,HP0237,"BIOSYNTHESIS OF COFACTORS, PROSTHETIC GROUPS, AND CARRIERS",246632,247549,porphobilinogen deaminase (hemC) {Escherichia coli},917,33660,.,-,.
.,forsyth,gene,HP0238,TRANSLATION,247563,249293,prolyl-tRNA synthetase (proS) {Escherichia coli},1730,63470,.,-,.
.,forsyth,gene,HP0239,"BIOSYNTHESIS OF COFACTORS, PROSTHETIC GROUPS, AND CARRIERS",249300,250646,glutamyl-tRNA reductase (hemA) {Pseudomonas aeruginosa},1346,49390,.,-,.
.,forsyth,gene,HP0240,"BIOSYNTHESIS OF COFACTORS, PROSTHETIC GROUPS, AND CARRIERS",250649,251569,octaprenyl-diphosphate synthase (ispB) {Escherichia coli},920,33770,.,-,.
.,forsyth,gene,HP0241,HYPOTHETICAL PROTEIEN,251582,251974,hypothetical protein,392,14410,.,-,.
.,forsyth,gene,HP0242,HYPOTHETICAL PROTEIEN,251970,252251,hypothetical protein,281,10340,.,-,.
.,forsyth,gene,HP0243,CELLULAR PROCESSES,252275,252706,neutrophil activating protein (napA) (bacterioferritin) {Helicobacter pylori},431,15840,.,-,.
.,forsyth,gene,HP0244,REGULATORY FUNCTIONS,252915,254057,"signal-transducing protein, histidine kinase (atoS) {Escherichia coli}",1142,41910,.,-,.
.,forsyth,gene,HP0245,HYPOTHETICAL PROTEIEN,254057,254371,hypothetical protein,314,11550,.,-,.
.,forsyth,gene,HP0246,CELL ENVELOPE,254371,255396,flagellar basal-body P-ring protein (flgI) {Salmonella choleraesuis},1025,37620,.,-,.
.,forsyth,gene,HP0247,TRANSLATION,255585,257060,"ATP-dependent RNA helicase, DEAD-box family (deaD)  {Haemophilus influenzae}",1475,54120,.,+,.
.,forsyth,gene,HP0248,HYPOTHETICAL PROTEIEN,257084,258169,conserved hypothetical protein {Synechocystis sp.},1085,39820,.,+,.
.,forsyth,gene,HP0249,HYPOTHETICAL PROTEIEN,258179,258715,hypothetical protein,536,19690,.,+,.
.,forsyth,gene,HP0250,TRANSPORT AND BINDING PROTEINS,258804,260351,"oligopeptide ABC transporter, ATP-binding protein (oppD) {Escherichia coli}",1547,56760,.,-,.
.,forsyth,gene,HP0251,TRANSPORT AND BINDING PROTEINS,260364,261377,"oligopeptide ABC transporter, permease protein (oppC) {Escherichia coli}",1013,37180,.,-,.
.,forsyth,gene,HP0252,CELL ENVELOPE,261719,263179,outer membrane protein (omp7),1460,53570,.,+,.
.,forsyth,gene,HP0253,HYPOTHETICAL PROTEIEN,263195,263308,hypothetical protein,113,4180,.,+,.
.,forsyth,gene,HP0254,CELL ENVELOPE,263314,264606,outer membrane protein (omp8),1292,47410,.,+,.
.,forsyth,gene,HP0255,"PURINES, PYRIMIDINES, NUCLEOSIDES AND NUCLEOTIDES",264709,265941,adenylosuccinate synthetase (purA) {Bacillus subtilis},1232,45210,.,+,.
.,forsyth,gene,HP0256,HYPOTHETICAL PROTEIEN,265941,266366,hypothetical protein,425,15620,.,+,.
.,forsyth,gene,HP0257,HYPOTHETICAL PROTEIEN,266362,267018,conserved hypothetical secreted protein {Bacillus subtilis},656,24090,.,+,.
.,forsyth,gene,HP0258,HYPOTHETICAL PROTEIEN,267021,268064,conserved hypothetical integral membrane protein {Haemophilus influenzae},1043,38280,.,+,.
.,forsyth,gene,HP0259,REPLICATION,268080,269339,"exonuclease VII, large subunit (xseA) {Haemophilus influenzae}",1259,46200,.,+,.
.,forsyth,gene,HP0260,REPLICATION,269381,270532,adenine specific DNA methyltransferase (mod) {Escherichia coli},1151,42240,.,-,.
.,forsyth,gene,HP0261,HYPOTHETICAL PROTEIEN,270528,270923,hypothetical protein,395,14520,.,-,.
.,forsyth,gene,HP0262,HYPOTHETICAL PROTEIEN,271081,271680,hypothetical protein,599,22000,.,+,.
.,forsyth,gene,HP0263,REPLICATION,271795,272550,adenine specific DNA methyltransferase (hpaim) {Haemophilus parainfluenzae},755,27720,.,+,.
.,forsyth,gene,HP0264,TRANSLATION,272626,275193,ATP-dependent protease binding subunit (clpB) {Helicobacter pylori},2567,94160,.,+,.
.,forsyth,gene,HP0265,ENERGY METABOLISM,275250,275969,cytochrome c biogenesis protein (ccdA) {Bacillus subtilis},719,26400,.,+,.
.,forsyth,gene,HP0266,"PURINES, PYRIMIDINES, NUCLEOSIDES AND NUCLEOTIDES",275982,277115,dihydroorotase (pyrC) {Pseudomonas putida},1133,41580,.,+,.
.,forsyth,gene,HP0267,CELLULAR PROCESSES,277103,278329,chlorohydrolase {Campylobacter jejuni},1226,44990,.,+,.
.,forsyth,gene,HP0268,HYPOTHETICAL PROTEIEN,278393,278632,hypothetical protein,239,8800,.,+,.
.,forsyth,gene,HP0269,HYPOTHETICAL PROTEIEN,278645,279955,conserved hypothetical ATP-binding protein {Pseudomonas aeruginosa},1310,48070,.,+,.
.,forsyth,gene,HP0270,HYPOTHETICAL PROTEIEN,280163,280648,hypothetical protein,485,17820,.,+,.
.,forsyth,gene,HP0271,HYPOTHETICAL PROTEIEN,280644,281624,hypothetical protein,980,35970,.,+,.
.,forsyth,gene,HP0272,HYPOTHETICAL PROTEIEN,281617,282147,hypothetical protein,530,19470,.,+,.
.,forsyth,gene,HP0273,HYPOTHETICAL PROTEIEN,282147,282683,hypothetical protein,536,19690,.,+,.
.,forsyth,gene,HP0274,HYPOTHETICAL PROTEIEN,282703,283098,conserved hypothetical protein {Methanococcus jannaschii},395,14520,.,+,.
.,forsyth,gene,HP0275,REPLICATION,283138,284427,ATP-dependent nuclease (addB) {Bacillus subtilis},1289,47300,.,+,.
.,forsyth,gene,HP0276,HYPOTHETICAL PROTEIEN,284418,284972,hypothetical protein,554,20350,.,+,.
.,forsyth,gene,HP0277,ENERGY METABOLISM,285032,285283,ferredoxin {Francisella tularensis},251,9240,.,+,.
.,forsyth,gene,HP0278,REGULATORY FUNCTIONS,285296,286747,guanosine pentaphosphate phosphohydrolase (gppA) {Escherichia coli},1451,53240,.,+,.
.,forsyth,gene,HP0279,CELL ENVELOPE,286747,287766,lipopolysaccharide heptosyltransferase-1 (rfaC) {Escherichia coli},1019,37400,.,+,.
.,forsyth,gene,HP0280,OTHER CATEGORIES,287766,288749,heat shock protein B (ibpB) {Escherichia coli},983,36080,.,+,.
.,forsyth,gene,HP0281,TRANSLATION,288855,289967,tRNA-guanine transglycosylase (tgt) {Escherichia coli},1112,40810,.,-,.
.,forsyth,gene,HP0282,HYPOTHETICAL PROTEIEN,290018,291457,hypothetical protein,1439,52800,.,+,.
.,forsyth,gene,HP0283,AMINO-ACID BIOSYNTHESIS,291465,292493,3-dehydroquinate synthase (aroB) {Escherichia coli},1028,37730,.,+,.
.,forsyth,gene,HP0284,HYPOTHETICAL PROTEIEN,292487,294055,conserved hypothetical integral membrane protein {Methanococcus jannaschii},1568,57530,.,+,.
.,forsyth,gene,HP0285,HYPOTHETICAL PROTEIEN,294055,295308,conserved hypothetical protein {Bacillus subtilis},1253,45980,.,+,.
.,forsyth,gene,HP0286,CELLULAR PROCESSES,295298,296947,cell division protein (ftsH) {Bacillus subtilis},1649,60500,.,+,.
.,forsyth,gene,HP0287,HYPOTHETICAL PROTEIEN,296953,297468,hypothetical protein,515,18920,.,+,.
.,forsyth,gene,HP0288,HYPOTHETICAL PROTEIEN,297484,297954,hypothetical protein,470,17270,.,+,.
.,forsyth,gene,HP0289,CELL ENVELOPE,298024,306702,toxin-like outer membrane protein {Helicobacter pylori},8678,318230,.,+,.
.,forsyth,gene,HP0290,AMINO-ACID BIOSYNTHESIS,306753,307967,diaminopimelate decarboxylase (dap decarboxylase) (lysA) {Haemophilus influenzae},1214,44550,.,+,.
.,forsyth,gene,HP0291,HYPOTHETICAL PROTEIEN,307975,308262,hypothetical protein,287,10560,.,+,.
.,forsyth,gene,HP0292,HYPOTHETICAL PROTEIEN,308278,309147,hypothetical protein,869,31900,.,+,.
.,forsyth,gene,HP0293,"BIOSYNTHESIS OF COFACTORS, PROSTHETIC GROUPS, AND CARRIERS",309151,310827,para-aminobenzoate synthetase (pabB) {Escherichia coli},1676,61490,.,+,.
.,forsyth,gene,HP0294,ENERGY METABOLISM,311023,312039,aliphatic amidase (aimE) {Pseudomonas aeruginosa},1016,37290,.,+,.
.,forsyth,gene,HP0295,CELL ENVELOPE,312148,314631,flagellin B homolog (fla) {Helicobacter pylori},2483,91080,.,-,.
.,forsyth,gene,HP0296,TRANSLATION,314873,315184,ribosomal protein L21 (rpl21) {Escherichia coli},311,11440,.,+,.
.,forsyth,gene,HP0297,TRANSLATION,315202,315465,ribosomal protein L27 (rpl27) {Haemophilus influenzae},263,9680,.,+,.
.,forsyth,gene,HP0298,TRANSPORT AND BINDING PROTEINS,315585,317231,"dipeptide ABC transporter, periplasmic dipeptide-binding protein (dppA) {Escherichia coli}",1646,60390,.,+,.
.,forsyth,gene,HP0299,TRANSPORT AND BINDING PROTEINS,317245,318246,"dipeptide ABC transporter, permease protein (dppB) {Escherichia coli}",1001,36740,.,+,.
.,forsyth,gene,HP0300,TRANSPORT AND BINDING PROTEINS,318249,319103,"dipeptide ABC transporter, permease protein (dppC) {Escherichia coli}",854,31350,.,+,.
.,forsyth,gene,HP0301,TRANSPORT AND BINDING PROTEINS,319118,319978,"dipeptide ABC transporter, ATP-binding protein (dppD) {Bacillus subtilis}",860,31570,.,+,.
.,forsyth,gene,HP0302,TRANSPORT AND BINDING PROTEINS,319978,320781,"dipeptide ABC transporter, ATP-binding protein (dppF) {Escherichia coli}",803,29480,.,+,.
.,forsyth,gene,HP0303,HYPOTHETICAL PROTEIEN,320804,321883,GTP-binding protein (obg) {Bacillus subtilis},1079,39600,.,+,.
.,forsyth,gene,HP0304,HYPOTHETICAL PROTEIEN,321928,322914,hypothetical protein,986,36190,.,+,.
.,forsyth,gene,HP0305,HYPOTHETICAL PROTEIEN,323161,323712,hypothetical protein,551,20240,.,+,.
.,forsyth,gene,HP0306,"BIOSYNTHESIS OF COFACTORS, PROSTHETIC GROUPS, AND CARRIERS",323725,325014,"glutamate-1-semialdehyde 2,1-aminomutase (hemL) {Escherichia coli}",1289,47300,.,+,.
.,forsyth,gene,HP0307,HYPOTHETICAL PROTEIEN,325014,325283,hypothetical protein,269,9900,.,+,.
.,forsyth,gene,HP0308,HYPOTHETICAL PROTEIEN,325302,325703,hypothetical protein,401,14740,.,+,.
.,forsyth,gene,HP0309,HYPOTHETICAL PROTEIEN,325790,326665,conserved hypothetical protein {Pseudomonas fluorescens},875,32120,.,+,.
.,forsyth,gene,HP0310,HYPOTHETICAL PROTEIEN,326681,327559,conserved hypothetical protein {Bacillus stearothermophilus},878,32230,.,+,.
.,forsyth,gene,HP0311,HYPOTHETICAL PROTEIEN,327608,327973,hypothetical protein,365,13420,.,+,.
.,forsyth,gene,HP0312,HYPOTHETICAL PROTEIN,327976,328938,conserved hypothetical ATP-binding protein {Escherichia coli},962,35310,.,+,.
.,forsyth,gene,HP0313,TRANSPORT AND BINDING PROTEINS,328950,330092,nitrite extrusion protein (narK) {Bacillus subtilis},1142,41910,.,-,.
.,forsyth,gene,HP0314,HYPOTHETICAL PROTEIEN,330453,330569,hypothetical protein,116,4290,.,+,.
.,forsyth,gene,HP0315,OTHER CATEGORIES,330591,330872,virulence associated protein D (vapD) {Haemophilus actinomycetemcomitans},281,10340,.,-,.
.,forsyth,gene,HP0316,HYPOTHETICAL PROTEIEN,330856,331245,hypothetical protein,389,14300,.,-,.
.,forsyth,gene,HP0317,CELL ENVELOPE,331857,334091,outer membrane protein (omp9),2234,81950,.,-,.
.,forsyth,gene,HP0318,HYPOTHETICAL PROTEIEN,334391,335143,conserved hypothetical protein {Haemophilus influenzae},752,27610,.,-,.
.,forsyth,gene,HP0319,TRANSLATION,335207,336829,arginyl-tRNA synthetase (argS) {Corynebacterium glutamicum},1622,59510,.,-,.
.,forsyth,gene,HP0320,HYPOTHETICAL PROTEIEN,336835,337071,conserved hypothetical secreted protein {Mycobacterium tuberculosis},236,8690,.,-,.
.,forsyth,gene,HP0321,"PURINES, PYRIMIDINES, NUCLEOSIDES AND NUCLEOTIDES",337146,337763,5'-guanylate kinase (gmk) {Haemophilus influenzae},617,22660,.,-,.
.,forsyth,gene,HP0322,HYPOTHETICAL PROTEIEN,337759,339273,poly E-rich protein {Petromyzon marinus},1514,55550,.,-,.
.,forsyth,gene,HP0323,REPLICATION,339415,339954,membrane bound endonuclease (nuc) {Escherichia coli},539,19800,.,+,.
.,forsyth,gene,HP0324,CELL ENVELOPE,339968,340729,outer membrane protein (omp10),761,27940,.,-,.
.,forsyth,gene,HP0325,CELL ENVELOPE,340832,341542,flagellar basal-body L-ring protein (flgH) {Salmonella choleraesuis},710,26070,.,+,.
.,forsyth,gene,HP0326,CELL ENVELOPE,341563,343113,CMP-N-acetylneuraminic acid synthetase (neuA) {Escherichia coli},1550,56870,.,+,.
.,forsyth,gene,HP0327,CELL ENVELOPE,343113,343652,flagellar protein G (flaG) {Caulobacter crescentus},539,19800,.,+,.
.,forsyth,gene,HP0328,HYPOTHETICAL PROTEIEN,343591,344526,conserved hypothetical protein {Haemophilus influenzae},935,34320,.,-,.
.,forsyth,gene,HP0329,"BIOSYNTHESIS OF COFACTORS, PROSTHETIC GROUPS, AND CARRIERS",344526,345305,NH(3)-dependent NAD+ synthetase (nadE) {Methanococcus jannaschii},779,28600,.,-,.
.,forsyth,gene,HP0330,AMINO-ACID BIOSYNTHESIS,345554,346543,ketol-acid reductoisomerase (ilvC) {Bacillus subtilis},989,36300,.,+,.
.,forsyth,gene,HP0331,CELLULAR PROCESSES,346571,347374,cell division inhibitor (minD) {Escherichia coli},803,29480,.,+,.
.,forsyth,gene,HP0332,CELLULAR PROCESSES,347374,347604,cell division topological specificity factor (minE) {Escherichia coli},230,8470,.,+,.
.,forsyth,gene,HP0333,CELLULAR PROCESSES,347607,348416,DNA processing chain A (dprA) {Haemophilus influenzae},809,29700,.,+,.
.,forsyth,gene,HP0334,HYPOTHETICAL PROTEIEN,348416,348817,conserved hypothetical protein {Escherichia coli},401,14740,.,+,.
.,forsyth,gene,HP0335,HYPOTHETICAL PROTEIEN,349106,349291,hypothetical protein,185,6820,.,+,.
.,forsyth,gene,HP0336,HYPOTHETICAL PROTEIEN,349236,349649,hypothetical protein,413,15180,.,+,.
.,forsyth,gene,HP0337,HYPOTHETICAL PROTEIEN,349779,350081,hypothetical protein,302,11110,.,+,.
.,forsyth,gene,HP0338,HYPOTHETICAL PROTEIEN,350068,350631,hypothetical protein,563,20680,.,+,.
.,forsyth,gene,HP0339,HYPOTHETICAL PROTEIEN,350692,351039,hypothetical protein,347,12760,.,+,.
.,forsyth,gene,HP0340,HYPOTHETICAL PROTEIEN,351030,351293,hypothetical protein,263,9680,.,+,.
.,forsyth,gene,HP0341,HYPOTHETICAL PROTEIEN,351308,351400,hypothetical protein,92,3410,.,+,.
.,forsyth,gene,HP0342,HYPOTHETICAL PROTEIEN,351596,351985,hypothetical protein,389,14300,.,+,.
.,forsyth,gene,HP0343,HYPOTHETICAL PROTEIEN,351988,352407,hypothetical protein,419,15400,.,+,.
.,forsyth,gene,HP0344,HYPOTHETICAL PROTEIEN,352310,352771,hypothetical protein,461,16940,.,+,.
.,forsyth,gene,HP0345,HYPOTHETICAL PROTEIEN,352764,353096,hypothetical protein,332,12210,.,+,.
.,forsyth,gene,HP0346,HYPOTHETICAL PROTEIEN,353219,353998,hypothetical protein,779,28600,.,+,.
.,forsyth,gene,HP0347,HYPOTHETICAL PROTEIEN,353998,354891,conserved hypothetical protein {Mycoplasma genitalium},893,32780,.,-,.
.,forsyth,gene,HP0348,REPLICATION,354894,356441,single-stranded-DNA-specific exonuclease (recJ) {Escherichia coli},1547,56760,.,-,.
.,forsyth,gene,HP0349,"PURINES, PYRIMIDINES, NUCLEOSIDES AND NUCLEOTIDES",356453,358066,CTP synthetase (pyrG) {Haemophilus influenzae},1613,59180,.,-,.
.,forsyth,gene,HP0350,HYPOTHETICAL PROTEIEN,358326,358991,hypothetical protein,665,24420,.,+,.
.,forsyth,gene,HP0351,CELL ENVELOPE,359038,360738,flagellar basal-body M-ring protein (fliF) {Salmonella choleraesuis},1700,62370,.,+,.
.,forsyth,gene,HP0352,CELL ENVELOPE,360759,361787,flagellar motor switch protein (fliG) {Borrelia burgdorferi},1028,37730,.,+,.
.,forsyth,gene,HP0353,CELL ENVELOPE,361777,362550,flagellar export protein (fliH) {Borrelia burgdorferi},773,28380,.,+,.
.,forsyth,gene,HP0354,ENERGY METABOLISM,362550,364403,transketolase B (tktB) {Haemophilus influenzae},1853,67980,.,+,.
.,forsyth,gene,HP0355,CELLULAR PROCESSES,364403,366208,GTP-binding membrane protein (lepA) {Haemophilus influenzae},1805,66220,.,+,.
.,forsyth,gene,HP0356,HYPOTHETICAL PROTEIEN,366226,366981,hypothetical protein,755,27720,.,+,.
.,forsyth,gene,HP0357,ENERGY METABOLISM,367136,367885,short chain alcohol dehydrogenase {Haemophilus influenzae},749,27500,.,-,.
.,forsyth,gene,HP0358,HYPOTHETICAL PROTEIEN,367906,369438,hypothetical protein,1532,56210,.,-,.
.,forsyth,gene,HP0359,HYPOTHETICAL PROTEIEN,369878,369940,hypothetical protein,62,2310,.,+,.
.,forsyth,gene,HP0360,ENERGY METABOLISM,370160,371191,UDP-glucose 4-epimerase {Azospirillum brasilense},1031,37840,.,+,.
.,forsyth,gene,HP0361,TRANSLATION,371191,371916,pseudouridylate synthase I (hisT) {Mycoplasma genitalium},725,26620,.,-,.
.,forsyth,gene,HP0362,HYPOTHETICAL PROTEIEN,371920,372954,conserved hypothetical integral membrane protein {Haemophilus influenzae},1034,37950,.,-,.
.,forsyth,gene,HP0363,TRANSLATION,372968,373594,L-isoaspartyl-protein carboxyl methyltransferase (pcm) {Escherichia coli},626,22990,.,-,.
.,forsyth,gene,HP0364,"PURINES, PYRIMIDINES, NUCLEOSIDES AND NUCLEOTIDES",373607,374629,"ribonucleoside diphosphate reductase, beta subunit (nrdB) {Synechocystis sp.}",1022,37510,.,-,.
.,forsyth,gene,HP0365,HYPOTHETICAL PROTEIEN,374835,374924,hypothetical protein,89,3300,.,+,.
.,forsyth,gene,HP0366,CELL ENVELOPE,374953,376077,spore coat polysaccharide biosynthesis protein C {Methanococcus jannaschii},1124,41250,.,-,.
.,forsyth,gene,HP0367,HYPOTHETICAL PROTEIEN,376077,376682,hypothetical protein,605,22220,.,-,.
.,forsyth,gene,HP0368,HYPOTHETICAL PROTEIEN,376778,377176,hypothetical protein,398,14630,.,-,.
.,forsyth,gene,HP0369,HYPOTHETICAL PROTEIEN,377325,378032,hypothetical protein,707,25960,.,-,.
.,forsyth,gene,HP0370,FATTY ACID AND PHOSPHOLIPID METABOLISM,378261,379634,biotin carboxylase (accC) {Escherichia coli},1373,50380,.,-,.
.,forsyth,gene,HP0371,FATTY ACID AND PHOSPHOLIPID METABOLISM,379643,380110,biotin carboxyl carrier protein (fabE) {Escherichia coli},467,17160,.,-,.
.,forsyth,gene,HP0372,"PURINES, PYRIMIDINES, NUCLEOSIDES AND NUCLEOTIDES",380234,380803,deoxycytidine triphosphate deaminase (dcd) {Haemophilus influenzae},569,20900,.,+,.
.,forsyth,gene,HP0373,HYPOTHETICAL PROTEIEN,380965,383064,conserved hypothetical protein {Helicobacter pylori},2099,77000,.,+,.
.,forsyth,gene,HP0374,HYPOTHETICAL PROTEIEN,383094,383771,conserved hypothetical protein {Haemophilus influenzae},677,24860,.,-,.
.,forsyth,gene,HP0375,HYPOTHETICAL PROTEIEN,383775,384203,hypothetical protein,428,15730,.,-,.
.,forsyth,gene,HP0376,"BIOSYNTHESIS OF COFACTORS, PROSTHETIC GROUPS, AND CARRIERS",384259,385260,ferrochelatase (hemH) {Homo sapiens},1001,36740,.,+,.
.,forsyth,gene,HP0377,HYPOTHETICAL PROTEIEN,385340,386002,"thiol:disulfide interchange protein (dsbC), putative {Erwinia chrysanthemi}",662,24310,.,+,.
.,forsyth,gene,HP0378,ENERGY METABOLISM,386015,388822,cytochrome c biogenesis protein (ycf5) {Cyanophora paradoxa},2807,102960,.,+,.
.,forsyth,gene,HP0379,CELL ENVELOPE,388835,390109,fucosyltransferase {Homo sapiens},1274,46750,.,+,.
.,forsyth,gene,HP0380,AMINO-ACID BIOSYNTHESIS,390128,391471,glutamate dehydrogenase (gdhA) {Eschericha coli},1343,49280,.,-,.
.,forsyth,gene,HP0381,"BIOSYNTHESIS OF COFACTORS, PROSTHETIC GROUPS, AND CARRIERS",391540,392367,protoporphyrinogen oxidase (hemK) {Bacillus subtilis},827,30360,.,-,.
.,forsyth,gene,HP0382,TRANSLATION,392367,393587,zinc-metallo protease (YJR117W) {Saccharomyces cerevisiae},1220,44770,.,-,.
.,forsyth,gene,HP0383,HYPOTHETICAL PROTEIEN,393770,394291,hypothetical protein,521,19140,.,+,.
.,forsyth,gene,HP0384,HYPOTHETICAL PROTEIEN,394340,395089,hypothetical protein,749,27500,.,-,.
.,forsyth,gene,HP0385,HYPOTHETICAL PROTEIEN,395289,395516,hypothetical protein,227,8360,.,+,.
.,forsyth,gene,HP0386,HYPOTHETICAL PROTEIEN,395532,395765,hypothetical protein,233,8580,.,+,.
.,forsyth,gene,HP0387,REPLICATION,395753,397609,primosomal protein replication factor (priA) {Haemophilus influenzae},1856,68090,.,+,.
.,forsyth,gene,HP0388,HYPOTHETICAL PROTEIEN,397649,398377,conserved hypothetical protein {Haemophilus influenzae},728,26730,.,-,.
.,forsyth,gene,HP0389,CELLULAR PROCESSES,398435,399073,superoxide dismutase (sodB) {Helicobacter pylori},638,23430,.,-,.
.,forsyth,gene,HP0390,HYPOTHETICAL PROTEIEN,399297,399794,adhesin-thiol peroxidase (tagD) {Haemophilus influenzae},497,18260,.,+,.
.,forsyth,gene,HP0391,CELLULAR PROCESSES,400055,400549,purine-binding chemotaxis protein (cheW) {Escherichia coli},494,18150,.,-,.
.,forsyth,gene,HP0392,CELLULAR PROCESSES,400549,402957,histidine kinase (cheA) {Borrelia burgdorferi},2408,88330,.,-,.
.,forsyth,gene,HP0393,CELLULAR PROCESSES,403017,403949,chemotaxis protein (cheV) {Bacillus subtilis},932,34210,.,-,.
.,forsyth,gene,HP0394,HYPOTHETICAL PROTEIEN,403956,404711,hypothetical protein,755,27720,.,-,.
.,forsyth,gene,HP0395,HYPOTHETICAL PROTEIEN,404716,405381,conserved hypothetical protein {Haemophilus influenzae},665,24420,.,-,.
.,forsyth,gene,HP0396,HYPOTHETICAL PROTEIEN,405407,407254,conserved hypothetical protein {Escherichia coli},1847,67760,.,-,.
.,forsyth,gene,HP0397,AMINO-ACID BIOSYNTHESIS,407267,408838,phosphoglycerate dehydrogenase (serA) {Escherichia coli},1571,57640,.,-,.
.,forsyth,gene,HP0398,HYPOTHETICAL PROTEIEN,408857,409402,hypothetical protein,545,20020,.,-,.
.,forsyth,gene,HP0399,TRANSLATION,409434,411101,ribosomal protein S1 (rps1) {Escherichia coli},1667,61160,.,-,.
.,forsyth,gene,HP0400,REGULATORY FUNCTIONS,411225,412046,penicillin tolerance protein (lytB) {Haemophilus influenzae},821,30140,.,-,.
.,forsyth,gene,HP0401,AMINO-ACID BIOSYNTHESIS,412039,413325,3-phosphoshikimate 1-carboxyvinyltransferase (aroA) {Campylobacter jejuni},1286,47190,.,-,.
.,forsyth,gene,HP0402,TRANSLATION,413344,415635,"phenylalanyl-tRNA synthetase, beta subunit (pheT) {Bacillus subtilis}",2291,84040,.,-,.
.,forsyth,gene,HP0403,TRANSLATION,415638,416621,"phenylalanyl-tRNA synthetase, alpha subunit (pheS) {Haemophilus influenzae}",983,36080,.,-,.
.,forsyth,gene,HP0404,TRANSLATION,416702,417013,protein kinase C inhibitor (SP:P16436) {Haemophilus influenzae},311,11440,.,+,.
.,forsyth,gene,HP0405,HYPOTHETICAL PROTEIEN,417035,418354,nifS-like protein {Mycobacterium leprae},1319,48400,.,+,.
.,forsyth,gene,HP0406,HYPOTHETICAL PROTEIEN,418383,418970,hypothetical protein,587,21560,.,+,.
.,forsyth,gene,HP0407,"BIOSYNTHESIS OF COFACTORS, PROSTHETIC GROUPS, AND CARRIERS",419077,421464,biotin sulfoxide reductase (bisC) {Haemophilus influenzae},2387,87560,.,+,.
.,forsyth,gene,HP0408,HYPOTHETICAL PROTEIEN,421633,422118,hypothetical protein,485,17820,.,+,.
.,forsyth,gene,HP0409,"PURINES, PYRIMIDINES, NUCLEOSIDES AND NUCLEOTIDES",422132,423655,GMP synthase (guaA) {Saccharomyces cerevisiae},1523,55880,.,+,.
.,forsyth,gene,HP0410,CELL ENVELOPE,423743,424489,putative neuraminyllactose-binding hemagglutinin homolog (hpaA) {Helicobacter pylori},746,27390,.,+,.
.,forsyth,gene,HP0411,HYPOTHETICAL PROTEIEN,424588,424902,hypothetical protein,314,11550,.,+,.
.,forsyth,gene,HP0412,HYPOTHETICAL PROTEIEN,425155,425250,hypothetical protein,95,3520,.,+,.
.,forsyth,gene,HP0413,OTHER CATEGORIES,426035,426838,"transposase-like protein, PS3IS {Thermophilic bacterium}",803,29480,.,-,.
.,forsyth,gene,HP0414,OTHER CATEGORIES,426876,427289,IS200 insertion sequence from SARA17 {Salmonella choleraesuis},413,15180,.,+,.
.,forsyth,gene,HP0415,HYPOTHETICAL PROTEIEN,427687,429555,conserved hypothetical integral membrane protein {Eshcerichia coli},1868,68530,.,+,.
.,forsyth,gene,HP0416,FATTY ACID AND PHOSPHOLIPID METABOLISM,429564,430730,cyclopropane fatty acid synthase (cfa) {Escherichia coli},1166,42790,.,-,.
.,forsyth,gene,HP0417,TRANSLATION,430899,432848,methionyl-tRNA synthetase (metS) {Bacillus stearothermophilus},1949,71500,.,+,.
.,forsyth,gene,HP0418,HYPOTHETICAL PROTEIEN,432852,433856,hypothetical protein,1004,36850,.,+,.
.,forsyth,gene,HP0419,HYPOTHETICAL PROTEIEN,433863,434645,conserved hypothetical protein {Haemophilus influenzae},782,28710,.,+,.
.,forsyth,gene,HP0420,HYPOTHETICAL PROTEIEN,434665,435090,hypothetical protein,425,15620,.,+,.
.,forsyth,gene,HP0421,CELL ENVELOPE,435098,436264,type 1 capsular polysaccharide biosynthesis protein J (capJ) {Staphylococcus aureus},1166,42790,.,+,.
.,forsyth,gene,HP0422,CENTRAL INTERMEDIARY METABOLISM,436282,438126,arginine decarboxylase (speA) {Escherichia coli},1844,67650,.,+,.
.,forsyth,gene,HP0423,HYPOTHETICAL PROTEIEN,438245,439168,hypothetical protein,923,33880,.,-,.
.,forsyth,gene,HP0424,HYPOTHETICAL PROTEIEN,439287,441143,hypothetical protein,1856,68090,.,-,.
.,forsyth,gene,HP0425,HYPOTHETICAL PROTEIEN,441188,442438,hypothetical protein,1250,45870,.,-,.
.,forsyth,gene,HP0426,HYPOTHETICAL PROTEIEN,442482,444215,hypothetical protein,1733,63580,.,-,.
.,forsyth,gene,HP0427,HYPOTHETICAL PROTEIEN,444268,444600,hypothetical protein,332,12210,.,-,.
.,forsyth,gene,HP0428,OTHER CATEGORIES,449150,449704,phage/colicin/tellurite resistance cluster terY protein {Escherichia coli},554,20350,.,+,.
.,forsyth,gene,HP0429,HYPOTHETICAL PROTEIEN,449832,449867,hypothetical protein,35,1320,.,+,.
.,forsyth,gene,HP0430,HYPOTHETICAL PROTEIEN,449956,450120,hypothetical protein,164,6050,.,+,.
.,forsyth,gene,HP0431,HYPOTHETICAL PROTEIEN,450127,450810,protein phosphatase 2C homolog (ptc1) {Mycoplasma genitalium},683,25080,.,+,.
.,forsyth,gene,HP0432,HYPOTHETICAL PROTEIEN,450804,451691,protein kinase C-like protein {Mus musculus},887,32560,.,+,.
.,forsyth,gene,HP0433,HYPOTHETICAL PROTEIEN,451722,452162,hypothetical protein,440,16170,.,+,.
.,forsyth,gene,HP0434,HYPOTHETICAL PROTEIEN,452159,453325,hypothetical protein,1166,42790,.,+,.
.,forsyth,gene,HP0435,HYPOTHETICAL PROTEIEN,453399,453971,hypothetical protein,572,21010,.,+,.
.,forsyth,gene,HP0436,HYPOTHETICAL PROTEIEN,453958,454320,hypothetical protein,362,13310,.,+,.
.,forsyth,gene,HP0437,OTHER CATEGORIES,454333,454758,IS605 transposase (tnpA) {Helicobacter pylori},425,15620,.,-,.
.,forsyth,gene,HP0438,OTHER CATEGORIES,454828,456108,IS605 transposase (tnpB) {Helicobacter pylori},1280,46970,.,+,.
.,forsyth,gene,HP0439,HYPOTHETICAL PROTEIEN,456083,457180,hypothetical protein,1097,40260,.,-,.
.,forsyth,gene,HP0440,REPLICATION,457300,459330,DNA topoisomerase I (topA) {Haemophilus influenzae},2030,74470,.,-,.
.,forsyth,gene,HP0441,CELLULAR PROCESSES,459336,461756,VirB4 homolog {Bordetella pertussis},2420,88770,.,-,.
.,forsyth,gene,HP0442,HYPOTHETICAL PROTEIEN,461752,462015,hypothetical protein,263,9680,.,-,.
.,forsyth,gene,HP0443,HYPOTHETICAL PROTEIEN,462019,462318,hypothetical protein,299,11000,.,-,.
.,forsyth,gene,HP0444,HYPOTHETICAL PROTEIEN,462318,463838,hypothetical protein,1520,55770,.,-,.
.,forsyth,gene,HP0445,HYPOTHETICAL PROTEIEN,463957,464139,hypothetical protein,182,6710,.,-,.
.,forsyth,gene,HP0446,HYPOTHETICAL PROTEIEN,464161,464937,hypothetical protein,776,28490,.,-,.
.,forsyth,gene,HP0447,HYPOTHETICAL PROTEIEN,465045,466124,conserved hypothetical protein {Saccharomyces cerevisiae},1079,39600,.,+,.
.,forsyth,gene,HP0448,HYPOTHETICAL PROTEIEN,466124,466507,hypothetical protein,383,14080,.,+,.
.,forsyth,gene,HP0449,HYPOTHETICAL PROTEIEN,466757,468172,hypothetical protein,1415,51920,.,+,.
.,forsyth,gene,HP0450,HYPOTHETICAL PROTEIEN,468172,468303,hypothetical protein,131,4840,.,+,.
.,forsyth,gene,HP0451,HYPOTHETICAL PROTEIEN,468276,468698,hypothetical protein,422,15510,.,+,.
.,forsyth,gene,HP0452,HYPOTHETICAL PROTEIEN,468777,470330,hypothetical protein,1553,56980,.,+,.
.,forsyth,gene,HP0453,HYPOTHETICAL PROTEIEN,470340,473402,hypothetical protein,3062,112310,.,+,.
.,forsyth,gene,HP0454,HYPOTHETICAL PROTEIEN,473368,474063,hypothetical protein,695,25520,.,+,.
.,forsyth,gene,HP0455,HYPOTHETICAL PROTEIEN,474313,474621,hypothetical protein,308,11330,.,+,.
.,forsyth,gene,HP0456,HYPOTHETICAL PROTEIEN,475056,475505,hypothetical protein,449,16500,.,+,.
.,forsyth,gene,HP0457,HYPOTHETICAL PROTEIEN,475826,476086,hypothetical protein,260,9570,.,+,.
.,forsyth,gene,HP0458,HYPOTHETICAL PROTEIEN,476101,476334,hypothetical protein,233,8580,.,+,.
.,forsyth,gene,HP0459,CELLULAR PROCESSES,476337,478910,virB4 homolog (virB4) {Agrobacterium radiobacter},2573,94380,.,+,.
.,forsyth,gene,HP0460,HYPOTHETICAL PROTEIEN,479043,479528,hypothetical protein,485,17820,.,+,.
.,forsyth,gene,HP0461,HYPOTHETICAL PROTEIEN,479560,479649,hypothetical protein,89,3300,.,-,.
.,forsyth,gene,HP0462,REPLICATION,480065,481159,type I restriction enzyme S protein (hsdS) {Methanococcus jannaschii},1094,40150,.,-,.
.,forsyth,gene,HP0463,REPLICATION,481322,482782,type I restriction enzyme M protein (hsdM) {Escherichia coli},1460,53570,.,-,.
.,forsyth,gene,HP0464,REPLICATION,482778,485942,type I restriction enzyme R protein (hsdR) {Methanococcus jannaschii},3164,116050,.,-,.
.,forsyth,gene,HP0465,HYPOTHETICAL PROTEIEN,485993,487885,conserved hypothetical protein {Helicobacter pylori},1892,69410,.,-,.
.,forsyth,gene,HP0466,HYPOTHETICAL PROTEIEN,487913,488677,conserved hypothetical protein {Helicobacter pylori},764,28050,.,-,.
.,forsyth,gene,HP0467,HYPOTHETICAL PROTEIEN,488690,489034,conserved hypothetical integral membrane protein {Helicobacter pylori},344,12650,.,-,.
.,forsyth,gene,HP0468,HYPOTHETICAL PROTEIEN,489006,490490,conserved hypothetical protein {Helicobacter pylori},1484,54450,.,-,.
.,forsyth,gene,HP0469,HYPOTHETICAL PROTEIEN,490505,490990,conserved hypothetical protein {Helicobacter pylori},485,17820,.,-,.
.,forsyth,gene,HP0470,TRANSLATION,490978,492711,oligoendopeptidase F (pepF) {Helicobacter pylori},1733,63580,.,-,.
.,forsyth,gene,HP0471,TRANSPORT AND BINDING PROTEINS,492812,494059,glutathione-regulated potassium-efflux system protein (kefB) {Helicobacter pylori},1247,45760,.,-,.
.,forsyth,gene,HP0472,CELL ENVELOPE,494382,494939,outer membrane protein (omp11),557,20460,.,-,.
.,forsyth,gene,HP0473,TRANSPORT AND BINDING PROTEINS,495165,495902,"molybdenum ABC transporter, periplasmic molybdate-binding protein (modA) {Helicobacter pylori}",737,27060,.,+,.
.,forsyth,gene,HP0474,TRANSPORT AND BINDING PROTEINS,495927,496598,"molybdenum ABC transporter, permease protein (modB) {Escherichia coli}",671,24640,.,+,.
.,forsyth,gene,HP0475,TRANSPORT AND BINDING PROTEINS,496598,497392,"molybdenum ABC transporter, ATP-binding protein (modD) {Azotobacter vinelandii}",794,29150,.,+,.
.,forsyth,gene,HP0476,TRANSLATION,497513,498901,glutamyl-tRNA synthetase (gltX) {Escherichia coli},1388,50930,.,-,.
.,forsyth,gene,HP0477,CELL ENVELOPE,499019,500119,outer membrane protein (omp12),1100,40370,.,+,.
.,forsyth,gene,HP0478,REPLICATION,500131,501765,adenine specific DNA methyltransferase (VSPIM) {Vibrio sp.},1634,59950,.,+,.
.,forsyth,gene,HP0479,HYPOTHETICAL PROTEIEN,501734,502579,hypothetical protein,845,31020,.,+,.
.,forsyth,gene,HP0480,HYPOTHETICAL PROTEIEN,502628,504424,"GTP-binding protein, fusA-homolog (yihK) {Escherichia coli}",1796,65890,.,+,.
.,forsyth,gene,HP0481,REPLICATION,504443,505075,adenine specific DNA methyltransferase (MFOKI) {Flavobacterium okeanokoites},632,23210,.,+,.
.,forsyth,gene,HP0482,HYPOTHETICAL PROTEIEN,505374,505883,hypothetical protein,509,18700,.,+,.
.,forsyth,gene,HP0483,REPLICATION,506145,507131,cytosine specific DNA methyltransferase (HPHIMC) {Haemophilus parahaemolyticus},986,36190,.,+,.
.,forsyth,gene,HP0484,HYPOTHETICAL PROTEIEN,507136,507885,hypothetical protein,749,27500,.,+,.
.,forsyth,gene,HP0485,HYPOTHETICAL PROTEIEN,508125,509066,catalase-like protein {Synechococcus sp.},941,34540,.,-,.
.,forsyth,gene,HP0486,HYPOTHETICAL PROTEIEN,509352,510935,hypothetical protein,1583,58080,.,+,.
.,forsyth,gene,HP0487,HYPOTHETICAL PROTEIEN,510965,512404,hypothetical protein,1439,52800,.,+,.
.,forsyth,gene,HP0488,HYPOTHETICAL PROTEIEN,512806,515676,hypothetical protein,2870,105270,.,+,.
.,forsyth,gene,HP0489,HYPOTHETICAL PROTEIEN,515693,516577,hypothetical protein,884,32450,.,+,.
.,forsyth,gene,HP0490,TRANSPORT AND BINDING PROTEINS,517003,518136,"putative potassium channel protein, putative {Methanococcus jannaschii}",1133,41580,.,-,.
.,forsyth,gene,HP0491,TRANSLATION,518288,518473,ribosomal protein L28 (rpL28) {Mycoplasma genitalium},185,6820,.,-,.
.,forsyth,gene,HP0492,HYPOTHETICAL PROTEIEN,518576,519409,hypothetical protein,833,30580,.,-,.
.,forsyth,gene,HP0493,CELL ENVELOPE,519534,520592,phospho-N-acetylmuramoyl-pentapeptide-transferase (mraY) {Escherichia coli},1058,38830,.,+,.
.,forsyth,gene,HP0494,CELL ENVELOPE,520597,521862,UDP-N-acetylmuramoylalanine-D-glutamate ligase (murD) {Haemophilus influenzae},1265,46420,.,+,.
.,forsyth,gene,HP0495,HYPOTHETICAL PROTEIEN,521865,522122,hypothetical protein,257,9460,.,-,.
.,forsyth,gene,HP0496,HYPOTHETICAL PROTEIEN,522115,522513,conserved hypothetical protein {Helicobacter pylori},398,14630,.,-,.
.,forsyth,gene,HP0497,TRANSPORT AND BINDING PROTEINS,522742,524067,sodium- and chloride-dependent transporter {Haemophilus influenzae},1325,48620,.,+,.
.,forsyth,gene,HP0498,TRANSPORT AND BINDING PROTEINS,524081,525406,sodium- and chloride-dependent transporter  {Haemophilus influenzae},1325,48620,.,+,.
.,forsyth,gene,HP0499,FATTY ACID AND PHOSPHOLIPID METABOLISM,525424,526488,phospholipase A1 precursor (DR-phospholipase A) {Escherichia coli},1064,39050,.,+,.
.,forsyth,gene,HP0500,REPLICATION,526549,527670,DNA polymerase III beta-subunit (dnaN) {Haemophilus influenzae},1121,41140,.,+,.
.,forsyth,gene,HP0501,REPLICATION,527686,530004,"DNA gyrase, sub B (gyrB) {Haemophilus influenzae}",2318,85030,.,+,.
.,forsyth,gene,HP0502,HYPOTHETICAL PROTEIEN,530053,530214,hypothetical protein,161,5940,.,+,.
.,forsyth,gene,HP0503,HYPOTHETICAL PROTEIEN,530306,531043,hypothetical protein,737,27060,.,+,.
.,forsyth,gene,HP0504,HYPOTHETICAL PROTEIEN,531033,531179,hypothetical protein,146,5390,.,+,.
.,forsyth,gene,HP0505,HYPOTHETICAL PROTEIEN,531323,531784,hypothetical protein,461,16940,.,+,.
.,forsyth,gene,HP0506,HYPOTHETICAL PROTEIEN,531991,533199,conserved hypothetical secreted protein {Haemophilus influenzae},1208,44330,.,+,.
.,forsyth,gene,HP0507,HYPOTHETICAL PROTEIEN,533202,533837,conserved hypothetical protein {Caenorhabditis elegans},635,23320,.,+,.
.,forsyth,gene,HP0508,HYPOTHETICAL PROTEIEN,533851,535206,hypothetical protein,1355,49720,.,+,.
.,forsyth,gene,HP0509,ENERGY METABOLISM,535211,536587,glycolate oxidase subunit (glcD) {Helicobacter pylori},1376,50490,.,+,.
.,forsyth,gene,HP0510,AMINO-ACID BIOSYNTHESIS,536612,537373,dihydrodipicolinate reductase (dapB) {Helicobacter pylori},761,27940,.,+,.
.,forsyth,gene,HP0511,HYPOTHETICAL PROTEIEN,537802,537915,hypothetical protein,113,4180,.,+,.
.,forsyth,gene,HP0512,AMINO-ACID BIOSYNTHESIS,538240,539682,glutamine synthetase (glnA) {Eschericha coli},1442,52910,.,-,.
.,forsyth,gene,HP0513,HYPOTHETICAL PROTEIEN,539973,541946,hypothetical protein,1973,72380,.,+,.
.,forsyth,gene,HP0514,TRANSLATION,542010,542459,ribosomal protein L9 (rpl9) {Bacillus stearothermophilus},449,16500,.,+,.
.,forsyth,gene,HP0515,TRANSLATION,542466,543005,heat shock protein (hslV) {Haemophilus influenzae},539,19800,.,+,.
.,forsyth,gene,HP0516,TRANSLATION,543008,544336,heat shock protein (hslU) ORF1 {Helicobacter pylori},1328,48730,.,+,.
.,forsyth,gene,HP0517,CELLULAR PROCESSES,544336,545241,GTP-binding protein (era) {Helicobacter pylori},905,33220,.,+,.
.,forsyth,gene,HP0518,HYPOTHETICAL PROTEIEN,545241,546230,conserved hypothetical secreted protein {Helicobacter pylori},989,36300,.,+,.
.,forsyth,gene,HP0519,HYPOTHETICAL PROTEIEN,546325,547152,conserved hypothetical protein {Helicobacter pylori},827,30360,.,-,.
.,forsyth,gene,HP0520,CELLULAR PROCESSES,547328,547672,cag pathogenicity island protein (cag1) {Helicobacter pylori},344,12650,.,+,.
.,forsyth,gene,HP0521,CELLULAR PROCESSES,547783,548022,cag pathogenicity island protein (cag2) {Helicobacter pylori},239,8800,.,+,.
.,forsyth,gene,HP0522,CELLULAR PROCESSES,548134,549576,cag pathogenicity island protein (cag3) {Helicobacter pylori},1442,52910,.,+,.
.,forsyth,gene,HP0523,CELLULAR PROCESSES,549589,550095,cag pathogenicity island protein (cag4) {Helicobacter pylori},506,18590,.,+,.
.,forsyth,gene,HP0524,CELLULAR PROCESSES,550220,552463,cag pathogenicity island protein (cag5) {Helicobacter pylori},2243,82280,.,-,.
.,forsyth,gene,HP0525,CELLULAR PROCESSES,552475,553464,virB11 homolog {Helicobacter pylori},989,36300,.,-,.
.,forsyth,gene,HP0526,CELLULAR PROCESSES,553472,554068,cag pathogenicity island protein (cag6) {Helicobacter pylori},596,21890,.,-,.
.,forsyth,gene,HP0527,CELLULAR PROCESSES,554209,559989,cag pathogenicity island protein (cag7) {Helicobacter pylori},5780,211970,.,-,.
.,forsyth,gene,HP0528,CELLULAR PROCESSES,560007,561572,cag pathogenicity island protein (cag8) {Helicobacter pylori},1565,57420,.,-,.
.,forsyth,gene,HP0529,CELLULAR PROCESSES,561628,563232,cag pathogenicity island protein (cag9) {Helicobacter pylori},1604,58850,.,-,.
.,forsyth,gene,HP0530,CELLULAR PROCESSES,563240,563995,cag pathogenicity island protein (cag10) {Helicobacter pylori},755,27720,.,-,.
.,forsyth,gene,HP0531,CELLULAR PROCESSES,564381,565034,cag pathogenicity island protein (cag11) {Helicobacter pylori},653,23980,.,+,.
.,forsyth,gene,HP0532,CELLULAR PROCESSES,565073,565912,cag pathogenicity island protein (cag12) {Helicobacter pylori},839,30800,.,+,.
.,forsyth,gene,HP0533,HYPOTHETICAL PROTEIEN,566038,566124,hypothetical protein,86,3190,.,-,.
.,forsyth,gene,HP0534,CELLULAR PROCESSES,566129,566716,cag pathogenicity island protein (cag13) {Helicobacter pylori},587,21560,.,-,.
.,forsyth,gene,HP0535,CELLULAR PROCESSES,567145,567522,cag pathogenicity island protein (cag14) {Helicobacter pylori},377,13860,.,-,.
.,forsyth,gene,HP0536,CELLULAR PROCESSES,567958,568299,cag pathogenicity island protein (cag15) {Helicobacter pylori},341,12540,.,-,.
.,forsyth,gene,HP0537,CELLULAR PROCESSES,568723,569850,cag pathogenicity island protein (cag16) {Helicobacter pylori},1127,41360,.,+,.
.,forsyth,gene,HP0538,CELLULAR PROCESSES,569868,570785,cag pathogenicity island protein (cag17) {Helicobacter pylori},917,33660,.,+,.
.,forsyth,gene,HP0539,CELLULAR PROCESSES,570873,571583,cag pathogenicity island protein (cag18) {Helicobacter pylori},710,26070,.,-,.
.,forsyth,gene,HP0540,CELLULAR PROCESSES,571583,572725,cag pathogenicity island protein (cag19) {Helicobacter pylori},1142,41910,.,-,.
.,forsyth,gene,HP0541,CELLULAR PROCESSES,572739,573848,cag pathogenicity island protein (cag20) {Helicobacter pylori},1109,40700,.,-,.
.,forsyth,gene,HP0542,CELLULAR PROCESSES,573867,574292,cag pathogenicity island protein (cag21) {Helicobacter pylori},425,15620,.,-,.
.,forsyth,gene,HP0543,CELLULAR PROCESSES,574350,575153,cag pathogenicity island protein (cag22) {Helicobacter pylori},803,29480,.,-,.
.,forsyth,gene,HP0544,CELLULAR PROCESSES,575158,578106,cag pathogenicity island protein (cag23) {Helicobacter pylori},2948,108130,.,-,.
.,forsyth,gene,HP0545,CELLULAR PROCESSES,578118,578738,cag pathogenicity island protein (cag24) {Helicobacter pylori},620,22770,.,-,.
.,forsyth,gene,HP0546,CELLULAR PROCESSES,578743,579087,cag pathogenicity island protein (cag25) {Helicobacter pylori},344,12650,.,-,.
.,forsyth,gene,HP0547,CELLULAR PROCESSES,579921,583478,cag pathogenicity island protein (cag26) {Helicobacter pylori},3557,130460,.,+,.
.,forsyth,gene,HP0548,REPLICATION,583610,584434,"DNA helicase, putative {Methanococcus jannaschii}",824,30250,.,+,.
.,forsyth,gene,HP0549,CELL ENVELOPE,584586,585350,glutamate racemase (glr) {Staphylococcus haemolyticus},764,28050,.,-,.
.,forsyth,gene,HP0550,TRANSCRIPTION,585391,586704,transcription termination factor Rho (rho) {Haemophilus influenzae},1313,48180,.,-,.
.,forsyth,gene,HP0551,TRANSLATION,586968,587168,ribosomal protein L31 (rpl31) {Bacillus subtilis},200,7370,.,+,.
.,forsyth,gene,HP0552,HYPOTHETICAL PROTEIEN,587196,588056,conserved hypothetical protein {Escherichia coli},860,31570,.,+,.
.,forsyth,gene,HP0553,HYPOTHETICAL PROTEIEN,588072,588752,conserved hypothetical protein {Haemophilus influenzae},680,24970,.,+,.
.,forsyth,gene,HP0554,HYPOTHETICAL PROTEIEN,588768,589730,hypothetical protein,962,35310,.,+,.
.,forsyth,gene,HP0555,HYPOTHETICAL PROTEIEN,589730,590548,hypothetical protein,818,30030,.,+,.
.,forsyth,gene,HP0556,HYPOTHETICAL PROTEIEN,590627,591061,hypothetical protein,434,15950,.,-,.
.,forsyth,gene,HP0557,FATTY ACID AND PHOSPHOLIPID METABOLISM,591533,592468,acetyl-coenzyme A carboxylase (accA) {Escherichia coli},935,34320,.,-,.
.,forsyth,gene,HP0558,FATTY ACID AND PHOSPHOLIPID METABOLISM,592494,593729,beta ketoacyl-acyl carrier protein synthase II (fabF) {Escherichia coli},1235,45320,.,-,.
.,forsyth,gene,HP0559,FATTY ACID AND PHOSPHOLIPID METABOLISM,594040,594273,acyl carrier protein (acpP) {Haemophilus influenzae},233,8580,.,-,.
.,forsyth,gene,HP0560,HYPOTHETICAL PROTEIEN,594329,594406,hypothetical protein,77,2860,.,-,.
.,forsyth,gene,HP0561,FATTY ACID AND PHOSPHOLIPID METABOLISM,594507,595247,3-ketoacyl-acyl carrier protein reductase (fabG) {Escherichia coli},740,27170,.,-,.
.,forsyth,gene,HP0562,TRANSLATION,595292,595501,ribosomal protein S21 (rps21) {Myxococcus xanthus},209,7700,.,-,.
.,forsyth,gene,HP0563,HYPOTHETICAL PROTEIEN,595605,596852,hypothetical protein,1247,45760,.,-,.
.,forsyth,gene,HP0564,HYPOTHETICAL PROTEIEN,597100,597267,hypothetical protein,167,6160,.,+,.
.,forsyth,gene,HP0565,HYPOTHETICAL PROTEIEN,597296,597940,hypothetical protein,644,23650,.,-,.
.,forsyth,gene,HP0566,AMINO-ACID BIOSYNTHESIS,598050,598868,diaminopimelate epimerase (dapF) {Haemophilus influenzae},818,30030,.,-,.
.,forsyth,gene,HP0567,CELL ENVELOPE,598984,600027,membrane protein {Streptococcus pneumoniae},1043,38280,.,+,.
.,forsyth,gene,HP0568,HYPOTHETICAL PROTEIEN,600180,600944,hypothetical protein,764,28050,.,-,.
.,forsyth,gene,HP0569,HYPOTHETICAL PROTEIEN,601082,602179,GTP-binding protein (gtp1) {Mycoplasma genitalium},1097,40260,.,-,.
.,forsyth,gene,HP0570,TRANSLATION,602184,603671,aminopeptidase a/i (pepA) {Haemophilus influenzae},1487,54560,.,-,.
.,forsyth,gene,HP0571,HYPOTHETICAL PROTEIEN,603722,604297,conserved hypothetical integral membrane protein {Escherichia coli},575,21120,.,-,.
.,forsyth,gene,HP0572,"PURINES, PYRIMIDINES, NUCLEOSIDES AND NUCLEOTIDES",604315,604851,adenine phosphoribosyltransferase (apt) {Escherichia coli},536,19690,.,-,.
.,forsyth,gene,HP0573,HYPOTHETICAL PROTEIEN,604912,605241,hypothetical protein,329,12100,.,-,.
.,forsyth,gene,HP0574,ENERGY METABOLISM,605296,605748,galactosidase acetyltransferase (lacA) {Mycoplasma genitalium},452,16610,.,-,.
.,forsyth,gene,HP0575,HYPOTHETICAL PROTEIEN,605772,606467,conserved hypothetical membrane protein {Bacillus subtilis},695,25520,.,-,.
.,forsyth,gene,HP0576,CELLULAR PROCESSES,606479,607348,signal peptidase I (lepB) {Haemophilus influenzae},869,31900,.,-,.
.,forsyth,gene,HP0577,"BIOSYNTHESIS OF COFACTORS, PROSTHETIC GROUPS, AND CARRIERS",607351,608226,methylene-tetrahydrofolate dehydrogenase (folD) {Haemophilus influenzae},875,32120,.,-,.
.,forsyth,gene,HP0578,HYPOTHETICAL PROTEIEN,608303,610336,hypothetical protein,2033,74580,.,-,.
.,forsyth,gene,HP0579,HYPOTHETICAL PROTEIEN,610345,610896,hypothetical protein,551,20240,.,-,.
.,forsyth,gene,HP0580,HYPOTHETICAL PROTEIEN,610906,612021,hypothetical protein,1115,40920,.,-,.
.,forsyth,gene,HP0581,"PURINES, PYRIMIDINES, NUCLEOSIDES AND NUCLEOTIDES",612000,613016,dihydroorotase (pyrC) {Salmonella choleraesuis},1016,37290,.,-,.
.,forsyth,gene,HP0582,HYPOTHETICAL PROTEIEN,613023,613994,hypothetical protein,971,35640,.,-,.
.,forsyth,gene,HP0583,HYPOTHETICAL PROTEIEN,613981,614859,hypothetical protein,878,32230,.,-,.
.,forsyth,gene,HP0584,CELL ENVELOPE,614859,615227,flagellar switch protein (fliN) {Borrelia burgdorferi},368,13530,.,-,.
.,forsyth,gene,HP0585,REPLICATION,615312,615965,endonuclease III (nth) {Haemophilus influenzae},653,23980,.,-,.
.,forsyth,gene,HP0586,HYPOTHETICAL PROTEIEN,616197,619127,hypothetical protein,2930,107470,.,-,.
.,forsyth,gene,HP0587,"BIOSYNTHESIS OF COFACTORS, PROSTHETIC GROUPS, AND CARRIERS",619045,620031,aminodeoxychorismate lyase (pabC) {Haemophilus influenzae},986,36190,.,+,.
.,forsyth,gene,HP0588,ENERGY METABOLISM,620219,620557,ferrodoxin-like protein {Synechococcus vulcanus},338,12430,.,+,.
.,forsyth,gene,HP0589,ENERGY METABOLISM,620560,621684,"ferredoxin oxidoreductase, alpha subunit {Methanococcus jannaschii}",1124,41250,.,+,.
.,forsyth,gene,HP0590,ENERGY METABOLISM,621689,622507,"ferredoxin oxidoreductase, beta subunit {Methanococcus jannaschii}",818,30030,.,+,.
.,forsyth,gene,HP0591,ENERGY METABOLISM,622510,623067,"ferredoxin oxidoreductase, gamma subunit {Methanococcus jannaschii}",557,20460,.,+,.
.,forsyth,gene,HP0592,REPLICATION,623167,626169,type III restriction enzyme R protein (res) {Salmonella choleraesuis},3002,110110,.,+,.
.,forsyth,gene,HP0593,REPLICATION,626246,628039,adenine specific DNA methyltransferase (mod) {Escherichia coli},1793,65780,.,+,.
.,forsyth,gene,HP0594,HYPOTHETICAL PROTEIEN,628139,628300,hypothetical protein,161,5940,.,+,.
.,forsyth,gene,HP0595,HYPOTHETICAL PROTEIEN,628313,629782,hypothetical protein,1469,53900,.,+,.
.,forsyth,gene,HP0596,HYPOTHETICAL PROTEIEN,630259,630834,hypothetical protein,575,21120,.,+,.
.,forsyth,gene,HP0597,CELL ENVELOPE,630843,632819,penicillin-binding protein 1A (PBP-1A) {Escherichia coli},1976,72490,.,-,.
.,forsyth,gene,HP0598,"BIOSYNTHESIS OF COFACTORS, PROSTHETIC GROUPS, AND CARRIERS",632823,633941,8-amino-7-oxononanoate synthase (bioF) {Haemophilus influenzae},1118,41030,.,-,.
.,forsyth,gene,HP0599,CELLULAR PROCESSES,633967,635265,hemolysin secretion protein precursor (hylB) {Vibrio cholerae},1298,47630,.,-,.
.,forsyth,gene,HP0600,TRANSPORT AND BINDING PROTEINS,635340,637118,multidrug resistance protein (spaB) {Bacillus subtilis},1778,65230,.,-,.
.,forsyth,gene,HP0601,CELL ENVELOPE,637282,638811,flagellin A (flaA) {Helicobacter pylori},1529,56100,.,+,.
.,forsyth,gene,HP0602,REPLICATION,638932,639585,endonuclease III {Methanococcus jannaschii},653,23980,.,+,.
.,forsyth,gene,HP0603,HYPOTHETICAL PROTEIEN,639633,640199,hypothetical protein,566,20790,.,+,.
.,forsyth,gene,HP0604,"BIOSYNTHESIS OF COFACTORS, PROSTHETIC GROUPS, AND CARRIERS",640268,641287,uroporphyrinogen decarboxylase (hemE) {Escherichia coli},1019,37400,.,+,.
.,forsyth,gene,HP0605,HYPOTHETICAL PROTEIEN,641299,642729,hypothetical protein,1430,52470,.,+,.
.,forsyth,gene,HP0606,OTHER CATEGORIES,642743,643444,membrane fusion protein (mtrC) {Haemophilus influenzae},701,25740,.,+,.
.,forsyth,gene,HP0607,TRANSPORT AND BINDING PROTEINS,643460,646543,acriflavine resistance protein (acrB) {Haemophilus influenzae},3083,113080,.,+,.
.,forsyth,gene,HP0608,HYPOTHETICAL PROTEIEN,646630,647109,hypothetical protein,479,17600,.,+,.
.,forsyth,gene,HP0609,HYPOTHETICAL PROTEIEN,647257,650970,hypothetical protein,3713,136180,.,+,.
.,forsyth,gene,HP0610,CELL ENVELOPE,650987,656815,toxin-like outer membrane protein {Helicobacter pylori},5828,213730,.,+,.
.,forsyth,gene,HP0611,HYPOTHETICAL PROTEIEN,656881,657378,hypothetical protein,497,18260,.,-,.
.,forsyth,gene,HP0612,HYPOTHETICAL PROTEIEN,657398,657634,hypothetical protein,236,8690,.,-,.
.,forsyth,gene,HP0613,TRANSPORT AND BINDING PROTEINS,657637,658335,"ABC transporter, ATP-binding protein {Lactococcus lactis}",698,25630,.,-,.
.,forsyth,gene,HP0614,HYPOTHETICAL PROTEIEN,658633,658965,hypothetical protein,332,12210,.,-,.
.,forsyth,gene,HP0615,REPLICATION,659072,661039,DNA ligase (lig) {Haemophilus influenzae},1967,72160,.,-,.
.,forsyth,gene,HP0616,CELLULAR PROCESSES,661117,662055,chemotaxis protein (cheV) {Bacillus subtilis},938,34430,.,+,.
.,forsyth,gene,HP0617,TRANSLATION,662093,663823,aspartyl-tRNA synthetase (aspS) {Escherichia coli},1730,63470,.,+,.
.,forsyth,gene,HP0618,"PURINES, PYRIMIDINES, NUCLEOSIDES AND NUCLEOTIDES",663843,664415,adenylate kinase (adk) {Bacillus stearothermophilus},572,21010,.,+,.
.,forsyth,gene,HP0619,CELL ENVELOPE,664443,665692,lipopolysacharide biosynthesis glycosyl transferase (lic2B) {Haemophilus influenzae},1249,45833.33333,.,+,.
.,forsyth,gene,HP0620,CENTRAL INTERMEDIARY METABOLISM,665747,666265,inorganic pyrophosphatase (ppa) {Escherichia coli},518,19030,.,+,.
.,forsyth,gene,HP0621,REPLICATION,666413,668698,DNA mismatch repair protein (MutS) {Synechocystis sp.},2285,83820,.,-,.
.,forsyth,gene,HP0622,HYPOTHETICAL PROTEIEN,668662,669021,hypothetical protein,359,13200,.,-,.
.,forsyth,gene,HP0623,CELL ENVELOPE,669024,670370,UDP-N-acetylmuramate-alanine ligase (murC) {Haemophilus influenzae},1346,49390,.,-,.
.,forsyth,gene,HP0624,HYPOTHETICAL PROTEIEN,670366,671490,solute-binding signature and mitochondrial signature protein (aspB) {Bacillus subtilus},1124,41250,.,-,.
.,forsyth,gene,HP0625,HYPOTHETICAL PROTEIEN,671610,672686,protein E (gcpE) {Haemophilus influenzae},1076,39490,.,+,.
.,forsyth,gene,HP0626,AMINO-ACID BIOSYNTHESIS,672692,673894,tetrahydrodipicolinate N-succinyltransferase (dapD) {Actinobacillus pleuropneumoniae},1202,44110,.,+,.
.,forsyth,gene,HP0627,HYPOTHETICAL PROTEIEN,673909,674238,hypothetical protein,329,12100,.,+,.
.,forsyth,gene,HP0628,HYPOTHETICAL PROTEIEN,674290,674964,hypothetical protein,674,24750,.,+,.
.,forsyth,gene,HP0629,HYPOTHETICAL PROTEIEN,675124,677166,hypothetical protein,2042,74910,.,+,.
.,forsyth,gene,HP0630,OTHER CATEGORIES,677217,677798,modulator of drug activity (mda66) {Haemophilus influenzae},581,21340,.,-,.
.,forsyth,gene,HP0631,ENERGY METABOLISM,677958,679109,"quinone-reactive Ni/Fe hydrogenase, small subunit (hydA) {Wolinella succinogenes}",1151,42240,.,+,.
.,forsyth,gene,HP0632,ENERGY METABOLISM,679122,680855,"quinone-reactive Ni/Fe hydrogenase, large subunit (hydB) {Wolinella succinogenes}",1733,63580,.,+,.
.,forsyth,gene,HP0633,ENERGY METABOLISM,680871,681542,"quinone-reactive Ni/Fe hydrogenase, cytochrome b subunit (hydC) {Wolinella succinogenes}",671,24640,.,+,.
.,forsyth,gene,HP0634,ENERGY METABOLISM,681542,682075,quinone-reactive Ni/Fe hydrogenase (hydD) {Wolinella succinogenes},533,19580,.,+,.
.,forsyth,gene,HP0635,HYPOTHETICAL PROTEIEN,682080,683615,hypothetical protein,1535,56320,.,+,.
.,forsyth,gene,HP0636,HYPOTHETICAL PROTEIEN,683742,684017,hypothetical protein,275,10120,.,-,.
.,forsyth,gene,HP0637,HYPOTHETICAL PROTEIEN,684149,684598,hypothetical protein,449,16500,.,-,.
.,forsyth,gene,HP0638,CELL ENVELOPE,684774,685688,outer membrane protein (omp13),914,33550,.,+,.
.,forsyth,gene,HP0639,HYPOTHETICAL PROTEIEN,685737,686414,conserved hypothetical protein {Haemophilus influenzae},677,24860,.,-,.
.,forsyth,gene,HP0640,TRANSCRIPTION,686477,687682,poly(A) polymerase (papS) {Bacillus subtilis},1205,44220,.,+,.
.,forsyth,gene,HP0641,HYPOTHETICAL PROTEIEN,687699,687923,hypothetical protein,224,8250,.,+,.
.,forsyth,gene,HP0642,ENERGY METABOLISM,687928,688578,NAD(P)H-flavin oxidoreductase {Haemophilus influenzae},650,23870,.,+,.
.,forsyth,gene,HP0643,TRANSLATION,688746,690062,glutamyl-tRNA synthetase (gltX) {Bacillus subtilis},1316,48290,.,+,.
.,forsyth,gene,HP0644,HYPOTHETICAL PROTEIEN,690062,690352,conserved hypothetical integral membrane protein {Pseudomonas aeruginosa},290,10670,.,+,.
.,forsyth,gene,HP0645,CELL ENVELOPE,690364,692043,soluble lytic murein transglycosylase (slt) {Escherichia coli},1679,61600,.,+,.
.,forsyth,gene,HP0646,"PURINES, PYRIMIDINES, NUCLEOSIDES AND NUCLEOTIDES",692043,692861,UDP-glucose pyrophosphorylase (galU) {Pseudomonas aeruginosa},818,30030,.,+,.
.,forsyth,gene,HP0647,HYPOTHETICAL PROTEIEN,692876,693280,hypothetical protein,404,14850,.,+,.
.,forsyth,gene,HP0648,CELL ENVELOPE,693286,694551,UDP-N-acetylglucosamine enolpyruvyl transferase (murZ) {Haemophilus influenzae},1265,46420,.,+,.
.,forsyth,gene,HP0649,AMINO-ACID BIOSYNTHESIS,694612,696015,aspartate ammonia-lyase (aspA) {Escherichia coli},1403,51480,.,+,.
.,forsyth,gene,HP0650,HYPOTHETICAL PROTEIEN,696063,696650,hypothetical protein,587,21560,.,+,.
.,forsyth,gene,HP0651,CELL ENVELOPE,696665,698092,fucosyltransferase {Homo sapiens},1427,52360,.,-,.
.,forsyth,gene,HP0652,AMINO-ACID BIOSYNTHESIS,698135,698755,phosphoserine phosphatase (serB) {Escherichia coli},620,22770,.,-,.
.,forsyth,gene,HP0653,TRANSPORT AND BINDING PROTEINS,698773,699273,nonheme iron-containing ferritin (pfr) {Helicobacter pylori},500,18370,.,-,.
.,forsyth,gene,HP0654,HYPOTHETICAL PROTEIEN,699570,700649,conserved hypothetical protein {Methanococcus jannaschii},1079,39600,.,+,.
.,forsyth,gene,HP0655,CELL ENVELOPE,700735,703482,protective surface antigen D15 {Haemophilus influenzae},2747,100760,.,+,.
.,forsyth,gene,HP0656,HYPOTHETICAL PROTEIEN,703397,704545,conserved hypothetical protein {Methanococcus jannaschii},1148,42130,.,+,.
.,forsyth,gene,HP0657,TRANSLATION,704554,705849,processing protease (ymxG) {Bacillus subtilis},1295,47520,.,+,.
.,forsyth,gene,HP0658,HYPOTHETICAL PROTEIEN,705849,707273,PET112-like protein {Bacillus subtilis},1424,52250,.,+,.
.,forsyth,gene,HP0659,HYPOTHETICAL PROTEIEN,707276,708517,hypothetical protein,1241,45540,.,+,.
.,forsyth,gene,HP0660,HYPOTHETICAL PROTEIEN,708530,709543,hypothetical protein,1013,37180,.,+,.
.,forsyth,gene,HP0661,REPLICATION,709533,709961,ribonuclease H (rnhA) {Haemophilus influenzae},428,15730,.,+,.
.,forsyth,gene,HP0662,TRANSCRIPTION,709973,710692,ribonuclease III (rnc) {Escherichia coli},719,26400,.,+,.
.,forsyth,gene,HP0663,AMINO-ACID BIOSYNTHESIS,710692,711786,chorismate synthase (aroC) {Haemophilus influenzae},1094,40150,.,+,.
.,forsyth,gene,HP0664,HYPOTHETICAL PROTEIEN,711827,712339,hypothetical protein,512,18810,.,+,.
.,forsyth,gene,HP0665,"BIOSYNTHESIS OF COFACTORS, PROSTHETIC GROUPS, AND CARRIERS",712342,713712,oxygen-independent coproporphyrinogen III oxidase (hemN) {Salmonella choleraesuis},1370,50270,.,+,.
.,forsyth,gene,HP0666,ENERGY METABOLISM,713712,715010,"anaerobic glycerol-3-phosphate dehydrogenase, subunit C (glpC) {Escherichia coli}",1298,47630,.,+,.
.,forsyth,gene,HP0667,HYPOTHETICAL PROTEIEN,715089,715343,hypothetical protein,254,9350,.,+,.
.,forsyth,gene,HP0668,HYPOTHETICAL PROTEIEN,715321,717141,hypothetical protein,1820,66770,.,+,.
.,forsyth,gene,HP0669,HYPOTHETICAL PROTEIEN,717059,719857,hypothetical protein,2798,102630,.,+,.
.,forsyth,gene,HP0670,HYPOTHETICAL PROTEIEN,719857,721203,hypothetical protein,1346,49390,.,+,.
.,forsyth,gene,HP0671,CELL ENVELOPE,721328,722137,outer membrane protein (omp14),809,29700,.,+,.
.,forsyth,gene,HP0672,AMINO-ACID BIOSYNTHESIS,722299,723468,solute-binding signature and mitochondrial signature protein (aspB) {Bacillus subtilus},1169,42900,.,+,.
.,forsyth,gene,HP0673,HYPOTHETICAL PROTEIEN,723553,724830,hypothetical protein,1277,46860,.,+,.
.,forsyth,gene,HP0674,HYPOTHETICAL PROTEIEN,724805,725488,hypothetical protein,683,25080,.,+,.
.,forsyth,gene,HP0675,REPLICATION,725498,726583,integrase/recombinase (xerC) {Escherichia coli},1085,39820,.,+,.
.,forsyth,gene,HP0676,REPLICATION,726651,727154,methylated-DNA--protein-cysteine methyltransferase (dat1) {Haemophilus influenzae},503,18480,.,-,.
.,forsyth,gene,HP0677,HYPOTHETICAL PROTEIEN,727161,727925,conserved hypothetical integral membrane protein {Methanococcus jannaschii},764,28050,.,-,.
.,forsyth,gene,HP0678,HYPOTHETICAL PROTEIEN,728042,728149,hypothetical protein,107,3960,.,-,.
.,forsyth,gene,HP0679,CELL ENVELOPE,728121,728987,lipopolysaccharide biosynthesis protein (wbpB) {Pseudomonas aeruginosa},866,31790,.,-,.
.,forsyth,gene,HP0680,"PURINES, PYRIMIDINES, NUCLEOSIDES AND NUCLEOTIDES",729052,731415,ribonucleoside-diphosphate reductase 1 alpha subunit (nrdA) {Escherichia coli},2363,86680,.,-,.
.,forsyth,gene,HP0681,HYPOTHETICAL PROTEIEN,731590,732093,hypothetical protein,503,18480,.,-,.
.,forsyth,gene,HP0682,HYPOTHETICAL PROTEIEN,732136,732513,hypothetical protein,377,13860,.,-,.
.,forsyth,gene,HP0683,"PURINES, PYRIMIDINES, NUCLEOSIDES AND NUCLEOTIDES",732670,733968,UDP-N-acetylglucosamine pyrophosphorylase (glmU) {Escherichia coli},1298,47630,.,-,.
.,forsyth,gene,HP0684,CELL ENVELOPE,734056,734370,flagellar biosynthesis protein (fliP) {Bacillus subtilis},314,11550,.,+,.
.,forsyth,gene,HP0685,CELL ENVELOPE,734285,734800,flagellar biosynthetic protein (fliP) {Bacillus subtilis},515,18920,.,+,.
.,forsyth,gene,HP0686,TRANSPORT AND BINDING PROTEINS,734846,737146,iron(III) dicitrate transport protein (fecA) {Escherichia coli},2300,84370,.,-,.
.,forsyth,gene,HP0687,TRANSPORT AND BINDING PROTEINS,737397,739322,iron(II) transport protein (feoB)  {Escherichia coli},1925,70620,.,-,.
.,forsyth,gene,HP0688,HYPOTHETICAL PROTEIEN,739466,739963,hypothetical protein,497,18260,.,+,.
.,forsyth,gene,HP0689,HYPOTHETICAL PROTEIEN,739987,740274,hypothetical protein,287,10560,.,+,.
.,forsyth,gene,HP0690,FATTY ACID AND PHOSPHOLIPID METABOLISM,740559,741731,acetyl coenzyme A acetyltransferase (thiolase) (fadA) {Haemophilus influenzae},1172,43010,.,+,.
.,forsyth,gene,HP0691,ENERGY METABOLISM,741745,742440,3-oxoadipate coA-transferase subunit A (yxjD) {Bacillus subtilis},695,25520,.,+,.
.,forsyth,gene,HP0692,ENERGY METABOLISM,742440,743060,3-oxoadipate coA-transferase subunit B (yxjE) {Bacillus subtilis},620,22770,.,+,.
.,forsyth,gene,HP0693,HYPOTHETICAL PROTEIEN,743083,744444,conserved hypothetical integral membrane protein {Haemophilus influenzae},1361,49940,.,+,.
.,forsyth,gene,HP0694,HYPOTHETICAL PROTEIEN,744572,745342,hypothetical protein,770,28270,.,+,.
.,forsyth,gene,HP0695,AMINO-ACID BIOSYNTHESIS,745801,747939,hydantoin utilization protein A (hyuA) {Pseudomonas sp.},2138,78430,.,+,.
.,forsyth,gene,HP0696,CENTRAL INTERMEDIARY METABOLISM,747954,750248,N-methylhydantoinase {Methanococcus jannaschii},2294,84150,.,+,.
.,forsyth,gene,HP0697,HYPOTHETICAL PROTEIEN,750262,750765,hypothetical protein,503,18480,.,+,.
.,forsyth,gene,HP0698,HYPOTHETICAL PROTEIEN,750956,751042,hypothetical protein,86,3190,.,+,.
.,forsyth,gene,HP0699,HYPOTHETICAL PROTEIEN,751085,752110,hypothetical protein,1025,37620,.,+,.
.,forsyth,gene,HP0700,FATTY ACID AND PHOSPHOLIPID METABOLISM,752106,752489,diacylglycerol kinase (dgkA) {Escherichia coli},383,14080,.,+,.
.,forsyth,gene,HP0701,REPLICATION,752512,754992,"DNA gyrase, sub A (gyrA) {Helicobacter pylori}",2480,90970,.,+,.
.,forsyth,gene,HP0702,HYPOTHETICAL PROTEIEN,754992,755465,hypothetical protein,473,17380,.,+,.
.,forsyth,gene,HP0703,REGULATORY FUNCTIONS,755465,756607,response regulator {Pseudomonas aeruginosa},1142,41910,.,+,.
.,forsyth,gene,HP0704,HYPOTHETICAL PROTEIEN,757071,757178,hypothetical protein,107,3960,.,+,.
.,forsyth,gene,HP0705,REPLICATION,757285,760089,excinuclease ABC subunit A (uvrA) {Haemophilus influenzae},2804,102850,.,-,.
.,forsyth,gene,HP0706,CELL ENVELOPE,760272,761090,outer membrane protein (omp15),818,30030,.,+,.
.,forsyth,gene,HP0707,HYPOTHETICAL PROTEIEN,761272,762195,conserved hypothetical protein {Bacillus subtilis},923,33880,.,+,.
.,forsyth,gene,HP0708,HYPOTHETICAL PROTEIEN,762219,762560,hypothetical protein,341,12540,.,+,.
.,forsyth,gene,HP0709,HYPOTHETICAL PROTEIEN,762809,763708,conserved hypothetical protein {Methanococcus jannaschii},899,33000,.,+,.
.,forsyth,gene,HP0710,HYPOTHETICAL PROTEIEN,763982,765961,conserved hypothetical protein {Helicobacter pylori},1979,72600,.,+,.
.,forsyth,gene,HP0711,HYPOTHETICAL PROTEIEN,766154,767371,hypothetical protein,1217,44660,.,+,.
.,forsyth,gene,HP0712,HYPOTHETICAL PROTEIEN,767374,767745,hypothetical protein,371,13640,.,+,.
.,forsyth,gene,HP0713,HYPOTHETICAL PROTEIEN,767733,768074,conserved hypothetical protein (plasmid pHPM180) {Helicobacter pylori (plasmid pHPM180)},341,12540,.,+,.
.,forsyth,gene,HP0714,REGULATORY FUNCTIONS,768092,769333,RNA polymerase sigma-54 factor (rpoN) {Bacillus subtilis},1241,45540,.,-,.
.,forsyth,gene,HP0715,TRANSPORT AND BINDING PROTEINS,769339,770058,"ABC transporter, ATP-binding protein {Rhizobium meliloti}",719,26400,.,-,.
.,forsyth,gene,HP0716,HYPOTHETICAL PROTEIEN,770074,770472,conserved hypothetical protein {Haemophilus influenzae},398,14630,.,-,.
.,forsyth,gene,HP0717,REPLICATION,770472,772205,DNA polymerase III gamma and tau subunits (dnaX) {Escherichia coli},1733,63580,.,-,.
.,forsyth,gene,HP0718,HYPOTHETICAL PROTEIEN,772277,772906,conserved hypothetical integral membrane protein {Aeromonas salmonicida},629,23100,.,-,.
.,forsyth,gene,HP0719,HYPOTHETICAL PROTEIEN,773114,773440,hypothetical protein,326,11990,.,+,.
.,forsyth,gene,HP0720,HYPOTHETICAL PROTEIEN,773436,773594,hypothetical protein,158,5830,.,+,.
.,forsyth,gene,HP0721,HYPOTHETICAL PROTEIEN,773625,774080,hypothetical protein,455,16720,.,+,.
.,forsyth,gene,HP0722,CELL ENVELOPE,774515,776338,outer membrane protein (omp16),1823,66880,.,+,.
.,forsyth,gene,HP0723,ENERGY METABOLISM,776484,777473,L-asparaginase II (ansB) {Wolinella succinogenes},989,36300,.,-,.
.,forsyth,gene,HP0724,TRANSPORT AND BINDING PROTEINS,777602,778930,anaerobic C4-dicarboxylate transport protein (dcuA) {Escherichia coli},1328,48730,.,+,.
.,forsyth,gene,HP0725,CELL ENVELOPE,779011,780897,outer membrane protein (omp17),1886,69190,.,-,.
.,forsyth,gene,HP0726,HYPOTHETICAL PROTEIEN,781187,782101,hypothetical protein,914,33550,.,-,.
.,forsyth,gene,HP0727,REGULATORY FUNCTIONS,782074,783057,"transcriptional regulator, putative {Haemophilus influenzae}",983,36080,.,-,.
.,forsyth,gene,HP0728,HYPOTHETICAL PROTEIEN,783154,784161,conserved hypothetical protein {Bacillus subtilis},1007,36960,.,-,.
.,forsyth,gene,HP0729,HYPOTHETICAL PROTEIEN,784206,785270,hypothetical protein,1064,39050,.,-,.
.,forsyth,gene,HP0730,HYPOTHETICAL PROTEIEN,785282,785584,hypothetical protein,302,11110,.,-,.
.,forsyth,gene,HP0731,HYPOTHETICAL PROTEIEN,785679,787397,hypothetical protein,1718,63030,.,-,.
.,forsyth,gene,HP0732,HYPOTHETICAL PROTEIEN,787390,787743,hypothetical protein,353,12980,.,-,.
.,forsyth,gene,HP0733,HYPOTHETICAL PROTEIEN,787695,789257,hypothetical protein,1562,57310,.,-,.
.,forsyth,gene,HP0734,HYPOTHETICAL PROTEIEN,789380,790696,conserved hypothetical protein {Bacillus subtilis},1316,48290,.,-,.
.,forsyth,gene,HP0735,"PURINES, PYRIMIDINES, NUCLEOSIDES AND NUCLEOTIDES",790701,791159,xanthine guanine phosphoribosyl transferase (gpt) {Haemophilus influenzae},458,16830,.,-,.
.,forsyth,gene,HP0736,AMINO-ACID BIOSYNTHESIS,791171,792277,phosphoserine aminotransferase (serC) {Methanococcus jannaschii},1106,40590,.,-,.
.,forsyth,gene,HP0737,HYPOTHETICAL PROTEIEN,792424,792897,conserved hypothetical integral membrane protein {Haemophilus influenzae},473,17380,.,+,.
.,forsyth,gene,HP0738,CELL ENVELOPE,792978,794018,D-alanine:D-alanine ligase A (ddlA) {Escherichia coli},1040,38170,.,+,.
.,forsyth,gene,HP0739,OTHER CATEGORIES,794021,794743,"2-hydroxy-6-oxohepta-2,4-dienoate hydrolase {Synechocystis sp.}",722,26510,.,+,.
.,forsyth,gene,HP0740,CELL ENVELOPE,794733,796211,UDP-MurNac-pentapeptide presynthetase (murF) {Borrelia burgdorferi},1478,54230,.,+,.
.,forsyth,gene,HP0741,HYPOTHETICAL PROTEIEN,796224,796706,conserved hypothetical protein {Methanococcus jannaschii},482,17710,.,+,.
.,forsyth,gene,HP0742,"PURINES, PYRIMIDINES, NUCLEOSIDES AND NUCLEOTIDES",796774,797727,phosphoribosylpyrophosphate synthetase (prsA) {Haemophilus influenzae},953,34980,.,+,.
.,forsyth,gene,HP0743,CELL ENVELOPE,797794,798936,rod shape-determining protein (mreB) {Escherichia coli},1142,41910,.,-,.
.,forsyth,gene,HP0744,HYPOTHETICAL PROTEIEN,798962,800178,hypothetical protein,1216,44623.33333,.,-,.
.,forsyth,gene,HP0745,HYPOTHETICAL PROTEIEN,800330,801310,conserved hypothetical protein {Mycoplasma genitalium},980,35970,.,+,.
.,forsyth,gene,HP0746,HYPOTHETICAL PROTEIEN,801264,802520,hypothetical protein,1256,46090,.,+,.
.,forsyth,gene,HP0747,HYPOTHETICAL PROTEIEN,802534,803712,conserved hypothetical protein {Haemophilus influenzae},1178,43230,.,+,.
.,forsyth,gene,HP0748,CELLULAR PROCESSES,803712,804380,cell division protein (ftsE) {Haemophilus influenzae},668,24530,.,+,.
.,forsyth,gene,HP0749,CELLULAR PROCESSES,804370,805173,cell division membrane protein (ftsX) {Haemophilus influenzae},803,29480,.,+,.
.,forsyth,gene,HP0750,HYPOTHETICAL PROTEIEN,805169,806368,hypothetical protein,1199,44000,.,+,.
.,forsyth,gene,HP0751,CELL ENVELOPE,806464,806820,polar flagellin (flaG) {Vibrio parahaemolyticus},356,13090,.,+,.
.,forsyth,gene,HP0752,CELL ENVELOPE,806840,808861,flagellar hook-associated protein 2 (fliD) {Salmonella choleraesuis},2021,74140,.,+,.
.,forsyth,gene,HP0753,CELL ENVELOPE,808936,809313,flagellar protein (fliS) {Bacillus subtilis},377,13860,.,+,.
.,forsyth,gene,HP0754,HYPOTHETICAL PROTEIEN,809303,809539,hypothetical protein,236,8690,.,+,.
.,forsyth,gene,HP0755,"BIOSYNTHESIS OF COFACTORS, PROSTHETIC GROUPS, AND CARRIERS",809635,810264,molybdopterin biosynthesis protein (moeB) {Haemophilus influenzae},629,23100,.,+,.
.,forsyth,gene,HP0756,HYPOTHETICAL PROTEIEN,810269,810412,hypothetical protein,143,5280,.,+,.
.,forsyth,gene,HP0757,"PURINES, PYRIMIDINES, NUCLEOSIDES AND NUCLEOTIDES",810419,811294,beta-alanine synthetase homolog {Paramecium bursaria Chlorella virus 1},875,32120,.,+,.
.,forsyth,gene,HP0758,HYPOTHETICAL PROTEIEN,811424,812734,conserved hypothetical integral membrane protein {Haemophilus influenzae},1310,48070,.,+,.
.,forsyth,gene,HP0759,HYPOTHETICAL PROTEIEN,812800,814050,conserved hypothetical integral membrane protein {Pyrococcus sp.},1250,45870,.,+,.
.,forsyth,gene,HP0760,HYPOTHETICAL PROTEIEN,814057,815442,conserved hypothetical protein {Mycoplasma mycoides},1385,50820,.,-,.
.,forsyth,gene,HP0761,HYPOTHETICAL PROTEIEN,815548,816147,hypothetical protein,599,22000,.,-,.
.,forsyth,gene,HP0762,HYPOTHETICAL PROTEIEN,816317,816871,hypothetical protein,554,20350,.,+,.
.,forsyth,gene,HP0763,CELLULAR PROCESSES,816883,817761,cell division protein (ftsY) {Haemophilus influenzae},878,32230,.,+,.
.,forsyth,gene,HP0764,HYPOTHETICAL PROTEIEN,817776,819059,hypothetical protein,1283,47080,.,-,.
.,forsyth,gene,HP0765,HYPOTHETICAL PROTEIEN,819073,819378,hypothetical protein,305,11220,.,-,.
.,forsyth,gene,HP0766,HYPOTHETICAL PROTEIEN,819392,820213,hypothetical protein,821,30140,.,-,.
.,forsyth,gene,HP0767,HYPOTHETICAL PROTEIEN,820302,820373,hypothetical protein,71,2640,.,-,.
.,forsyth,gene,HP0768,"BIOSYNTHESIS OF COFACTORS, PROSTHETIC GROUPS, AND CARRIERS",820480,821442,molybdenum cofactor biosynthesis protein A (moaA) {Haemophilus influenzae},962,35310,.,-,.
.,forsyth,gene,HP0769,"BIOSYNTHESIS OF COFACTORS, PROSTHETIC GROUPS, AND CARRIERS",821530,822132,molybdopterin-guanine dinucleotide biosynthesis protein A (mobA) {Haemophilus influenzae},602,22110,.,+,.
.,forsyth,gene,HP0770,CELL ENVELOPE,822128,823201,flagellar biosynthetic protein (flhB) {Bacillus subtilis},1073,39380,.,+,.
.,forsyth,gene,HP0771,HYPOTHETICAL PROTEIEN,823280,824014,hypothetical protein,734,26950,.,-,.
.,forsyth,gene,HP0772,CELL ENVELOPE,824036,825355,N-acetylmuramoyl-L-alanine amidase (amiA) {Escherichia coli},1319,48400,.,-,.
.,forsyth,gene,HP0773,HYPOTHETICAL PROTEIEN,825365,826453,hypothetical protein,1088,39930,.,-,.
.,forsyth,gene,HP0774,TRANSLATION,826473,827678,tyrosyl-tRNA synthetase (tyrS) {Haemophilus influenzae},1205,44220,.,-,.
.,forsyth,gene,HP0775,REGULATORY FUNCTIONS,827705,830029,penta-phosphate guanosine-3'-pyrophosphohydrolase (spoT) {Escherichia coli},2324,85250,.,-,.
.,forsyth,gene,HP0776,HYPOTHETICAL PROTEIEN,830019,830270,hypothetical protein,251,9240,.,-,.
.,forsyth,gene,HP0777,"PURINES, PYRIMIDINES, NUCLEOSIDES AND NUCLEOTIDES",830285,831004,uridine 5'-monophosphate (UMP) kinase (pyrH) {Escherichia coli},719,26400,.,-,.
.,forsyth,gene,HP0778,HYPOTHETICAL PROTEIEN,831115,831795,hypothetical protein,680,24970,.,-,.
.,forsyth,gene,HP0779,ENERGY METABOLISM,831923,834481,aconitase B (acnB) {Escherichia coli},2558,93830,.,+,.
.,forsyth,gene,HP0780,HYPOTHETICAL PROTEIEN,834559,834828,hypothetical protein,269,9900,.,+,.
.,forsyth,gene,HP0781,HYPOTHETICAL PROTEIEN,835102,836388,hypothetical protein,1286,47190,.,+,.
.,forsyth,gene,HP0782,HYPOTHETICAL PROTEIEN,836485,837849,hypothetical protein,1364,50050,.,+,.
.,forsyth,gene,HP0783,HYPOTHETICAL PROTEIEN,837862,838356,hypothetical protein,494,18150,.,-,.
.,forsyth,gene,HP0784,HYPOTHETICAL PROTEIEN,838719,838850,hypothetical protein,131,4840,.,+,.
.,forsyth,gene,HP0785,HYPOTHETICAL PROTEIEN,838881,839432,conserved hypothetical secreted protein {Coxiella burnetii},551,20240,.,-,.
.,forsyth,gene,HP0786,CELLULAR PROCESSES,839580,842174,preprotein translocase subunit (secA) {Haemophilus influenzae},2594,95150,.,+,.
.,forsyth,gene,HP0787,HYPOTHETICAL PROTEIEN,842167,843396,conserved hypothetical integral membrane protein {Haemophilus influenzae},1229,45100,.,+,.
.,forsyth,gene,HP0788,HYPOTHETICAL PROTEIEN,843679,845175,hypothetical protein,1496,54890,.,+,.
.,forsyth,gene,HP0789,HYPOTHETICAL PROTEIEN,845260,845403,hypothetical protein,143,5280,.,-,.
.,forsyth,gene,HP0790,REPLICATION,845543,846835,anti-codon nuclease masking agent (prrB) {Escherichia coli},1292,47410,.,-,.
.,forsyth,gene,HP0791,TRANSPORT AND BINDING PROTEINS,846880,848937,"cadmium-transporting ATPase, P-type (cadA) {Helicobacter pylori}",2057,75460,.,-,.
.,forsyth,gene,HP0792,REGULATORY FUNCTIONS,848965,850482,sigma-54 interacting protein {Helicobacter pylori},1517,55660,.,-,.
.,forsyth,gene,HP0793,TRANSLATION,850491,851012,polypeptide deformylase (def) {Escherichia coli},521,19140,.,-,.
.,forsyth,gene,HP0794,TRANSLATION,851020,851607,ATP-dependent clp protease proteolytic component (clpP) {Haemophilus influenzae},587,21560,.,-,.
.,forsyth,gene,HP0795,CELLULAR PROCESSES,851628,852980,trigger factor (tig) {Escherichia coli},1352,49610,.,-,.
.,forsyth,gene,HP0796,CELL ENVELOPE,853095,853928,outer membrane protein (omp18),833,30580,.,-,.
.,forsyth,gene,HP0797,CELL ENVELOPE,853960,854739,flagellar sheath adhesin hpaA {Helicobacter pylori},779,28600,.,-,.
.,forsyth,gene,HP0798,"BIOSYNTHESIS OF COFACTORS, PROSTHETIC GROUPS, AND CARRIERS",854861,855334,molybdenum cofactor biosynthesis protein C (moaC) {Helicobacter pylori},473,17380,.,-,.
.,forsyth,gene,HP0799,"BIOSYNTHESIS OF COFACTORS, PROSTHETIC GROUPS, AND CARRIERS",855346,855873,molybdopterin biosynthesis protein (mog) {Escherichia coli},527,19360,.,-,.
.,forsyth,gene,HP0800,"BIOSYNTHESIS OF COFACTORS, PROSTHETIC GROUPS, AND CARRIERS",855889,856323,"molybdopterin converting factor, subunit 2 (moaE) {Synechococcus sp.}",434,15950,.,-,.
.,forsyth,gene,HP0801,"BIOSYNTHESIS OF COFACTORS, PROSTHETIC GROUPS, AND CARRIERS",856327,856548,"molybdopterin converting factor, subunit 1 (moaD) {Escherichia coli}",221,8140,.,-,.
.,forsyth,gene,HP0802,"BIOSYNTHESIS OF COFACTORS, PROSTHETIC GROUPS, AND CARRIERS",856624,857199,GTP cyclohydrolase II (ribA) {Haemophilus influenzae},575,21120,.,-,.
.,forsyth,gene,HP0803,HYPOTHETICAL PROTEIEN,857291,858127,hypothetical protein,836,30690,.,-,.
.,forsyth,gene,HP0804,"BIOSYNTHESIS OF COFACTORS, PROSTHETIC GROUPS, AND CARRIERS",858219,859250,"GTP cyclohydrolase II/3,4-dihydroxy-2-butanone 4-phosphate synthase (ribA, ribB) {Bacillus amyloliquefaciens}",1031,37840,.,-,.
.,forsyth,gene,HP0805,CELL ENVELOPE,859424,860275,lipooligosaccharide 5G8 epitope biosynthesis-associated protein (lex2B) {Haemophilus influenzae},851,31240,.,-,.
.,forsyth,gene,HP0806,HYPOTHETICAL PROTEIEN,860357,860974,hypothetical protein,617,22660,.,+,.
.,forsyth,gene,HP0807,TRANSPORT AND BINDING PROTEINS,860997,863357,iron(III) dicitrate transport protein (fecA) {Escherichia coli},2360,86570,.,-,.
.,forsyth,gene,HP0808,FATTY ACID AND PHOSPHOLIPID METABOLISM,863554,863910,holo-acp synthase (acpS) {Escherichia coli},356,13090,.,-,.
.,forsyth,gene,HP0809,HYPOTHETICAL PROTEIEN,863920,864468,hypothetical protein,548,20130,.,-,.
.,forsyth,gene,HP0810,HYPOTHETICAL PROTEIEN,864480,865079,conserved hypothetical protein {Escherichia coli},599,22000,.,-,.
.,forsyth,gene,HP0811,HYPOTHETICAL PROTEIEN,865061,865384,hypothetical protein,323,11880,.,-,.
.,forsyth,gene,HP0812,HYPOTHETICAL PROTEIEN,865840,866847,hypothetical protein,1007,36960,.,-,.
.,forsyth,gene,HP0813,HYPOTHETICAL PROTEIEN,866980,867594,conserved hypothetical protein {Mycobacterium leprae},614,22550,.,+,.
.,forsyth,gene,HP0814,"BIOSYNTHESIS OF COFACTORS, PROSTHETIC GROUPS, AND CARRIERS",867598,868362,thiamin biosynthesis protein (thiF) {Escherichia coli},764,28050,.,+,.
.,forsyth,gene,HP0815,CELL ENVELOPE,868381,869151,flagellar motor rotation protein (motA) {Bacillus subtilis},770,28270,.,+,.
.,forsyth,gene,HP0816,CELL ENVELOPE,869157,869927,flagellar motor rotation protein (motB) {Bacillus subtilis},770,28270,.,+,.
.,forsyth,gene,HP0817,HYPOTHETICAL PROTEIEN,869927,870370,hypothetical protein,443,16280,.,+,.
.,forsyth,gene,HP0818,TRANSPORT AND BINDING PROTEINS,870442,872100,osmoprotection protein (proWX) {Bacillus subtilis},1658,60830,.,+,.
.,forsyth,gene,HP0819,TRANSPORT AND BINDING PROTEINS,872107,872754,osmoprotection protein (proV) {Bacillus subtilis},647,23760,.,+,.
.,forsyth,gene,HP0820,HYPOTHETICAL PROTEIEN,872931,873389,hypothetical protein,458,16830,.,+,.
.,forsyth,gene,HP0821,REPLICATION,873393,875174,excinuclease ABC subunit C (uvrC) {Haemophilus influenzae},1781,65340,.,+,.
.,forsyth,gene,HP0822,AMINO-ACID BIOSYNTHESIS,875188,876450,homoserine dehydrogenase (metL) {Bacillus subtilis},1262,46310,.,+,.
.,forsyth,gene,HP0823,HYPOTHETICAL PROTEIEN,876454,876795,conserved hypothetical protein {Mycobacterium tuberculosis},341,12540,.,+,.
.,forsyth,gene,HP0824,"BIOSYNTHESIS OF COFACTORS, PROSTHETIC GROUPS, AND CARRIERS",876887,877204,thioredoxin (trxA) {Bacillus subtilis},317,11660,.,+,.
.,forsyth,gene,HP0825,"PURINES, PYRIMIDINES, NUCLEOSIDES AND NUCLEOTIDES",877212,878144,thioredoxin reductase (trxB) {Clostridium litorale},932,34210,.,+,.
.,forsyth,gene,HP0826,CELL ENVELOPE,878363,879181,lipooligosaccharide 5G8 epitope biosynthesis-associated protein (lex2B) {Haemophilus influenzae},818,30030,.,+,.
.,forsyth,gene,HP0827,OTHER CATEGORIES,879393,879638,ss-DNA binding protein 12RNP2 precursor {Synechococcus sp.},245,9020,.,-,.
.,forsyth,gene,HP0828,ENERGY METABOLISM,879966,880643,"ATP synthase F0, subunit a (atpB) {Synechocystis sp.}",677,24860,.,-,.
.,forsyth,gene,HP0829,"PURINES, PYRIMIDINES, NUCLEOSIDES AND NUCLEOTIDES",880768,882210,inosine-5'-monophosphate dehydrogenase (guaB) {Bacillus subtilis},1442,52910,.,-,.
.,forsyth,gene,HP0830,CELL ENVELOPE,882223,883581,amidase {Methanococcus jannaschii},1358,49830,.,-,.
.,forsyth,gene,HP0831,HYPOTHETICAL PROTEIEN,883643,884230,conserved hypothetical ATP binding protein {Pseudomonas putida},587,21560,.,-,.
.,forsyth,gene,HP0832,CENTRAL INTERMEDIARY METABOLISM,884235,885020,spermidine synthase (speE) {Methanococcus jannaschii},785,28820,.,-,.
.,forsyth,gene,HP0833,HYPOTHETICAL PROTEIEN,885115,885990,hypothetical protein,875,32120,.,-,.
.,forsyth,gene,HP0834,HYPOTHETICAL PROTEIEN,886067,887440,GTP-binding protein homologue (yphC) {Bacillus subtilis},1373,50380,.,+,.
.,forsyth,gene,HP0835,TRANSLATION,887585,887866,histone-like DNA-binding protein HU (hup) {Clostridium pasteurianum},281,10340,.,+,.
.,forsyth,gene,HP0836,HYPOTHETICAL PROTEIEN,888471,888827,hypothetical protein,356,13090,.,+,.
.,forsyth,gene,HP0837,HYPOTHETICAL PROTEIEN,888773,889078,hypothetical protein,305,11220,.,+,.
.,forsyth,gene,HP0838,HYPOTHETICAL PROTEIEN,889101,889715,hypothetical protein,614,22550,.,+,.
.,forsyth,gene,HP0839,CELL ENVELOPE,889715,891475,outer membrane protein P1 (ompP1) {Haemophilus influenzae},1760,64570,.,+,.
.,forsyth,gene,HP0840,CELL ENVELOPE,891482,892480,flaA1 protein {Caulobacter crescentus},998,36630,.,+,.
.,forsyth,gene,HP0841,"BIOSYNTHESIS OF COFACTORS, PROSTHETIC GROUPS, AND CARRIERS",892480,893754,pantothenate metabolism flavoprotein (dfp) {Haemophilus influenzae},1274,46750,.,+,.
.,forsyth,gene,HP0842,HYPOTHETICAL PROTEIEN,893757,894491,hypothetical protein,734,26950,.,+,.
.,forsyth,gene,HP0843,"BIOSYNTHESIS OF COFACTORS, PROSTHETIC GROUPS, AND CARRIERS",894522,895178,thiamin phosphate pyrophosphorylase/hyroxyethylthiazole kinase (thiB) {Saccharomyces cerevisiae},656,24090,.,-,.
.,forsyth,gene,HP0844,"BIOSYNTHESIS OF COFACTORS, PROSTHETIC GROUPS, AND CARRIERS",895174,895983,thiamine biosynthesis protein (thi) {Rhizobium meliloti},809,29700,.,-,.
.,forsyth,gene,HP0845,"BIOSYNTHESIS OF COFACTORS, PROSTHETIC GROUPS, AND CARRIERS",895980,896798,thiamin phosphate pyrophosphorylase/hyroxyethylthiazole kinase (thiM) {Saccharomyces cerevisiae},818,30030,.,-,.
.,forsyth,gene,HP0846,REPLICATION,896846,899443,type I restriction enzyme R protein (hsdR) {Escherichia coli},2597,95260,.,-,.
.,forsyth,gene,HP0847,HYPOTHETICAL PROTEIEN,899737,899835,hypothetical protein,98,3630,.,-,.
.,forsyth,gene,HP0848,REPLICATION,899840,900733,type I restriction enzyme S protein (hsdS) {Haemophilus influenzae},893,32780,.,-,.
.,forsyth,gene,HP0849,HYPOTHETICAL PROTEIEN,900838,901125,hypothetical protein,287,10560,.,-,.
.,forsyth,gene,HP0850,REPLICATION,901121,902701,type I restriction enzyme M protein (hsdM) {Escherichia coli},1580,57970,.,-,.
.,forsyth,gene,HP0851,HYPOTHETICAL PROTEIEN,902875,903555,conserved hypothetical integral membrane protein {Methanococcus jannaschii},680,24970,.,+,.
.,forsyth,gene,HP0852,HYPOTHETICAL PROTEIEN,903791,904729,hypothetical protein,938,34430,.,-,.
.,forsyth,gene,HP0853,TRANSPORT AND BINDING PROTEINS,904729,906327,"ABC transporter, ATP-binding protein (yheS) {Escherichia coli}",1598,58630,.,-,.
.,forsyth,gene,HP0854,"PURINES, PYRIMIDINES, NUCLEOSIDES AND NUCLEOTIDES",906519,907499,GMP reductase (guaC) {Homo sapiens},980,35970,.,+,.
.,forsyth,gene,HP0855,CELL ENVELOPE,907648,909228,alginate O-acetylation protein (algI) {Pseudomonas aeruginosa},1580,57970,.,+,.
.,forsyth,gene,HP0856,HYPOTHETICAL PROTEIEN,909241,910332,hypothetical protein,1091,40040,.,+,.
.,forsyth,gene,HP0857,CELL ENVELOPE,910341,910916,phosphoheptose isomerase (gmhA) {Escherichia coli},575,21120,.,-,.
.,forsyth,gene,HP0858,CELL ENVELOPE,910912,912294,ADP-heptose synthase (rfaE) {Haemophilus influenzae},1382,50710,.,-,.
.,forsyth,gene,HP0859,CELL ENVELOPE,912294,913283,ADP-L-glycero-D-mannoheptose-6-epimerase (rfaD) {Salmonella choleraesuis},989,36300,.,-,.
.,forsyth,gene,HP0860,HYPOTHETICAL PROTEIEN,913295,913813,conserved hypothetical protein {Haemophilus influenzae},518,19030,.,-,.
.,forsyth,gene,HP0861,HYPOTHETICAL PROTEIEN,913806,914543,hypothetical protein,737,27060,.,-,.
.,forsyth,gene,HP0862,HYPOTHETICAL PROTEIEN,914537,915205,hypothetical protein,668,24530,.,-,.
.,forsyth,gene,HP0863,HYPOTHETICAL PROTEIEN,915213,916838,hypothetical protein,1625,59620,.,-,.
.,forsyth,gene,HP0864,HYPOTHETICAL PROTEIEN,916846,917499,hypothetical protein,653,23980,.,-,.
.,forsyth,gene,HP0865,"PURINES, PYRIMIDINES, NUCLEOSIDES AND NUCLEOTIDES",917499,917933,deoxyuridine 5'-triphosphate nucleotidohydrolase (dut) {Candida albicans},434,15950,.,-,.
.,forsyth,gene,HP0866,TRANSCRIPTION,917926,918417,transcription elongation factor GreA (greA) {Escherichia coli},491,18040,.,-,.
.,forsyth,gene,HP0867,CELL ENVELOPE,918461,919540,lipid A disaccharide synthetase (lpxB) {Haemophilus influenzae},1079,39600,.,-,.
.,forsyth,gene,HP0868,HYPOTHETICAL PROTEIEN,919543,920001,hypothetical protein,458,16830,.,-,.
.,forsyth,gene,HP0869,CENTRAL INTERMEDIARY METABOLISM,920008,920358,hydrogenase expression/formation protein (hypA) {Bradyrhizobium japonicum},350,12870,.,-,.
.,forsyth,gene,HP0870,CELL ENVELOPE,920420,922573,flagellar hook (flgE) {Helicobacter pylori},2153,78980,.,-,.
.,forsyth,gene,HP0871,FATTY ACID AND PHOSPHOLIPID METABOLISM,922784,923515,CDP-diglyceride hydrolase (cdh) {Escherichia coli},731,26840,.,-,.
.,forsyth,gene,HP0872,HYPOTHETICAL PROTEIEN,923867,924193,alkylphosphonate uptake protein (phnA) {Escherichia coli},326,11990,.,+,.
.,forsyth,gene,HP0873,HYPOTHETICAL PROTEIEN,924254,924466,hypothetical protein,212,7810,.,-,.
.,forsyth,gene,HP0874,HYPOTHETICAL PROTEIEN,924554,925426,hypothetical protein,872,32010,.,-,.
.,forsyth,gene,HP0875,CELLULAR PROCESSES,925574,927088,catalase {Helicobacter pylori},1514,55550,.,-,.
.,forsyth,gene,HP0876,TRANSPORT AND BINDING PROTEINS,927411,929783,iron-regulated outer membrane protein (frpB) {Neisseria meningitidis},2372,87010,.,+,.
.,forsyth,gene,HP0877,REPLICATION,929790,930260,Holliday junction endodeoxyribonuclease (ruvC) {Escherichia coli},470,17270,.,-,.
.,forsyth,gene,HP0878,HYPOTHETICAL PROTEIEN,930391,930561,hypothetical protein,170,6270,.,+,.
.,forsyth,gene,HP0879,HYPOTHETICAL PROTEIEN,930515,931120,hypothetical protein,605,22220,.,+,.
.,forsyth,gene,HP0880,HYPOTHETICAL PROTEIEN,931606,932025,hypothetical protein,419,15400,.,-,.
.,forsyth,gene,HP0881,HYPOTHETICAL PROTEIEN,932036,932128,hypothetical protein,92,3410,.,-,.
.,forsyth,gene,HP0882,HYPOTHETICAL PROTEIEN,932436,932789,hypothetical protein,353,12980,.,-,.
.,forsyth,gene,HP0883,REPLICATION,932821,933369,Holliday junction DNA helicase (ruvA) {Haemophilus influenzae},548,20130,.,-,.
.,forsyth,gene,HP0884,HYPOTHETICAL PROTEIEN,933398,935239,hypothetical protein,1841,67540,.,-,.
.,forsyth,gene,HP0885,OTHER CATEGORIES,935407,936789,virulence factor mviN protein (mviN) {Haemophilus influenzae},1382,50710,.,+,.
.,forsyth,gene,HP0886,TRANSLATION,936793,938187,cysteinyl-tRNA synthetase (cysS) {Helicobacter pylori},1394,51150,.,+,.
.,forsyth,gene,HP0887,CELLULAR PROCESSES,938415,942284,vacuolating cytotoxin {Helicobacter pylori},3869,141900,.,+,.
.,forsyth,gene,HP0888,TRANSPORT AND BINDING PROTEINS,942350,943114,"iron(III) dicitrate ABC transporter, ATP-binding protein (fecE) {Escherichia coli}",764,28050,.,-,.
.,forsyth,gene,HP0889,TRANSPORT AND BINDING PROTEINS,943117,944094,"iron(III) dicitrate ABC transporter, permease protein (fecD)  {Escherichia coli}",977,35860,.,-,.
.,forsyth,gene,HP0890,HYPOTHETICAL PROTEIEN,944090,944857,conserved hypothetical protein {Escherichia coli},767,28160,.,-,.
.,forsyth,gene,HP0891,HYPOTHETICAL PROTEIEN,945075,945596,conserved hypothetical protein {Bacillus subtilis},521,19140,.,+,.
.,forsyth,gene,HP0892,HYPOTHETICAL PROTEIEN,945694,945963,conserved hypothetical protein {Escherichia coli},269,9900,.,-,.
.,forsyth,gene,HP0893,HYPOTHETICAL PROTEIEN,945980,946264,hypothetical protein,284,10450,.,-,.
.,forsyth,gene,HP0894,HYPOTHETICAL PROTEIEN,946348,946611,conserved hypothetical protein {Haemophilus influenzae},263,9680,.,-,.
.,forsyth,gene,HP0895,HYPOTHETICAL PROTEIEN,946595,946969,hypothetical protein,374,13750,.,-,.
.,forsyth,gene,HP0896,CELL ENVELOPE,947583,949706,outer membrane protein (omp19),2123,77880,.,-,.
.,forsyth,gene,HP0897,HYPOTHETICAL PROTEIEN,950022,950645,hypothetical protein,623,22880,.,+,.
.,forsyth,gene,HP0898,CENTRAL INTERMEDIARY METABOLISM,950743,951852,hydrogenase expression/formation protein (hypD) {Azotobacter chroococcum},1109,40700,.,-,.
.,forsyth,gene,HP0899,CENTRAL INTERMEDIARY METABOLISM,951861,952091,hydrogenase expression/formation protein (hypC) {Methanococcus jannaschii},230,8470,.,-,.
.,forsyth,gene,HP0900,CENTRAL INTERMEDIARY METABOLISM,952094,952819,hydrogenase expression/formation protein (hypB) {Azotobacter chroococcum},725,26620,.,-,.
.,forsyth,gene,HP0901,HYPOTHETICAL PROTEIEN,952931,953053,hypothetical protein,122,4510,.,-,.
.,forsyth,gene,HP0902,HYPOTHETICAL PROTEIEN,953067,953363,hypothetical protein,296,10890,.,-,.
.,forsyth,gene,HP0903,ENERGY METABOLISM,953464,954661,acetate kinase (ackA) {Escherichia coli),1197,43926.66667,.,-,.
.,forsyth,gene,HP0904,ENERGY METABOLISM,954682,955596,phosphate acetyltransferase (pta) {Escherichia coli},914,33550,.,-,.
.,forsyth,gene,HP0905,ENERGY METABOLISM,955557,956225,phosphotransacetylase (pta) {Synechocystis sp.},668,24530,.,-,.
.,forsyth,gene,HP0906,HYPOTHETICAL PROTEIEN,956485,958065,hypothetical protein,1580,57970,.,+,.
.,forsyth,gene,HP0907,CELL ENVELOPE,958119,959021,"hook assembly protein, flagella (flgD) {Salmonella choleraesuis}",902,33110,.,+,.
.,forsyth,gene,HP0908,CELL ENVELOPE,959021,960835,flagellar hook (flgE) {Helicobacter pylori},1814,66550,.,+,.
.,forsyth,gene,HP0909,HYPOTHETICAL PROTEIEN,960890,961492,hypothetical protein,602,22110,.,+,.
.,forsyth,gene,HP0910,REPLICATION,961488,962624,adenine specific DNA methyltransferase (HINDIIM) {Haemophilus influenzae},1136,41690,.,+,.
.,forsyth,gene,HP0911,REPLICATION,962631,964655,"rep helicase, single-stranded DNA-dependent ATPase (rep) {Haemophilus influenzae}",2024,74250,.,+,.
.,forsyth,gene,HP0912,CELL ENVELOPE,965177,966721,outer membrane protein (omp20),1544,56650,.,+,.
.,forsyth,gene,HP0913,CELL ENVELOPE,966746,968332,outer membrane protein (omp21),1586,58190,.,+,.
.,forsyth,gene,HP0914,HYPOTHETICAL PROTEIEN,969241,970782,hypothetical protein,1541,56540,.,-,.
.,forsyth,gene,HP0915,TRANSPORT AND BINDING PROTEINS,971031,972716,iron-regulated outer membrane protein (frpB) {Neisseria meningitidis},1685,61820,.,-,.
.,forsyth,gene,HP0916,TRANSPORT AND BINDING PROTEINS,972719,973465,iron-regulated outer membrane protein (frpB) {Neisseria meningitidis},746,27390,.,-,.
.,forsyth,gene,HP0917,HYPOTHETICAL PROTEIEN,973624,973692,hypothetical protein,68,2530,.,+,.
.,forsyth,gene,HP0918,HYPOTHETICAL PROTEIEN,973728,974156,hypothetical protein,428,15730,.,-,.
.,forsyth,gene,HP0919,"PURINES, PYRIMIDINES, NUCLEOSIDES AND NUCLEOTIDES",974164,977418,carbamoyl-phosphate synthase (glutamine-hydrolysing) (pyrAb) {Bacillus caldolyticus},3254,119350,.,-,.
.,forsyth,gene,HP0920,HYPOTHETICAL PROTEIEN,977520,978209,conserved hypothetical integral membrane protein {Escherichia coli},689,25300,.,-,.
.,forsyth,gene,HP0921,ENERGY METABOLISM,978353,979348,glyceraldehyde-3-phosphate dehydrogenase (gap) {Bacillus megaterium},995,36520,.,+,.
.,forsyth,gene,HP0922,CELL ENVELOPE,979432,987018,toxin-like outer membrane protein {Helicobacter pylori},7586,278190,.,+,.
.,forsyth,gene,HP0923,CELL ENVELOPE,987073,988179,outer membrane protein (omp22),1106,40590,.,+,.
.,forsyth,gene,HP0924,OTHER CATEGORIES,988245,988448,4-oxalocrotonate tautomerase (dmpI) {Pseudomonas putida},203,7480,.,-,.
.,forsyth,gene,HP0925,REPLICATION,988604,989182,recombinational DNA repair protein (recR) {Haemophilus influenzae},578,21230,.,+,.
.,forsyth,gene,HP0926,HYPOTHETICAL PROTEIEN,989182,990324,conserved hypothetical protein {Haemophilus influenzae},1142,41910,.,+,.
.,forsyth,gene,HP0927,OTHER CATEGORIES,990266,991243,heat shock protein (htpX) {Escherichia coli},977,35860,.,+,.
.,forsyth,gene,HP0928,"BIOSYNTHESIS OF COFACTORS, PROSTHETIC GROUPS, AND CARRIERS",991247,991786,GTP cyclohydrolase I (folE) {Campylobacter jejuni},539,19800,.,+,.
.,forsyth,gene,HP0929,"BIOSYNTHESIS OF COFACTORS, PROSTHETIC GROUPS, AND CARRIERS",991805,992713,geranyltranstransferase (ispA) {Haemophilus influenzae},908,33330,.,+,.
.,forsyth,gene,HP0930,OTHER CATEGORIES,992713,993513,stationary-phase survival protein (surE) {Escherichia coli},800,29370,.,+,.
.,forsyth,gene,HP0931,HYPOTHETICAL PROTEIEN,993513,993950,hypothetical protein,437,16060,.,+,.
.,forsyth,gene,HP0932,HYPOTHETICAL PROTEIEN,993869,994168,hypothetical protein,299,11000,.,+,.
.,forsyth,gene,HP0933,HYPOTHETICAL PROTEIEN,994173,994772,hypothetical protein,599,22000,.,+,.
.,forsyth,gene,HP0934,HYPOTHETICAL PROTEIEN,994778,995530,conserved hypothetical protein {Escherichia coli},752,27610,.,+,.
.,forsyth,gene,HP0935,HYPOTHETICAL PROTEIEN,995544,996026,hypothetical protein,482,17710,.,+,.
.,forsyth,gene,HP0936,TRANSPORT AND BINDING PROTEINS,996535,997701,proline/betaine transporter (proP) {Escherichia coli},1166,42790,.,-,.
.,forsyth,gene,HP0937,HYPOTHETICAL PROTEIEN,998326,999117,hypothetical protein,791,29040,.,-,.
.,forsyth,gene,HP0938,HYPOTHETICAL PROTEIEN,999200,999544,hypothetical protein,344,12650,.,-,.
.,forsyth,gene,HP0939,TRANSPORT AND BINDING PROTEINS,999610,1000320,"amino acid ABC transporter, permease protein (yckJ) {Bacillus subtilis}",710,26070,.,-,.
.,forsyth,gene,HP0940,TRANSPORT AND BINDING PROTEINS,1000307,1001074,"amino acid ABC transporter, periplasmic binding protein (yckK) {Bacillus subtilis}",767,28160,.,-,.
.,forsyth,gene,HP0941,AMINO-ACID BIOSYNTHESIS,1001145,1002275,"alanine racemase, biosynthetic (alr) {Escherichia coli}",1130,41470,.,-,.
.,forsyth,gene,HP0942,TRANSPORT AND BINDING PROTEINS,1002285,1003634,D-alanine glycine permease (dagA) {Haemophilus influenzae},1349,49500,.,-,.
.,forsyth,gene,HP0943,ENERGY METABOLISM,1003678,1004907,D-amino acid dehydrogenase (dadA) {Escherichia coli},1229,45100,.,-,.
.,forsyth,gene,HP0944,TRANSLATION,1004932,1005306,"translation initiation inhibitor, putative {Rattus sp.}",374,13750,.,-,.
.,forsyth,gene,HP0945,HYPOTHETICAL PROTEIEN,1005789,1006082,hypothetical protein,293,10780,.,-,.
.,forsyth,gene,HP0946,HYPOTHETICAL PROTEIEN,1006665,1008152,conserved hypothetical integral membrane protein {Haemophilus influenzae},1487,54560,.,+,.
.,forsyth,gene,HP0947,HYPOTHETICAL PROTEIEN,1008470,1008829,hypothetical protein,359,13200,.,+,.
.,forsyth,gene,HP0948,HYPOTHETICAL PROTEIEN,1009202,1010212,hypothetical protein,1010,37070,.,-,.
.,forsyth,gene,HP0949,HYPOTHETICAL PROTEIEN,1010225,1010674,conserved hypothetical secreted protein {Bacillus subtilis},449,16500,.,-,.
.,forsyth,gene,HP0950,FATTY ACID AND PHOSPHOLIPID METABOLISM,1010691,1011557,acetyl-CoA carboxylase beta subunit (accD) {Haemophilus influenzae},866,31790,.,-,.
.,forsyth,gene,HP0951,HYPOTHETICAL PROTEIEN,1011635,1012249,hypothetical protein,614,22550,.,+,.
.,forsyth,gene,HP0952,HYPOTHETICAL PROTEIEN,1012263,1012916,conserved hypothetical integral membrane protein {Thermotoga maritima},653,23980,.,+,.
.,forsyth,gene,HP0953,HYPOTHETICAL PROTEIEN,1012925,1013488,hypothetical protein,563,20680,.,-,.
.,forsyth,gene,HP0954,ENERGY METABOLISM,1013556,1014185,oxygen-insensitive NAD(P)H nitroreductase  {Haemophilus influenzae},629,23100,.,-,.
.,forsyth,gene,HP0955,CELL ENVELOPE,1014185,1015036,prolipoprotein diacylglyceryl transferase (lgt) {Escherichia coli},851,31240,.,-,.
.,forsyth,gene,HP0956,HYPOTHETICAL PROTEIEN,1015049,1015774,conserved hypothetical protein {Mycobacterium tuberculosis},725,26620,.,-,.
.,forsyth,gene,HP0957,CELL ENVELOPE,1015789,1016967,3-deoxy-d-manno-octulosonic-acid transferase (kdtA) {Haemophilus influenzae},1178,43230,.,-,.
.,forsyth,gene,HP0958,HYPOTHETICAL PROTEIEN,1016971,1017732,hypothetical protein,761,27940,.,-,.
.,forsyth,gene,HP0959,HYPOTHETICAL PROTEIEN,1017745,1018473,conserved hypothetical protein {Methanococcus jannaschii},728,26730,.,-,.
.,forsyth,gene,HP0960,TRANSLATION,1018463,1019371,"glycyl-tRNA synthetase, alpha subunit (glyQ) {Haemophilus influenzae}",908,33330,.,-,.
.,forsyth,gene,HP0961,ENERGY METABOLISM,1019388,1020323,glycerol-3-phosphate dehydrogenase (NAD(P)+) {Bacillus subtilus},935,34320,.,-,.
.,forsyth,gene,HP0962,FATTY ACID AND PHOSPHOLIPID METABOLISM,1020458,1020916,acyl carrier protein (acpP) {Haemophilus influenzae},458,16830,.,-,.
.,forsyth,gene,HP0963,HYPOTHETICAL PROTEIEN,1020912,1022252,hypothetical protein,1340,49170,.,-,.
.,forsyth,gene,HP0964,HYPOTHETICAL PROTEIEN,1022252,1023340,hypothetical protein,1088,39930,.,-,.
.,forsyth,gene,HP0965,HYPOTHETICAL PROTEIEN,1023253,1024581,hypothetical protein,1328,48730,.,-,.
.,forsyth,gene,HP0966,HYPOTHETICAL PROTEIEN,1024581,1026227,conserved hypothetical protein {Thermophilic bacterial sp. isolate Rt8.B4},1646,60390,.,-,.
.,forsyth,gene,HP0967,OTHER CATEGORIES,1026451,1026735,virulence associated protein D (vapD) {Haemophilus influenzae},284,10450,.,-,.
.,forsyth,gene,HP0968,HYPOTHETICAL PROTEIEN,1027024,1027086,hypothetical protein,62,2310,.,-,.
.,forsyth,gene,HP0969,TRANSPORT AND BINDING PROTEINS,1027105,1030164,cation efflux system protein (czcA) {Alcaligenes eutrophus plasmid pMOL30},3059,112200,.,-,.
.,forsyth,gene,HP0970,OTHER CATEGORIES,1030164,1031240,nickel-cobalt-cadmium resistance protein (nccB) {Alcaligenes xylosoxidans},1076,39490,.,-,.
.,forsyth,gene,HP0971,HYPOTHETICAL PROTEIEN,1031240,1032478,hypothetical protein,1238,45430,.,-,.
.,forsyth,gene,HP0972,TRANSLATION,1032531,1034633,"glycyl-tRNA synthetase, beta subunit (glyS) {Haemophilus influenzae}",2102,77110,.,-,.
.,forsyth,gene,HP0973,HYPOTHETICAL PROTEIEN,1034745,1035803,hypothetical protein,1058,38830,.,+,.
.,forsyth,gene,HP0974,ENERGY METABOLISM,1035819,1037291,phosphoglycerate mutase (pgm) {Mycoplasma genitalium},1472,54010,.,+,.
.,forsyth,gene,HP0975,HYPOTHETICAL PROTEIEN,1037309,1037587,conserved hypothetical protein {Synechocystis sp.},278,10230,.,+,.
.,forsyth,gene,HP0976,"BIOSYNTHESIS OF COFACTORS, PROSTHETIC GROUPS, AND CARRIERS",1037713,1039020,adenosylmethionine-8-amino-7-oxononanoate aminotransferase (bioA) {Bacillus sphaericus},1307,47960,.,-,.
.,forsyth,gene,HP0977,HYPOTHETICAL PROTEIEN,1039149,1040609,conserved hypothetical secreted protein {Campylobacter jejuni},1460,53570,.,+,.
.,forsyth,gene,HP0978,CELLULAR PROCESSES,1040628,1042103,cell division protein (ftsA) protein {Borrelia burgdorferi},1475,54120,.,+,.
.,forsyth,gene,HP0979,CELLULAR PROCESSES,1042237,1043391,cell divison protein (ftsZ) {Bacillus subtilis},1154,42350,.,+,.
.,forsyth,gene,HP0980,HYPOTHETICAL PROTEIEN,1044552,1044851,conserved hypothetical secreted protein {Escherichia coli},299,11000,.,+,.
.,forsyth,gene,HP0981,HYPOTHETICAL PROTEIEN,1044772,1045134,exonuclease VII-like protein (xseA) {Haemophilus influenzae},362,13310,.,+,.
.,forsyth,gene,HP0982,HYPOTHETICAL PROTEIEN,1045509,1046201,hypothetical protein,692,25410,.,+,.
.,forsyth,gene,HP0983,HYPOTHETICAL PROTEIEN,1047054,1047875,conserved hypothetical integral membrane protein {Escherichia coli},821,30140,.,+,.
.,forsyth,gene,HP0984,HYPOTHETICAL PROTEIEN,1047958,1048062,hypothetical protein,104,3850,.,+,.
.,forsyth,gene,HP0985,HYPOTHETICAL PROTEIEN,1048091,1048411,hypothetical protein,320,11770,.,-,.
.,forsyth,gene,HP0986,HYPOTHETICAL PROTEIEN,1048717,1049427,hypothetical protein,710,26070,.,-,.
.,forsyth,gene,HP0987,HYPOTHETICAL PROTEIEN,1050812,1051042,hypothetical protein,230,8470,.,+,.
.,forsyth,gene,HP0988,OTHER CATEGORIES,1051055,1051480,IS605 transposase (tnpA) {Helicobacter pylori},425,15620,.,-,.
.,forsyth,gene,HP0989,OTHER CATEGORIES,1051550,1052830,IS605 transposase (tnpB) {Helicobacter pylori},1280,46970,.,+,.
.,forsyth,gene,HP0990,HYPOTHETICAL PROTEIEN,1052927,1053592,hypothetical protein,665,24420,.,+,.
.,forsyth,gene,HP0991,HYPOTHETICAL PROTEIEN,1053603,1054229,hypothetical protein,626,22990,.,-,.
.,forsyth,gene,HP0992,HYPOTHETICAL PROTEIEN,1054379,1054615,hypothetical protein,236,8690,.,-,.
.,forsyth,gene,HP0993,HYPOTHETICAL PROTEIEN,1054815,1055063,hypothetical protein,248,9130,.,+,.
.,forsyth,gene,HP0994,HYPOTHETICAL PROTEIEN,1055038,1055838,hypothetical protein,800,29370,.,+,.
.,forsyth,gene,HP0995,REPLICATION,1056161,1057225,integrase/recombinase (xerD) {Escherichia coli},1064,39050,.,-,.
.,forsyth,gene,HP0996,HYPOTHETICAL PROTEIEN,1058376,1060175,hypothetical protein,1799,66000,.,-,.
.,forsyth,gene,HP0997,OTHER CATEGORIES,1060327,1061607,IS605 transposase (tnpB) {Helicobacter pylori},1280,46970,.,-,.
.,forsyth,gene,HP0998,OTHER CATEGORIES,1061677,1062102,IS605 transposase (tnpA) {Helicobacter pylori},425,15620,.,+,.
.,forsyth,gene,HP0999,HYPOTHETICAL PROTEIEN,1062236,1062418,hypothetical protein,182,6710,.,+,.
.,forsyth,gene,HP1000,OTHER CATEGORIES,1062687,1063340,PARA protein {Agrobacterium radiobacter},653,23980,.,+,.
.,forsyth,gene,HP1001,HYPOTHETICAL PROTEIEN,1063428,1063709,hypothetical protein,281,10340,.,+,.
.,forsyth,gene,HP1002,HYPOTHETICAL PROTEIEN,1063756,1064937,hypothetical protein,1181,43340,.,+,.
.,forsyth,gene,HP1003,HYPOTHETICAL PROTEIEN,1064968,1066077,hypothetical protein,1109,40700,.,-,.
.,forsyth,gene,HP1004,HYPOTHETICAL PROTEIEN,1066056,1066874,hypothetical protein,818,30030,.,-,.
.,forsyth,gene,HP1005,HYPOTHETICAL PROTEIEN,1067156,1067467,hypothetical protein,311,11440,.,+,.
.,forsyth,gene,HP1006,CELLULAR PROCESSES,1068024,1068554,conjugal transfer protein (traG) {Agrobacterium radiobacter},530,19470,.,-,.
.,forsyth,gene,HP1007,OTHER CATEGORIES,1068605,1069929,"transposase-like protein, PS3IS {Thermophilic bacterium}",1324,48583.33333,.,-,.
.,forsyth,gene,HP1008,OTHER CATEGORIES,1069967,1070380,IS200 insertion sequence from SARA17 {Salmonella choleraesuis},413,15180,.,+,.
.,forsyth,gene,HP1009,REPLICATION,1070511,1071068,site-specific recombinase {Bacteriophage T4},557,20460,.,-,.
.,forsyth,gene,HP1010,CENTRAL INTERMEDIARY METABOLISM,1072429,1074453,polyphosphate kinase (ppk) {Neisseria meningitidis},2024,74250,.,+,.
.,forsyth,gene,HP1011,"PURINES, PYRIMIDINES, NUCLEOSIDES AND NUCLEOTIDES",1074493,1075545,dihydroorotate dehydrogenase (pyrD) {Haemophilus influenzae},1052,38610,.,+,.
.,forsyth,gene,HP1012,TRANSLATION,1075545,1076876,protease (pqqE) {Methylobacterium extorquens},1331,48840,.,+,.
.,forsyth,gene,HP1013,AMINO-ACID BIOSYNTHESIS,1076894,1077793,dihydrodipicolinate synthetase (dapA) {Escherichia coli},899,33000,.,+,.
.,forsyth,gene,HP1014,CENTRAL INTERMEDIARY METABOLISM,1077793,1078578,7-alpha-hydroxysteroid dehydrogenase (hdhA) {Escherichia coli},785,28820,.,+,.
.,forsyth,gene,HP1015,HYPOTHETICAL PROTEIEN,1078693,1079196,hypothetical protein,503,18480,.,+,.
.,forsyth,gene,HP1016,FATTY ACID AND PHOSPHOLIPID METABOLISM,1079133,1079732,phosphatidylglycerophosphate synthase (pgsA) {Escherichia coli},599,22000,.,+,.
.,forsyth,gene,HP1017,TRANSPORT AND BINDING PROTEINS,1079833,1081389,amino acid permease (rocE) {Bacillus subtilis},1556,57090,.,+,.
.,forsyth,gene,HP1018,HYPOTHETICAL PROTEIEN,1081440,1081583,hypothetical protein,143,5280,.,+,.
.,forsyth,gene,HP1019,TRANSLATION,1081537,1082865,serine protease (htrA) {Campylobacter jejuni},1328,48730,.,+,.
.,forsyth,gene,HP1020,HYPOTHETICAL PROTEIEN,1082890,1084107,conserved hypothetical protein {Rhodobacter capsulatus},1217,44660,.,+,.
.,forsyth,gene,HP1021,REGULATORY FUNCTIONS,1084132,1085025,response regulator {Streptococcus pneumoniae},893,32780,.,+,.
.,forsyth,gene,HP1022,HYPOTHETICAL PROTEIEN,1085284,1086117,hypothetical protein,833,30580,.,+,.
.,forsyth,gene,HP1023,HYPOTHETICAL PROTEIEN,1086218,1087465,hypothetical protein,1247,45760,.,-,.
.,forsyth,gene,HP1024,CELLULAR PROCESSES,1087633,1088496,co-chaperone-curved DNA binding protein A (CbpA) {Escherichia coli},863,31680,.,+,.
.,forsyth,gene,HP1025,REGULATORY FUNCTIONS,1088509,1088877,putative heat shock protein (hspR) {Streptomyces coelicolor},368,13530,.,+,.
.,forsyth,gene,HP1026,HYPOTHETICAL PROTEIEN,1088877,1090049,conserved hypothetical helicase-like protein {Haemophilus influenzae},1172,43010,.,+,.
.,forsyth,gene,HP1027,REGULATORY FUNCTIONS,1090212,1090661,ferric uptake regulation protein (fur) {Campylobacter jejuni},449,16500,.,+,.
.,forsyth,gene,HP1028,HYPOTHETICAL PROTEIEN,1090687,1091181,hypothetical protein,494,18150,.,-,.
.,forsyth,gene,HP1029,HYPOTHETICAL PROTEIEN,1091181,1091714,hypothetical protein,533,19580,.,-,.
.,forsyth,gene,HP1030,CELL ENVELOPE,1091746,1092606,fliY protein (fliY) {Bacillus subtilis},860,31570,.,-,.
.,forsyth,gene,HP1031,CELL ENVELOPE,1092613,1093674,flagellar motor switch protein (fliM) {Borrelia burgdorferi},1061,38940,.,-,.
.,forsyth,gene,HP1032,REGULATORY FUNCTIONS,1093670,1094434,"alternative transcription initiation factor, sigma-F (fliA) {Escherichia coli}",764,28050,.,-,.
.,forsyth,gene,HP1033,HYPOTHETICAL PROTEIEN,1094443,1094835,hypothetical protein,392,14410,.,+,.
.,forsyth,gene,HP1034,OTHER CATEGORIES,1094736,1095617,ATP-binding protein (ylxH) {Borrelia burgdorferi},881,32340,.,-,.
.,forsyth,gene,HP1035,CELL ENVELOPE,1095617,1096993,flagellar biosynthesis protein (flhF) {Bacillus subtilis},1376,50490,.,-,.
.,forsyth,gene,HP1036,"BIOSYNTHESIS OF COFACTORS, PROSTHETIC GROUPS, AND CARRIERS",1096990,1097478,"7, 8-dihydro-6-hydroxymethylpterin-pyrophosphokinase (folK) {Bacillus subtilis}",488,17930,.,-,.
.,forsyth,gene,HP1037,HYPOTHETICAL PROTEIEN,1097478,1098548,conserved hypothetical protein {Helicobacter pylori},1070,39270,.,-,.
.,forsyth,gene,HP1038,AMINO-ACID BIOSYNTHESIS,1098565,1099065,3-dehydroquinase type II (aroQ) {Helicobacter pylori},500,18370,.,-,.
.,forsyth,gene,HP1039,HYPOTHETICAL PROTEIEN,1099197,1100483,hypothetical protein,1286,47190,.,-,.
.,forsyth,gene,HP1040,TRANSLATION,1100517,1100786,ribosomal protein S15 (rps15) {Campylobacter jejuni},269,9900,.,-,.
.,forsyth,gene,HP1041,CELL ENVELOPE,1100927,1103125,flagellar biosynthesis protein (flhA) {Salmonella choleraesuis},2198,80630,.,+,.
.,forsyth,gene,HP1042,HYPOTHETICAL PROTEIEN,1103156,1104199,hypothetical protein,1043,38280,.,+,.
.,forsyth,gene,HP1043,REGULATORY FUNCTIONS,1104748,1105416,response regulator {Rhizobium leguminosarum},668,24530,.,-,.
.,forsyth,gene,HP1044,HYPOTHETICAL PROTEIEN,1105776,1106885,conserved hypothetical integral membrane protein {Caenorhabditis elegans},1109,40700,.,-,.
.,forsyth,gene,HP1045,FATTY ACID AND PHOSPHOLIPID METABOLISM,1107083,1109068,acetyl-CoA synthetase (acoE) {Alcaligenes eutrophus},1985,72820,.,+,.
.,forsyth,gene,HP1046,HYPOTHETICAL PROTEIEN,1109182,1109619,conserved hypothetical protein {Escherichia coli},437,16060,.,-,.
.,forsyth,gene,HP1047,TRANSLATION,1109615,1109947,ribosome-binding factor A (rbfA) {Bacillus subtilis},332,12210,.,-,.
.,forsyth,gene,HP1048,TRANSLATION,1109950,1112781,translation initiation factor IF-2 (infB) {Bacillus stearothermophilus},2831,103840,.,-,.
.,forsyth,gene,HP1049,HYPOTHETICAL PROTEIEN,1112781,1113047,conserved hypothetical protein {Thermus aquaticus},266,9790,.,-,.
.,forsyth,gene,HP1050,AMINO-ACID BIOSYNTHESIS,1113022,1113900,homoserine kinase (thrB) {Bacillus subtilis},878,32230,.,-,.
.,forsyth,gene,HP1051,HYPOTHETICAL PROTEIEN,1113957,1114376,hypothetical protein,419,15400,.,-,.
.,forsyth,gene,HP1052,CELL ENVELOPE,1114452,1115336,UDP-3-0-acyl N-acetylglcosamine deacetylase (envA) {Haemophilus influenzae},884,32450,.,-,.
.,forsyth,gene,HP1053,HYPOTHETICAL PROTEIEN,1115336,1115986,hypothetical protein,650,23870,.,-,.
.,forsyth,gene,HP1054,HYPOTHETICAL PROTEIEN,1115926,1117191,hypothetical protein,1265,46420,.,-,.
.,forsyth,gene,HP1055,HYPOTHETICAL PROTEIEN,1117258,1118199,hypothetical protein,941,34540,.,-,.
.,forsyth,gene,HP1056,HYPOTHETICAL PROTEIEN,1118211,1119062,hypothetical protein,851,31240,.,-,.
.,forsyth,gene,HP1057,HYPOTHETICAL PROTEIEN,1119043,1119762,hypothetical protein,719,26400,.,-,.
.,forsyth,gene,HP1058,"BIOSYNTHESIS OF COFACTORS, PROSTHETIC GROUPS, AND CARRIERS",1119911,1120720,3-methyl-2-oxobutanoate hydroxymethyltransferase (panB) {Bacillus subtilis},809,29700,.,+,.
.,forsyth,gene,HP1059,REPLICATION,1120723,1121730,Holliday junction DNA helicase (ruvB) {Haemophilus influenzae},1007,36960,.,+,.
.,forsyth,gene,HP1060,HYPOTHETICAL PROTEIEN,1121801,1122280,hypothetical protein,479,17600,.,+,.
.,forsyth,gene,HP1061,HYPOTHETICAL PROTEIEN,1122276,1123034,conserved hypothetical integral membrane protein {Haemophilus influenzae},758,27830,.,+,.
.,forsyth,gene,HP1062,TRANSLATION,1123038,1124072,S-adenosylmethionine:tRNA ribosyltransferase-isomerase (queA) {Haemophilus influenzae},1034,37950,.,+,.
.,forsyth,gene,HP1063,REPLICATION,1124072,1124605,glucose-inhibited division protein (gidB) {Escherichia coli},533,19580,.,+,.
.,forsyth,gene,HP1064,HYPOTHETICAL PROTEIEN,1124551,1124829,hypothetical protein,278,10230,.,+,.
.,forsyth,gene,HP1065,HYPOTHETICAL PROTEIEN,1124835,1125239,hypothetical protein,404,14850,.,+,.
.,forsyth,gene,HP1066,HYPOTHETICAL PROTEIEN,1125378,1125977,conserved hypothetical protein {Helicobacter pylori},599,22000,.,-,.
.,forsyth,gene,HP1067,CELLULAR PROCESSES,1126268,1126639,chemotaxis protein (cheY) {Heliocobacter pylori},371,13640,.,+,.
.,forsyth,gene,HP1068,TRANSLATION,1126643,1127641,ribosomal protein L11 methyltransferase (prmA) {Haemophilus influenzae},998,36630,.,+,.
.,forsyth,gene,HP1069,CELLULAR PROCESSES,1127653,1129548,cell division protein (ftsH) {Helicobacter pylori},1895,69520,.,+,.
.,forsyth,gene,HP1070,HYPOTHETICAL PROTEIEN,1129554,1129805,hypothetical protein,251,9240,.,+,.
.,forsyth,gene,HP1071,FATTY ACID AND PHOSPHOLIPID METABOLISM,1129798,1130508,phosphatidylserine synthase (pssA) {Helicobacter pylori},710,26070,.,+,.
.,forsyth,gene,HP1072,TRANSPORT AND BINDING PROTEINS,1130508,1132742,"copper-transporting ATPase, P-type (copA) {Helicobacter pylori}",2234,81950,.,+,.
.,forsyth,gene,HP1073,TRANSPORT AND BINDING PROTEINS,1132746,1132943,copper ion binding protein (copP) {Helicobacter pylori},197,7260,.,+,.
.,forsyth,gene,HP1074,HYPOTHETICAL PROTEIEN,1133091,1133876,hypothetical protein,785,28820,.,+,.
.,forsyth,gene,HP1075,HYPOTHETICAL PROTEIEN,1133938,1135251,conserved hypothetical secreted protein,1313,48180,.,-,.
.,forsyth,gene,HP1076,HYPOTHETICAL PROTEIEN,1135386,1135898,hypothetical protein,512,18810,.,+,.
.,forsyth,gene,HP1077,TRANSPORT AND BINDING PROTEINS,1135908,1136900,nickel transport protein (nixA) {Helicobacter pylori},992,36410,.,-,.
.,forsyth,gene,HP1078,HYPOTHETICAL PROTEIEN,1136961,1137644,hypothetical protein,683,25080,.,-,.
.,forsyth,gene,HP1079,HYPOTHETICAL PROTEIEN,1137676,1138785,hypothetical protein,1109,40700,.,-,.
.,forsyth,gene,HP1080,HYPOTHETICAL PROTEIEN,1138899,1139465,conserved hypothetical integral membrane protein {Synechocystis sp.},566,20790,.,-,.
.,forsyth,gene,HP1081,HYPOTHETICAL PROTEIEN,1139472,1140092,hypothetical protein,620,22770,.,-,.
.,forsyth,gene,HP1082,TRANSPORT AND BINDING PROTEINS,1140089,1141741,multidrug resistance protein (msbA) {Haemophilus influenzae},1652,60610,.,-,.
.,forsyth,gene,HP1083,HYPOTHETICAL PROTEIEN,1141836,1143272,hypothetical protein,1436,52690,.,-,.
.,forsyth,gene,HP1084,"PURINES, PYRIMIDINES, NUCLEOSIDES AND NUCLEOTIDES",1143530,1144450,aspartate transcarbamoylase (pyrB) {Bacillus subtilis},920,33770,.,-,.
.,forsyth,gene,HP1085,HYPOTHETICAL PROTEIEN,1144517,1145029,hypothetical protein,512,18810,.,+,.
.,forsyth,gene,HP1086,CELLULAR PROCESSES,1145032,1145736,hemolysin (tly) {Serpulina hyodysenteriae},704,25850,.,+,.
.,forsyth,gene,HP1087,"BIOSYNTHESIS OF COFACTORS, PROSTHETIC GROUPS, AND CARRIERS",1145705,1146544,riboflavin biosynthesis regulatory protein (ribC) {Bacillus subtilis},839,30800,.,+,.
.,forsyth,gene,HP1088,ENERGY METABOLISM,1146594,1148516,transketolase A (tktA) {Haemophilus influenzae},1922,70510,.,+,.
.,forsyth,gene,HP1089,HYPOTHETICAL PROTEIEN,1148516,1150849,hypothetical protein,2333,85580,.,+,.
.,forsyth,gene,HP1090,CELLULAR PROCESSES,1150840,1153413,cell division protein (ftsK) {Escherichia coli},2573,94380,.,+,.
.,forsyth,gene,HP1091,TRANSPORT AND BINDING PROTEINS,1153676,1154953,alpha-ketoglutarate permease (kgtP) {Escherichia coli},1277,46860,.,+,.
.,forsyth,gene,HP1092,CELL ENVELOPE,1155009,1155815,flagellar basal-body rod protein (flgG) {Salmonella choleraesuis},806,29590,.,+,.
.,forsyth,gene,HP1093,HYPOTHETICAL PROTEIEN,1156139,1156222,hypothetical protein,83,3080,.,-,.
.,forsyth,gene,HP1094,HYPOTHETICAL PROTEIEN,1156399,1156752,hypothetical protein,353,12980,.,+,.
.,forsyth,gene,HP1095,OTHER CATEGORIES,1156727,1158007,IS605 transposase (tnpB) {Helicobacter pylori},1280,46970,.,-,.
.,forsyth,gene,HP1096,OTHER CATEGORIES,1158077,1158502,IS605 transposase (tnpA) {Helicobacter pylori},425,15620,.,+,.
.,forsyth,gene,HP1097,HYPOTHETICAL PROTEIEN,1158606,1158698,hypothetical protein,92,3410,.,-,.
.,forsyth,gene,HP1098,HYPOTHETICAL PROTEIEN,1158722,1159591,conserved hypothetical secreted protein {Escherichia coli},869,31900,.,-,.
.,forsyth,gene,HP1099,ENERGY METABOLISM,1159664,1160287,2-keto-3-deoxy-6-phosphogluconate aldolase (eda) {Escherichia coli},623,22880,.,-,.
.,forsyth,gene,HP1100,ENERGY METABOLISM,1160309,1162132,6-phosphogluconate dehydratase {Escherichia coli},1823,66880,.,-,.
.,forsyth,gene,HP1101,ENERGY METABOLISM,1162198,1163472,glucose-6-phosphate dehydrogenase (g6pD) {Escherichia coli},1274,46750,.,+,.
.,forsyth,gene,HP1102,ENERGY METABOLISM,1163486,1164166,glucose-6-phosphate 1-dehydrogenase (devB) {Anabaena sp.},680,24970,.,+,.
.,forsyth,gene,HP1103,ENERGY METABOLISM,1164156,1165163,glucokinase (glk) {Escherichia coli},1007,36960,.,+,.
.,forsyth,gene,HP1104,HYPOTHETICAL PROTEIEN,1165328,1166371,cinnamyl-alcohol dehydrogenase ELI3-2 (cad) {Arabidopsis thaliana},1043,38280,.,+,.
.,forsyth,gene,HP1105,CELL ENVELOPE,1166389,1167681,LPS biosynthesis protein,1292,47410,.,-,.
.,forsyth,gene,HP1106,HYPOTHETICAL PROTEIEN,1167872,1169176,hypothetical protein,1304,47850,.,+,.
.,forsyth,gene,HP1107,CELL ENVELOPE,1169189,1169878,outer membrane protein (omp23),689,25300,.,-,.
.,forsyth,gene,HP1108,ENERGY METABOLISM,1170138,1170695,"pyruvate ferredoxin oxidoreductase, gamma subunit {Pyrococcus furiosus}",557,20460,.,+,.
.,forsyth,gene,HP1109,ENERGY METABOLISM,1170714,1171103,"pyruvate ferredoxin oxidoreductase, delta subunit {Thermotoga maritima}",389,14300,.,+,.
.,forsyth,gene,HP1110,ENERGY METABOLISM,1171116,1172336,"pyruvate ferredoxin oxidoreductase, alpha subunit {Pyrococcus furiosus}",1220,44770,.,+,.
.,forsyth,gene,HP1111,ENERGY METABOLISM,1172352,1173293,"pyruvate ferredoxin oxidoreductase, beta subunit {Thermotoga maritima}",941,34540,.,+,.
.,forsyth,gene,HP1112,"PURINES, PYRIMIDINES, NUCLEOSIDES AND NUCLEOTIDES",1173406,1174725,adenylosuccinate lyase (purB) {Bacillus subtilis},1319,48400,.,+,.
.,forsyth,gene,HP1113,CELL ENVELOPE,1174794,1175624,outer membrane protein (omp24),830,30470,.,+,.
.,forsyth,gene,HP1114,REPLICATION,1175641,1177614,excinuclease ABC subunit B (uvrB) {Haemophilus influenzae},1973,72380,.,-,.
.,forsyth,gene,HP1115,HYPOTHETICAL PROTEIEN,1177687,1178370,hypothetical protein,683,25080,.,-,.
.,forsyth,gene,HP1116,HYPOTHETICAL PROTEIEN,1178387,1181257,hypothetical protein,2870,105270,.,-,.
.,forsyth,gene,HP1117,HYPOTHETICAL PROTEIEN,1181670,1182437,conserved hypothetical secreted protein {Escherichia coli},767,28160,.,-,.
.,forsyth,gene,HP1118,"BIOSYNTHESIS OF COFACTORS, PROSTHETIC GROUPS, AND CARRIERS",1182709,1184409,gamma-glutamyltranspeptidase (ggt) {Escherichia coli},1700,62370,.,-,.
.,forsyth,gene,HP1119,CELL ENVELOPE,1184623,1186440,flagellar hook-associated protein 1 (HAP1) (flgK) {Salmonella choleraesuis},1817,66660,.,-,.
.,forsyth,gene,HP1120,HYPOTHETICAL PROTEIEN,1186445,1186876,hypothetical protein,431,15840,.,-,.
.,forsyth,gene,HP1121,REPLICATION,1187008,1187943,cytosine specific DNA methyltransferase (BSP6IM) {Bacillus sp.},935,34320,.,-,.
.,forsyth,gene,HP1122,HYPOTHETICAL PROTEIEN,1188108,1188335,hypothetical protein,227,8360,.,-,.
.,forsyth,gene,HP1123,TRANSLATION,1188613,1189167,"peptidyl-prolyl cis-trans isomerase, FKBP-type rotamase (slyD) {Escherichia coli}",554,20350,.,-,.
.,forsyth,gene,HP1124,HYPOTHETICAL PROTEIEN,1189157,1190149,hypothetical protein,992,36410,.,-,.
.,forsyth,gene,HP1125,CELL ENVELOPE,1190160,1190696,peptidoglycan associated lipoprotein precursor (omp18) {Campylobacter jejuni},536,19690,.,-,.
.,forsyth,gene,HP1126,OTHER CATEGORIES,1190766,1192016,colicin tolerance-like protein (tolB) {Haemophilus influenzae},1250,45870,.,-,.
.,forsyth,gene,HP1127,HYPOTHETICAL PROTEIEN,1192016,1192594,hypothetical protein,578,21230,.,-,.
.,forsyth,gene,HP1128,HYPOTHETICAL PROTEIEN,1192587,1192838,hypothetical protein,251,9240,.,-,.
.,forsyth,gene,HP1129,TRANSPORT AND BINDING PROTEINS,1192860,1193258,biopolymer transport protein (exbD) {Escherichia coli},398,14630,.,-,.
.,forsyth,gene,HP1130,TRANSPORT AND BINDING PROTEINS,1193314,1193880,biopolymer transport protein (exbB) {Escherichia coli},566,20790,.,-,.
.,forsyth,gene,HP1131,ENERGY METABOLISM,1193894,1194265,"ATP synthase F1, subunit epsilon (atpC) {Bacillus firmus}",371,13640,.,-,.
.,forsyth,gene,HP1132,ENERGY METABOLISM,1194276,1195682,"ATP synthase F1, subunit beta (atpD) {Wolinella succinogenes}",1406,51590,.,-,.
.,forsyth,gene,HP1133,ENERGY METABOLISM,1195708,1196610,"ATP synthase F1, subunit gamma (atpG) {Bacillus megaterium}",902,33110,.,-,.
.,forsyth,gene,HP1134,ENERGY METABOLISM,1196628,1198136,"ATP synthase F1, subunit alpha (atpA) {Myxococcus xanthus}",1508,55330,.,-,.
.,forsyth,gene,HP1135,ENERGY METABOLISM,1198160,1198699,"ATP synthase F1, subunit delta (atpH) {Vibrio alginolyticus}",539,19800,.,-,.
.,forsyth,gene,HP1136,ENERGY METABOLISM,1198703,1199215,"ATP synthase F0, subunit b (atpF) {Synechocystis sp.}",512,18810,.,-,.
.,forsyth,gene,HP1137,ENERGY METABOLISM,1199222,1199653,"ATP synthase F0, subunit b' (atpF') {Synechococcus sp.}",431,15840,.,-,.
.,forsyth,gene,HP1138,CELLULAR PROCESSES,1199767,1200636,plasmid replication-partition related protein  {Coxiella burnetii},869,31900,.,-,.
.,forsyth,gene,HP1139,OTHER CATEGORIES,1200642,1201433,SpoOJ regulator (soj) {Bacillus subtilis},791,29040,.,-,.
.,forsyth,gene,HP1140,"BIOSYNTHESIS OF COFACTORS, PROSTHETIC GROUPS, AND CARRIERS",1201439,1202074,biotin operon repressor/biotin acetyl coenzyme A carboxylase synthetase (birA) {Escherichia coli},635,23320,.,-,.
.,forsyth,gene,HP1141,TRANSLATION,1202074,1202982,methionyl-tRNA formyltransferase (fmt) {Escherichia coli},908,33330,.,-,.
.,forsyth,gene,HP1142,HYPOTHETICAL PROTEIEN,1203009,1205285,hypothetical protein,2276,83490,.,-,.
.,forsyth,gene,HP1143,HYPOTHETICAL PROTEIEN,1205328,1206626,hypothetical protein,1298,47630,.,-,.
.,forsyth,gene,HP1144,HYPOTHETICAL PROTEIEN,1206870,1207124,hypothetical protein,254,9350,.,+,.
.,forsyth,gene,HP1145,HYPOTHETICAL PROTEIEN,1209834,1210142,hypothetical protein,308,11330,.,-,.
.,forsyth,gene,HP1146,HYPOTHETICAL PROTEIEN,1210205,1210711,hypothetical protein,506,18590,.,-,.
.,forsyth,gene,HP1147,TRANSLATION,1211234,1211587,ribosomal protein L19 (rpl19) {Haemophilus influenzae},353,12980,.,-,.
.,forsyth,gene,HP1148,TRANSLATION,1211612,1212298,tRNA (guanine-N1)-methyltransferase (trmD) {Mycoplasma genitalium},686,25190,.,-,.
.,forsyth,gene,HP1149,HYPOTHETICAL PROTEIEN,1212302,1212853,conserved hypothetical protein {Escherichia coli},551,20240,.,-,.
.,forsyth,gene,HP1150,HYPOTHETICAL PROTEIEN,1212857,1213201,hypothetical protein,344,12650,.,-,.
.,forsyth,gene,HP1151,TRANSLATION,1213221,1213448,ribosomal protein S16 (rpS16) {Haemophilus influenzae},227,8360,.,-,.
.,forsyth,gene,HP1152,CELLULAR PROCESSES,1213525,1214868,signal recognition particle protein (ffh) {Bacillus subtilis},1343,49280,.,-,.
.,forsyth,gene,HP1153,TRANSLATION,1214886,1217507,valyl-tRNA synthetase (valS) {Escherichia coli},2621,96140,.,-,.
.,forsyth,gene,HP1154,HYPOTHETICAL PROTEIEN,1217638,1218042,hypothetical protein,404,14850,.,+,.
.,forsyth,gene,HP1155,CELL ENVELOPE,1218057,1219115,"transferase, peptidoglycan synthesis (murG) {Haemophilus influenzae}",1058,38830,.,+,.
.,forsyth,gene,HP1156,CELL ENVELOPE,1219226,1221313,outer membrane protein (omp25),2087,76560,.,+,.
.,forsyth,gene,HP1157,CELL ENVELOPE,1221339,1225028,outer membrane protein (omp26),3689,135300,.,+,.
.,forsyth,gene,HP1158,AMINO-ACID BIOSYNTHESIS,1225045,1225815,pyrroline-5-carboxylate reductase (proC) {Escherichia coli},770,28270,.,+,.
.,forsyth,gene,HP1159,CELLULAR PROCESSES,1225846,1226376,cell filamentation protein (fic) {Haemophilus influenzae},530,19470,.,+,.
.,forsyth,gene,HP1160,HYPOTHETICAL PROTEIEN,1226473,1226892,conserved hypothetical protein {Haemophilus influenzae},419,15400,.,-,.
.,forsyth,gene,HP1161,ENERGY METABOLISM,1226950,1227441,flavodoxin (fldA) {Synechococcus sp.},491,18040,.,-,.
.,forsyth,gene,HP1162,HYPOTHETICAL PROTEIEN,1227534,1228145,conserved hypothetical integral membrane protein {Escherichia coli},611,22440,.,-,.
.,forsyth,gene,HP1163,HYPOTHETICAL PROTEIEN,1228239,1228427,hypothetical protein,188,6930,.,+,.
.,forsyth,gene,HP1164,"BIOSYNTHESIS OF COFACTORS, PROSTHETIC GROUPS, AND CARRIERS",1228455,1229426,thioredoxin reductase (trxB) {Plasmodium falciparum},971,35640,.,+,.
.,forsyth,gene,HP1165,OTHER CATEGORIES,1229439,1230596,"tetracycline resistance protein tetA(P), putative {Clostridium perfringens}",1157,42460,.,-,.
.,forsyth,gene,HP1166,ENERGY METABOLISM,1230660,1232294,glucose-6-phosphate isomerase (pgi) {Escherichia coli},1634,59950,.,+,.
.,forsyth,gene,HP1167,HYPOTHETICAL PROTEIEN,1232603,1234015,hypothetical protein,1412,51810,.,+,.
.,forsyth,gene,HP1168,REGULATORY FUNCTIONS,1234299,1236359,carbon starvation protein (cstA) {Escherichia coli},2060,75570,.,-,.
.,forsyth,gene,HP1169,TRANSPORT AND BINDING PROTEINS,1236572,1237222,"glutamine ABC transporter, permease protein (glnP) {Escherichia coli}",650,23870,.,+,.
.,forsyth,gene,HP1170,TRANSPORT AND BINDING PROTEINS,1237227,1237895,"glutamine ABC transporter, permease protein (glnP) {Escherichia coli}",668,24530,.,+,.
.,forsyth,gene,HP1171,TRANSPORT AND BINDING PROTEINS,1237900,1238643,"glutamine ABC transporter, ATP-binding protein (glnQ) {Bacillus subtilis}",743,27280,.,+,.
.,forsyth,gene,HP1172,TRANSPORT AND BINDING PROTEINS,1238695,1239525,"glutamine ABC transporter, periplasmic glutamine-binding protein (glnH) {Bacillus subtilis}",830,30470,.,+,.
.,forsyth,gene,HP1173,HYPOTHETICAL PROTEIEN,1239650,1240198,hypothetical protein,548,20130,.,+,.
.,forsyth,gene,HP1174,TRANSPORT AND BINDING PROTEINS,1240476,1241696,glucose/galactose transporter (gluP) {Brucella melitensis},1220,44770,.,-,.
.,forsyth,gene,HP1175,HYPOTHETICAL PROTEIEN,1241828,1243132,conserved hypothetical integral membrane protein {Methanococcus jannaschii},1304,47850,.,-,.
.,forsyth,gene,HP1176,HYPOTHETICAL PROTEIEN,1243381,1243482,hypothetical protein,101,3740,.,-,.
.,forsyth,gene,HP1177,CELL ENVELOPE,1243586,1245508,outer membrane protein (omp27),1922,70510,.,-,.
.,forsyth,gene,HP1178,"PURINES, PYRIMIDINES, NUCLEOSIDES AND NUCLEOTIDES",1245967,1246665,purine-nucleoside phosphorylase (deoD) {Escherichia coli},698,25630,.,-,.
.,forsyth,gene,HP1179,"PURINES, PYRIMIDINES, NUCLEOSIDES AND NUCLEOTIDES",1246665,1247903,phosphopentomutase (deoB) {Escherichia coli},1238,45430,.,-,.
.,forsyth,gene,HP1180,TRANSPORT AND BINDING PROTEINS,1247918,1249171,pyrimidine nucleoside transport protein (nupC) {Bacillus subtilis},1253,45980,.,-,.
.,forsyth,gene,HP1181,TRANSPORT AND BINDING PROTEINS,1249488,1250816,multidrug-efflux transporter {Staphylococcus aureus},1328,48730,.,+,.
.,forsyth,gene,HP1182,HYPOTHETICAL PROTEIEN,1250838,1251596,conserved hypothetical protein {Haemophilus influenzae},758,27830,.,+,.
.,forsyth,gene,HP1183,TRANSPORT AND BINDING PROTEINS,1251611,1252759,NA+/H+ antiporter (napA) {Enterococcus hirae},1148,42130,.,-,.
.,forsyth,gene,HP1184,HYPOTHETICAL PROTEIEN,1252788,1254164,conserved hypothetical integral membrane protein {Methanococcus jannaschii},1376,50490,.,-,.
.,forsyth,gene,HP1185,HYPOTHETICAL PROTEIEN,1254328,1255500,conserved hypothetical integral membrane protein {Haemophilus influenzae},1172,43010,.,-,.
.,forsyth,gene,HP1186,CENTRAL INTERMEDIARY METABOLISM,1255772,1256377,carbonic anhydrase {Chlamydomonas reinhardtii},605,22220,.,+,.
.,forsyth,gene,HP1187,HYPOTHETICAL PROTEIEN,1256749,1257903,hypothetical protein,1154,42350,.,-,.
.,forsyth,gene,HP1188,HYPOTHETICAL PROTEIEN,1258253,1259059,hypothetical protein,806,29590,.,-,.
.,forsyth,gene,HP1189,AMINO-ACID BIOSYNTHESIS,1259622,1260659,aspartate-semialdehyde dehydrogenase (asd) {Bacillus subtilis},1037,38060,.,-,.
.,forsyth,gene,HP1190,TRANSLATION,1260649,1261974,histidyl-tRNA synthetase (hisS) {Homo sapiens},1325,48620,.,-,.
.,forsyth,gene,HP1191,CELL ENVELOPE,1262036,1263082,ADP-heptose-lps heptosyltransferase II (rfaF) {Haemophilus influenzae},1046,38390,.,+,.
.,forsyth,gene,HP1192,CELL ENVELOPE,1263279,1263557,secreted protein involved in flagellar motility {Helicobacter pylori},278,10230,.,-,.
.,forsyth,gene,HP1193,HYPOTHETICAL PROTEIEN,1263775,1264761,"aldo-keto reductase, putative {Nicotiana tabacum}",986,36190,.,+,.
.,forsyth,gene,HP1194,HYPOTHETICAL PROTEIEN,1264938,1265021,hypothetical protein,83,3080,.,-,.
.,forsyth,gene,HP1195,TRANSLATION,1265311,1267386,translation elongation factor EF-G (fusA) {Escherichia coli},2075,76120,.,-,.
.,forsyth,gene,HP1196,TRANSLATION,1267401,1267865,ribosomal protein S7 (rps7) {Bacillus stearothermophilus},464,17050,.,-,.
.,forsyth,gene,HP1197,TRANSLATION,1267884,1268288,ribosomal protein S12 (rps12) {Anacystis nidulans},404,14850,.,-,.
.,forsyth,gene,HP1198,TRANSCRIPTION,1268380,1277049,"DNA-directed RNA polymerase, beta subunit (rpoB) {Escherichia coli}",8669,317900,.,-,.
.,forsyth,gene,HP1199,TRANSLATION,1277276,1277650,ribosomal protein L7/L12 (rpl7/l12) {Bacillus stearothermophilus},374,13750,.,-,.
.,forsyth,gene,HP1200,TRANSLATION,1277699,1278190,ribosomal protein L10 (rpl10) {Bacillus subtilis},491,18040,.,-,.
.,forsyth,gene,HP1201,TRANSLATION,1278302,1279003,ribosomal protein L1 (rpl1) {Haemophilus influenzae},701,25740,.,-,.
.,forsyth,gene,HP1202,TRANSLATION,1279051,1279473,ribosomal protein L11 (rpl11) {Thermotoga maritima},422,15510,.,-,.
.,forsyth,gene,HP1203,TRANSCRIPTION,1279494,1280021,transcription termination factor NusG (nusG) {Escherichia coli},527,19360,.,-,.
.,forsyth,gene,HP1204,TRANSLATION,1280488,1280643,ribosomal protein L33 (rpL33) {Bacillus stearothermophilus},155,5720,.,-,.
.,forsyth,gene,HP1205,TRANSLATION,1280682,1281878,translation elongation factor EF-Tu (tufB) {Wolinella succinogenes},1196,43890,.,-,.
.,forsyth,gene,HP1206,TRANSPORT AND BINDING PROTEINS,1282579,1284312,multidrug resistance protein (hetA) {Anabaena sp.},1733,63580,.,+,.
.,forsyth,gene,HP1207,HYPOTHETICAL PROTEIEN,1284327,1284992,hypothetical protein,665,24420,.,-,.
.,forsyth,gene,HP1208,REPLICATION,1285196,1286182,ulcer associated adenine specific DNA methyltransferase {helicobacter pylori},986,36190,.,-,.
.,forsyth,gene,HP1209,REPLICATION,1286194,1286709,ulcer-associated gene restriction endonuclease (iceA) {Helicobacter pylori},515,18920,.,-,.
.,forsyth,gene,HP1210,AMINO-ACID BIOSYNTHESIS,1286972,1287484,serine acetyltransferase (cysE) {Helicobacter pylori},512,18810,.,-,.
.,forsyth,gene,HP1211,HYPOTHETICAL PROTEIEN,1287786,1288028,hypothetical protein,242,8910,.,+,.
.,forsyth,gene,HP1212,ENERGY METABOLISM,1288091,1288405,"ATP synthase F0, subunit c (atpE) {Anabaena sp.}",314,11550,.,-,.
.,forsyth,gene,HP1213,TRANSCRIPTION,1288541,1290604,polynucleotide phosphorylase (pnp) {Haemophilus influenzae},2063,75680,.,-,.
.,forsyth,gene,HP1214,HYPOTHETICAL PROTEIEN,1290610,1291329,conserved hypothetical protein {Mycobacterium tuberculosis},719,26400,.,-,.
.,forsyth,gene,HP1215,HYPOTHETICAL PROTEIEN,1291329,1291568,hypothetical protein,239,8800,.,-,.
.,forsyth,gene,HP1216,HYPOTHETICAL PROTEIEN,1291607,1293586,conserved hypothetical secreted protein {Haemophilus influenzae},1979,72600,.,-,.
.,forsyth,gene,HP1217,HYPOTHETICAL PROTEIEN,1293592,1294068,hypothetical protein,476,17490,.,-,.
.,forsyth,gene,HP1218,"PURINES, PYRIMIDINES, NUCLEOSIDES AND NUCLEOTIDES",1294120,1295391,glycinamide ribonucleotide synthetase (purD) {Haemophilus influenzae},1271,46640,.,-,.
.,forsyth,gene,HP1219,HYPOTHETICAL PROTEIEN,1295511,1295699,hypothetical protein,188,6930,.,+,.
.,forsyth,gene,HP1220,TRANSPORT AND BINDING PROTEINS,1295707,1296390,"ABC transporter, ATP-binding protein (yhcG) {Bacillus subtilis}",683,25080,.,-,.
.,forsyth,gene,HP1221,HYPOTHETICAL PROTEIEN,1296387,1297088,conserved hypothetical protein {Haemophilus influenzae},701,25740,.,-,.
.,forsyth,gene,HP1222,ENERGY METABOLISM,1297132,1299975,D-lactate dehydrogenase (dld) {Haemophilus influenzae},2843,104280,.,-,.
.,forsyth,gene,HP1223,HYPOTHETICAL PROTEIEN,1300041,1300370,hypothetical protein,329,12100,.,+,.
.,forsyth,gene,HP1224,"BIOSYNTHESIS OF COFACTORS, PROSTHETIC GROUPS, AND CARRIERS",1300376,1301053,uroporphyrinogen III cosynthase (hemD) {Chlorobium vibrioforme},677,24860,.,+,.
.,forsyth,gene,HP1225,HYPOTHETICAL PROTEIEN,1301104,1301493,conserved hypothetical integral membrane protein {Methanococcus jannaschii},389,14300,.,+,.
.,forsyth,gene,HP1226,"BIOSYNTHESIS OF COFACTORS, PROSTHETIC GROUPS, AND CARRIERS",1301550,1302605,oxygen-independent coproporphyrinogen III oxidase (hemN) {Haemophilus influenzae},1055,38720,.,-,.
.,forsyth,gene,HP1227,ENERGY METABOLISM,1302679,1302966,cytochrome c553 {Desulfovibrio vulgaris},287,10560,.,+,.
.,forsyth,gene,HP1228,OTHER CATEGORIES,1303120,1303584,invasion protein (invA) {Bartonella bacilliformis},464,17050,.,+,.
.,forsyth,gene,HP1229,AMINO-ACID BIOSYNTHESIS,1303589,1304803,aspartokinase (lysC) {Bacillus sp.},1214,44550,.,+,.
.,forsyth,gene,HP1230,HYPOTHETICAL PROTEIEN,1304803,1305342,hypothetical protein,539,19800,.,+,.
.,forsyth,gene,HP1231,REPLICATION,1305342,1305995,DNA polymerase III delta prime subunit (holB) {Escherichia coli},653,23980,.,+,.
.,forsyth,gene,HP1232,"BIOSYNTHESIS OF COFACTORS, PROSTHETIC GROUPS, AND CARRIERS",1305995,1307134,dihydropteroate synthase (folP) {Haemophilus influenzae},1139,41800,.,+,.
.,forsyth,gene,HP1233,HYPOTHETICAL PROTEIEN,1307235,1307693,hypothetical protein,458,16830,.,-,.
.,forsyth,gene,HP1234,HYPOTHETICAL PROTEIEN,1308086,1308979,conserved hypothetical integral membrane protein {Sphingomonas S88},893,32780,.,+,.
.,forsyth,gene,HP1235,HYPOTHETICAL PROTEIEN,1308986,1310230,conserved hypothetical integral membrane protein {Escherichia coli},1244,45650,.,+,.
.,forsyth,gene,HP1236,HYPOTHETICAL PROTEIEN,1310312,1310860,hypothetical protein,548,20130,.,+,.
.,forsyth,gene,HP1237,"PURINES, PYRIMIDINES, NUCLEOSIDES AND NUCLEOTIDES",1310863,1311987,carbamoyl-phosphate synthetase (pyrAa) {Salmonella choleraesuis},1124,41250,.,+,.
.,forsyth,gene,HP1238,ENERGY METABOLISM,1312156,1313157,aliphatic amidase (aimE) {Pseudomonas aeruginosa},1001,36740,.,+,.
.,forsyth,gene,HP1239,HYPOTHETICAL PROTEIEN,1313415,1313501,hypothetical protein,86,3190,.,-,.
.,forsyth,gene,HP1240,HYPOTHETICAL PROTEIEN,1313617,1314186,conserved hypothetical protein {Escherichia coli},569,20900,.,-,.
.,forsyth,gene,HP1241,TRANSLATION,1314191,1316731,alanyl-tRNA synthetase (alaS) {Haemophilus influenzae},2540,93170,.,-,.
.,forsyth,gene,HP1242,HYPOTHETICAL PROTEIEN,1316851,1317078,conserved hypothetical protein {Escherichia coli},227,8360,.,+,.
.,forsyth,gene,HP1243,CELL ENVELOPE,1317841,1320039,outer membrane protein (omp28),2198,80630,.,-,.
.,forsyth,gene,HP1244,TRANSLATION,1320341,1320595,ribosomal protein S18 (rps18) {Bacillus stearothermophilus},254,9350,.,-,.
.,forsyth,gene,HP1245,REPLICATION,1320621,1321157,single-strand DNA-binding protein (ssb) {Escherichia coli},536,19690,.,-,.
.,forsyth,gene,HP1246,TRANSLATION,1321170,1321595,ribosomal protein S6 (rps6) {Escherichia coli},425,15620,.,-,.
.,forsyth,gene,HP1247,HYPOTHETICAL PROTEIEN,1321752,1322771,hypothetical protein,1019,37400,.,-,.
.,forsyth,gene,HP1248,OTHER CATEGORIES,1322764,1324695,virulence associated protein homolog (vacB) {Escherichia coli},1931,70840,.,-,.
.,forsyth,gene,HP1249,AMINO-ACID BIOSYNTHESIS,1324698,1325486,shikimate 5-dehydrogenase (aroE) {Escherichia coli},788,28930,.,-,.
.,forsyth,gene,HP1250,HYPOTHETICAL PROTEIEN,1325497,1326072,hypothetical protein,575,21120,.,-,.
.,forsyth,gene,HP1251,TRANSPORT AND BINDING PROTEINS,1326084,1327127,"oligopeptide ABC transporter, permease protein (oppB) {Escherichia coli}",1043,38280,.,-,.
.,forsyth,gene,HP1252,TRANSPORT AND BINDING PROTEINS,1327127,1328908,"oligopeptide ABC transporter, periplasmic oligopeptide-binding protein (oppA) {Bacillus subtilis}",1781,65340,.,-,.
.,forsyth,gene,HP1253,TRANSLATION,1328912,1329928,tryptophanyl-tRNA synthetase (trpS) {Bacillus subtilis},1016,37290,.,-,.
.,forsyth,gene,HP1254,"BIOSYNTHESIS OF COFACTORS, PROSTHETIC GROUPS,
AND CARRIERS",1329963,1330682,biotin synthesis protein (bioC) {Escherichia coli},719,26400,.,-,.
.,forsyth,gene,HP1255,CELLULAR PROCESSES,1330799,1331401,"protein translocation protein, low temperature (secG) {Escherichia coli}",602,22110,.,+,.
.,forsyth,gene,HP1256,TRANSLATION,1331404,1331958,ribosome releasing factor (frr) {Haemophilus influenzae},554,20350,.,+,.
.,forsyth,gene,HP1257,"PURINES, PYRIMIDINES, NUCLEOSIDES AND NUCLEOTIDES",1331965,1332567,orotate phosphoribosyltransferase (pyrE) {Thermus aquaticus},602,22110,.,+,.
.,forsyth,gene,HP1258,HYPOTHETICAL PROTEIEN,1332560,1333021,conserved hypothetical mitochondrial protein 4 {Trypanosoma brucei},461,16940,.,+,.
.,forsyth,gene,HP1259,HYPOTHETICAL PROTEIEN,1333094,1333708,conserved hypothetical protein {Escherichia coli},614,22550,.,+,.
.,forsyth,gene,HP1260,ENERGY METABOLISM,1333813,1334211,"NADH-ubiquinone oxidoreductase, NQO7 subunit (NQO7) {Platymonas subcordiformis}",398,14630,.,+,.
.,forsyth,gene,HP1261,ENERGY METABOLISM,1334214,1334690,"NADH-ubiquinone oxidoreductase, NQO6 subunit (NQO6) {Arabidopsis thaliana}",476,17490,.,+,.
.,forsyth,gene,HP1262,ENERGY METABOLISM,1334690,1335487,"NADH-ubiquinone oxidoreductase, NQO5 subunit (NQO5) {Synechocystis sp.}",797,29260,.,+,.
.,forsyth,gene,HP1263,ENERGY METABOLISM,1335492,1336718,"NADH-ubiquinone oxidoreductase, NQO4 subunit (NQO4){Triticum aestivum}",1226,44990,.,+,.
.,forsyth,gene,HP1264,HYPOTHETICAL PROTEIEN,1336718,1336945,hypothetical protein,227,8360,.,+,.
.,forsyth,gene,HP1265,HYPOTHETICAL PROTEIEN,1336951,1337934,hypothetical protein,983,36080,.,+,.
.,forsyth,gene,HP1266,ENERGY METABOLISM,1337934,1340465,"NADH-ubiquinone oxidoreductase, NQO3 subunit (NQO3) {Thermus aquaticus thermophilus}",2531,92840,.,+,.
.,forsyth,gene,HP1267,ENERGY METABOLISM,1340465,1341451,"NADH-ubiquinone oxidoreductase, NQO8 subunit (NQO8) {Plectonema boryanum}",986,36190,.,+,.
.,forsyth,gene,HP1268,ENERGY METABOLISM,1341465,1342124,"NADH-ubiquinone oxidoreductase, NQO9 subunit (NQO9) {Arabidopsis thaliana}",659,24200,.,+,.
.,forsyth,gene,HP1269,ENERGY METABOLISM,1342120,1342665,"NADH-ubiquinone oxidoreductase, NQO10 subunit (NQO10) {Synechocystis sp.}",545,20020,.,+,.
.,forsyth,gene,HP1270,ENERGY METABOLISM,1342665,1342964,"NADH-ubiquinone oxidoreductase, NQO11 subunit (NQO11) ({Paracoccus denitrificans}",299,11000,.,+,.
.,forsyth,gene,HP1271,ENERGY METABOLISM,1342970,1344805,"NADH-ubiquinone oxidoreductase, NQO12 subunit (NQO12) {Paracoccus denitrificans}",1835,67320,.,+,.
.,forsyth,gene,HP1272,ENERGY METABOLISM,1344812,1346347,"NADH-ubiquinone oxidoreductase, NQO13 subunit (NQO13) {Rhodobacter capsulatus}",1535,56320,.,+,.
.,forsyth,gene,HP1273,ENERGY METABOLISM,1346337,1347806,"NADH-ubiquinone oxidoreductase, NQO14 subunit (NQO14) {Paracoccus denitrificans}",1469,53900,.,+,.
.,forsyth,gene,HP1274,CELL ENVELOPE,1347799,1350201,paralysed flagella protein (pflA) {Campylobacter jejuni},2402,88110,.,+,.
.,forsyth,gene,HP1275,CELL ENVELOPE,1350206,1351582,phosphomannomutase (algC){Pseudomonas aeruginosa},1376,50490,.,+,.
.,forsyth,gene,HP1276,HYPOTHETICAL PROTEIEN,1351731,1352012,hypothetical protein,281,10340,.,+,.
.,forsyth,gene,HP1277,AMINO-ACID BIOSYNTHESIS,1352366,1353151,"tryptophan synthase, alpha subunit (trpA) {Escherichia coli}",785,28820,.,-,.
.,forsyth,gene,HP1278,AMINO-ACID BIOSYNTHESIS,1353151,1354329,"tryptophan synthase, beta subunit (trpB) {Escherichia coli}",1178,43230,.,-,.
.,forsyth,gene,HP1279,AMINO-ACID BIOSYNTHESIS,1354334,1355689,anthranilate isomerase (trpC) {Escherichia coli},1355,49720,.,-,.
.,forsyth,gene,HP1280,AMINO-ACID BIOSYNTHESIS,1355685,1356689,anthranilate synthase component II (trpD) {Escherichia coli},1004,36850,.,-,.
.,forsyth,gene,HP1281,AMINO-ACID BIOSYNTHESIS,1356689,1357270,anthranilate synthase component II (trpD) {Escherichia coli},581,21340,.,-,.
.,forsyth,gene,HP1282,AMINO-ACID BIOSYNTHESIS,1357270,1358769,anthranilate synthase component I (trpE) {Escherichia coli},1499,55000,.,-,.
.,forsyth,gene,HP1283,HYPOTHETICAL PROTEIEN,1358995,1360449,hypothetical protein,1454,53350,.,-,.
.,forsyth,gene,HP1284,HYPOTHETICAL PROTEIEN,1360550,1361587,conserved hypothetical protein {Haemophilus influenzae},1037,38060,.,-,.
.,forsyth,gene,HP1285,HYPOTHETICAL PROTEIEN,1361660,1362349,conserved hypothetical secreted protein,689,25300,.,-,.
.,forsyth,gene,HP1286,HYPOTHETICAL PROTEIEN,1362519,1363064,conserved hypothetical secreted protein {Escherichia coli},545,20020,.,+,.
.,forsyth,gene,HP1287,REGULATORY FUNCTIONS,1363134,1363784,transcriptional regulator (tenA) {Bacillus subtilis},650,23870,.,-,.
.,forsyth,gene,HP1288,HYPOTHETICAL PROTEIEN,1364308,1364703,hypothetical protein,395,14520,.,+,.
.,forsyth,gene,HP1289,HYPOTHETICAL PROTEIEN,1364730,1365212,hypothetical protein,482,17710,.,+,.
.,forsyth,gene,HP1290,TRANSPORT AND BINDING PROTEINS,1365401,1366060,nicotinamide mononucleotide transporter (pnuC)  {Salmonella choleraesuis},659,24200,.,+,.
.,forsyth,gene,HP1291,HYPOTHETICAL PROTEIEN,1366051,1366662,conserved hypothetical protein {Caenorhabditis elegans},611,22440,.,+,.
.,forsyth,gene,HP1292,TRANSLATION,1367375,1367722,ribosomal protein L17 (rpl17) {Haemophilus influenzae},347,12760,.,-,.
.,forsyth,gene,HP1293,TRANSCRIPTION,1367725,1368756,"DNA-directed RNA polymerase, alpha subunit (rpoA) {Bacillus subtilis}",1031,37840,.,-,.
.,forsyth,gene,HP1294,TRANSLATION,1368771,1369394,ribosomal protein S4 (rps4) {Haemophilus influenzae},623,22880,.,-,.
.,forsyth,gene,HP1295,TRANSLATION,1369407,1369799,ribosomal protein S11 (rps11) {Bacillus stearothermophilus},392,14410,.,-,.
.,forsyth,gene,HP1296,TRANSLATION,1369825,1370184,ribosomal protein S13 (rps13) {Bacillus subtilis},359,13200,.,-,.
.,forsyth,gene,HP1297,TRANSLATION,1370191,1370301,ribosomal protein L36 (rpl36) {Escherichia coli},110,4070,.,-,.
.,forsyth,gene,HP1298,TRANSLATION,1370383,1370598,translation initiation factor EF-1 (infA) {Bacillus subtilis},215,7920,.,-,.
.,forsyth,gene,HP1299,TRANSLATION,1370601,1371359,methionine amino peptidase (map) {Bacillus subtilis},758,27830,.,-,.
.,forsyth,gene,HP1300,CELLULAR PROCESSES,1371362,1372621,preprotein translocase subunit (secY) {Escherichia coli},1259,46200,.,-,.
.,forsyth,gene,HP1301,TRANSLATION,1372667,1373071,ribosomal protein L15 (rpl15) {Haemophilus influenzae},404,14850,.,-,.
.,forsyth,gene,HP1302,TRANSLATION,1373088,1373546,ribosomal protein S5 (rps5) {Bacillus stearothermophilus},458,16830,.,-,.
.,forsyth,gene,HP1303,TRANSLATION,1373546,1373902,ribosomal protein L18 (rpl18) {Bacillus stearothermophilus},356,13090,.,-,.
.,forsyth,gene,HP1304,TRANSLATION,1373916,1374449,ribosomal protein L6 (rpl6) {Mycoplasma capricolum},533,19580,.,-,.
.,forsyth,gene,HP1305,TRANSLATION,1374463,1374855,ribosomal protein S8 (rps8) {Mycoplasma capricolum},392,14410,.,-,.
.,forsyth,gene,HP1306,TRANSLATION,1374868,1375050,ribosomal protein S14 (rpS14) {Bacillus stearothermophilus},182,6710,.,-,.
.,forsyth,gene,HP1307,TRANSLATION,1375063,1375605,ribosomal protein L5 (rpl5) {Bacillus stearothermophilus},542,19910,.,-,.
.,forsyth,gene,HP1308,TRANSLATION,1375621,1375839,ribosomal protein L24 (rpl24) {Bacillus stearothermophilus},218,8030,.,-,.
.,forsyth,gene,HP1309,TRANSLATION,1375842,1376207,ribosomal protein L14 (rpl14) {Escherichia coli},365,13420,.,-,.
.,forsyth,gene,HP1310,TRANSLATION,1376213,1376470,ribosomal protein S17 (rps17) {Haemophilus influenzae},257,9460,.,-,.
.,forsyth,gene,HP1311,TRANSLATION,1376486,1376683,ribosomal protein L29 (rpL29) {Thermotoga maritima},197,7260,.,-,.
.,forsyth,gene,HP1312,TRANSLATION,1376673,1377095,ribosomal protein L16 (rpl16) {Escherichia coli},422,15510,.,-,.
.,forsyth,gene,HP1313,TRANSLATION,1377101,1377802,ribosomal protein S3 (rps3) {Haemophilus influenzae},701,25740,.,-,.
.,forsyth,gene,HP1314,TRANSLATION,1377809,1378174,ribosomal protein L22 (rpl22) {Bacillus subtilis},365,13420,.,-,.
.,forsyth,gene,HP1315,TRANSLATION,1378187,1378465,ribosomal protein S19 (rps19) {Escherichia coli},278,10230,.,-,.
.,forsyth,gene,HP1316,TRANSLATION,1378479,1379306,ribosomal protein L2 (rpl2) {Bacillus stearothermophilus},827,30360,.,-,.
.,forsyth,gene,HP1317,TRANSLATION,1379326,1379604,ribosomal protein L23 (rpl23) {Escherichia coli},278,10230,.,-,.
.,forsyth,gene,HP1318,TRANSLATION,1379611,1380255,ribosomal protein L4 (rpl4) {Morganella morganii},644,23650,.,-,.
.,forsyth,gene,HP1319,TRANSLATION,1380293,1380865,ribosomal protein L3 (rpl3) {Thermus aquaticus},572,21010,.,-,.
.,forsyth,gene,HP1320,TRANSLATION,1380905,1381216,ribosomal protein S10 (rps10) {Haemophilus influenzae},311,11440,.,-,.
.,forsyth,gene,HP1321,HYPOTHETICAL PROTEIEN,1381381,1382511,conserved hypothetical ATP-binding protein {Methanococcus jannaschii},1130,41470,.,+,.
.,forsyth,gene,HP1322,HYPOTHETICAL PROTEIEN,1382720,1383322,hypothetical protein,602,22110,.,+,.
.,forsyth,gene,HP1323,REPLICATION,1383302,1383928,ribonuclease HII (rnhB) {Haemophilus influenzae},626,22990,.,-,.
.,forsyth,gene,HP1324,HYPOTHETICAL PROTEIEN,1383947,1384195,hypothetical protein,248,9130,.,-,.
.,forsyth,gene,HP1325,ENERGY METABOLISM,1384220,1385608,fumarase (fumC) {Escherichia coli},1388,50930,.,-,.
.,forsyth,gene,HP1326,HYPOTHETICAL PROTEIEN,1385783,1386157,hypothetical protein,374,13750,.,+,.
.,forsyth,gene,HP1327,HYPOTHETICAL PROTEIEN,1386165,1387400,hypothetical protein,1235,45320,.,+,.
.,forsyth,gene,HP1328,TRANSPORT AND BINDING PROTEINS,1387400,1388413,cation efflux system protein (czcA) {Alcaligenes eutrophus plasmid pMOL30},1013,37180,.,+,.
.,forsyth,gene,HP1329,TRANSPORT AND BINDING PROTEINS,1388417,1391521,cation efflux system protein (czcA) {Alcaligenes eutrophus plasmid pMOL30},3104,113850,.,+,.
.,forsyth,gene,HP1330,HYPOTHETICAL PROTEIEN,1391530,1391874,conserved hypothetical integral membrane protein {Haemophilus influenzae},344,12650,.,-,.
.,forsyth,gene,HP1331,HYPOTHETICAL PROTEIEN,1391871,1392554,conserved hypothetical integral membrane protein {Haemophilus influenzae},683,25080,.,-,.
.,forsyth,gene,HP1332,CELLULAR PROCESSES,1392568,1393674,co-chaperone and heat shock protein (dnaJ) {Escherichia coli},1106,40590,.,-,.
.,forsyth,gene,HP1333,HYPOTHETICAL PROTEIEN,1393799,1394944,hypothetical protein,1145,42020,.,+,.
.,forsyth,gene,HP1334,HYPOTHETICAL PROTEIEN,1395156,1395827,hypothetical protein,671,24640,.,+,.
.,forsyth,gene,HP1335,HYPOTHETICAL PROTEIEN,1395897,1396976,conserved hypothetical protein {Mycoplasma genitalium},1079,39600,.,-,.
.,forsyth,gene,HP1336,HYPOTHETICAL PROTEIEN,1397061,1397819,hypothetical protein,758,27830,.,+,.
.,forsyth,gene,HP1337,HYPOTHETICAL PROTEIEN,1397822,1398343,conserved hypothetical protein {Bacillus subtilis},521,19140,.,-,.
.,forsyth,gene,HP1338,HYPOTHETICAL PROTEIEN,1398330,1398773,conserved hypothetical protein {Methanococcus jannaschii},443,16280,.,-,.
.,forsyth,gene,HP1339,TRANSPORT AND BINDING PROTEINS,1399036,1399533,biopolymer transport protein (exbB) {Haemophilus influenzae},497,18260,.,+,.
.,forsyth,gene,HP1340,TRANSPORT AND BINDING PROTEINS,1399533,1399919,biopolymer transport protein (exbD) {Haemophilus influenzae},386,14190,.,+,.
.,forsyth,gene,HP1341,TRANSPORT AND BINDING PROTEINS,1399888,1400742,siderophore-mediated iron transport protein (tonB) {Pseudomonas aeruginosa},854,31350,.,+,.
.,forsyth,gene,HP1342,CELL ENVELOPE,1400936,1403008,outer membrane protein (omp29),2072,76010,.,+,.
.,forsyth,gene,HP1343,HYPOTHETICAL PROTEIEN,1403171,1403896,conserved hypothetical integral membrane protein {Haemophilus influenzae},725,26620,.,-,.
.,forsyth,gene,HP1344,TRANSPORT AND BINDING PROTEINS,1403906,1404859,magnesium and cobalt transport protein (corA) {Escherichia coli},953,34980,.,-,.
.,forsyth,gene,HP1345,ENERGY METABOLISM,1404878,1406083,phosphoglycerate kinase {Arabidopsis thaliana},1205,44220,.,-,.
.,forsyth,gene,HP1346,ENERGY METABOLISM,1406102,1407091,glyceraldehyde-3-phosphate dehydrogenase (gap) {Bacillus stearothermophilus},989,36300,.,-,.
.,forsyth,gene,HP1347,REPLICATION,1407183,1407881,uracil-DNA glycosylase (ung) {Pseudomonas denitrificans},698,25630,.,-,.
.,forsyth,gene,HP1348,FATTY ACID AND PHOSPHOLIPID METABOLISM,1407881,1408600,1-acyl-glycerol-3-phosphate acyltransferase (plsC) {Escherichia coli),719,26400,.,-,.
.,forsyth,gene,HP1349,HYPOTHETICAL PROTEIEN,1408590,1409750,hypothetical protein,1160,42570,.,-,.
.,forsyth,gene,HP1350,TRANSLATION,1409760,1411136,protease {Bartonella bacilliformis},1376,50490,.,-,.
.,forsyth,gene,HP1351,HYPOTHETICAL PROTEIEN,1411349,1412218,hypothetical protein,869,31900,.,-,.
.,forsyth,gene,HP1352,REPLICATION,1412221,1413297,adenine specific DNA methyltransferase (HINFIM) {Haemophilus influenzae},1076,39490,.,-,.
.,forsyth,gene,HP1353,HYPOTHETICAL PROTEIEN,1413722,1414666,hypothetical protein,944,34650,.,-,.
.,forsyth,gene,HP1354,HYPOTHETICAL PROTEIEN,1414539,1417043,putative adenine specific DNA methyltransferase {Escherichia coli},2504,91850,.,-,.
.,forsyth,gene,HP1355,"BIOSYNTHESIS OF COFACTORS, PROSTHETIC GROUPS, AND CARRIERS",1417071,1417889,nicotinate-nucleotide pyrophosphorylase (nadC) {Bacillus subtilis},818,30030,.,-,.
.,forsyth,gene,HP1356,"BIOSYNTHESIS OF COFACTORS, PROSTHETIC GROUPS, AND CARRIERS",1417892,1418899,quinolinate synthetase A (nadA) {Methanococcus jannaschii},1007,36960,.,-,.
.,forsyth,gene,HP1357,FATTY ACID AND PHOSPHOLIPID METABOLISM,1418892,1419692,phosphatidylserine decarboxylase proenzyme (psd) {Escherichia coli},800,29370,.,-,.
.,forsyth,gene,HP1358,HYPOTHETICAL PROTEIEN,1419689,1420192,hypothetical protein,503,18480,.,-,.
.,forsyth,gene,HP1359,HYPOTHETICAL PROTEIEN,1420208,1420756,hypothetical protein,548,20130,.,-,.
.,forsyth,gene,HP1360,"BIOSYNTHESIS OF COFACTORS, PROSTHETIC GROUPS, AND CARRIERS",1420695,1421576,4-hydroxybenzoate octaprenyltransferase (ubiA) {Escherichia coli},881,32340,.,-,.
.,forsyth,gene,HP1361,CELLULAR PROCESSES,1421608,1422858,competence locus E (comE3) {Bacillus subtilis},1250,45870,.,-,.
.,forsyth,gene,HP1362,REPLICATION,1422918,1424381,replicative DNA helicase (dnaB) {Bacillus subtilis},1463,53680,.,-,.
.,forsyth,gene,HP1363,HYPOTHETICAL PROTEIEN,1424395,1425792,conserved hypothetical integral membrane protein {Escherichia coli},1397,51260,.,-,.
.,forsyth,gene,HP1364,REGULATORY FUNCTIONS,1425798,1426988,"signal-transducing protein, histidine kinase {Bacteroides fragilis}",1190,43670,.,-,.
.,forsyth,gene,HP1365,REGULATORY FUNCTIONS,1426966,1427604,response regulator {Enterococcus faecalis},638,23430,.,-,.
.,forsyth,gene,HP1366,REPLICATION,1427691,1428959,type IIS restriction enzyme R protein (MBOIIR) {Moraxella bovis},1268,46530,.,-,.
.,forsyth,gene,HP1367,REPLICATION,1428978,1429757,type IIS restriction enzyme M1 protein (mod) ({Moraxella bovis},779,28600,.,-,.
.,forsyth,gene,HP1368,REPLICATION,1429747,1430607,type IIS restriction enzyme M2 protein (mod) {Methanobacterium thermoautotrophicum},860,31570,.,-,.
.,forsyth,gene,HP1369,REPLICATION,1430856,1432277,type III restriction enzyme M protein (mod) {Salmonella choleraesuis},1421,52140,.,+,.
.,forsyth,gene,HP1370,REPLICATION,1432418,1433281,type III restriction enzyme M protein (mod) {Haemophilus influenzae},863,31680,.,+,.
.,forsyth,gene,HP1371,REPLICATION,1433295,1436198,type III restriction enzyme R protein {Mycoplasma pulmonis},2903,106480,.,+,.
.,forsyth,gene,HP1372,CELL ENVELOPE,1436254,1436997,rod shape-determining protein (mreC) {Haemophilus influenzae},743,27280,.,-,.
.,forsyth,gene,HP1373,CELL ENVELOPE,1437004,1438044,rod shape-determining protein (mreB) {Escherichia coli},1040,38170,.,-,.
.,forsyth,gene,HP1374,TRANSLATION,1438090,1439427,ATP-dependent protease ATPase subunit (clpX) {Escherichia coli},1337,49060,.,-,.
.,forsyth,gene,HP1375,CELL ENVELOPE,1439432,1440241,UDP-N-acetylglucosamine acyltransferase (lpxA) {Rickettsia rickettsii},809,29700,.,-,.
.,forsyth,gene,HP1376,FATTY ACID AND PHOSPHOLIPID METABOLISM,1440248,1440724,(3R)-hydroxymyristoyl-(acyl carrier protein) dehydratase (fabZ) {Yersinia enterocolitica},476,17490,.,-,.
.,forsyth,gene,HP1377,HYPOTHETICAL PROTEIEN,1440899,1441336,hypothetical protein,437,16060,.,-,.
.,forsyth,gene,HP1378,CELLULAR PROCESSES,1441694,1442353,competence lipoprotein (comL) {Neisseria gonorrhoeae},659,24200,.,+,.
.,forsyth,gene,HP1379,TRANSLATION,1442398,1444902,ATP-dependent protease (lon) {Escherichia coli},2504,91850,.,+,.
.,forsyth,gene,HP1380,AMINO-ACID BIOSYNTHESIS,1444944,1445738,prephenate dehydrogenase (tyrA) {Bacillus subtilis},794,29150,.,+,.
.,forsyth,gene,HP1381,HYPOTHETICAL PROTEIEN,1445793,1446023,hypothetical protein,230,8470,.,+,.
.,forsyth,gene,HP1382,HYPOTHETICAL PROTEIEN,1446088,1446477,hypothetical protein,389,14300,.,-,.
.,forsyth,gene,HP1383,REPLICATION,1446446,1446925,restriction modification system S subunit {Methanococcus jannaschii},479,17600,.,+,.
.,forsyth,gene,HP1384,HYPOTHETICAL PROTEIEN,1446956,1447159,hypothetical protein,203,7480,.,-,.
.,forsyth,gene,HP1385,ENERGY METABOLISM,1447159,1448028,"fructose-1,6-bisphosphatase {Kluyveromyces lactis}",869,31900,.,-,.
.,forsyth,gene,HP1386,ENERGY METABOLISM,1448099,1448749,D-ribulose-5-phosphate 3 epimerase (rpe) {Escherichia coli},650,23870,.,+,.
.,forsyth,gene,HP1387,REPLICATION,1448622,1449671,DNA polymerase III epsilon subunit (dnaQ) {Escherichia coli}},1049,38500,.,+,.
.,forsyth,gene,HP1388,HYPOTHETICAL PROTEIEN,1450188,1450634,hypothetical protein,446,16390,.,+,.
.,forsyth,gene,HP1389,HYPOTHETICAL PROTEIEN,1450780,1450959,hypothetical protein,179,6600,.,+,.
.,forsyth,gene,HP1390,HYPOTHETICAL PROTEIEN,1451007,1451504,hypothetical protein,497,18260,.,-,.
.,forsyth,gene,HP1391,HYPOTHETICAL PROTEIEN,1451760,1452053,hypothetical protein,293,10780,.,-,.
.,forsyth,gene,HP1392,CELL ENVELOPE,1452075,1453379,fibronectin/fibrinogen-binding protein {Streptococcus pyogenes},1304,47850,.,-,.
.,forsyth,gene,HP1393,REPLICATION,1453379,1454950,DNA repair protein (recN) {Haemophilus influenzae},1571,57640,.,-,.
.,forsyth,gene,HP1394,HYPOTHETICAL PROTEIEN,1454968,1455819,conserved hypothetical protein {Methanococcus jannaschii},851,31240,.,-,.
.,forsyth,gene,HP1395,CELL ENVELOPE,1456007,1456732,outer membrane protein (omp30),725,26620,.,+,.
.,forsyth,gene,HP1396,HYPOTHETICAL PROTEIEN,1456781,1457644,hypothetical protein,863,31680,.,-,.
.,forsyth,gene,HP1397,HYPOTHETICAL PROTEIEN,1457655,1458467,hypothetical protein,812,29810,.,-,.
.,forsyth,gene,HP1398,ENERGY METABOLISM,1458585,1459724,alanine dehydrogenase (ald) {Bacillus subtilis},1139,41800,.,-,.
.,forsyth,gene,HP1399,ENERGY METABOLISM,1459926,1460891,arginase (rocF) {Bacillus subtilis},965,35420,.,+,.
.,forsyth,gene,HP1400,TRANSPORT AND BINDING PROTEINS,1461431,1463956,iron(III) dicitrate transport protein (fecA) {Escherichia coli},2525,92620,.,+,.
.,forsyth,gene,HP1401,HYPOTHETICAL PROTEIEN,1464051,1464755,conserved hypothetical protein {Methanococcus jannaschii},704,25850,.,-,.
.,forsyth,gene,HP1402,REPLICATION,1464758,1467736,type I restriction enzyme R protein (hsdR) {Escherichia coli},2978,109230,.,-,.
.,forsyth,gene,HP1403,REPLICATION,1467803,1470253,type I restriction enzyme M protein (hsdM) {Escherichia coli},2450,89870,.,+,.
.,forsyth,gene,HP1404,REPLICATION,1470253,1470540,type I restriction enzyme S protein (hsdS) {Methanococcus jannaschii},287,10560,.,+,.
.,forsyth,gene,HP1405,HYPOTHETICAL PROTEIEN,1470848,1470949,hypothetical protein,101,3740,.,+,.
.,forsyth,gene,HP1406,"BIOSYNTHESIS OF COFACTORS, PROSTHETIC GROUPS, AND CARRIERS",1471119,1471964,biotin synthetase (bioB) {Mycobacterium leprae},845,31020,.,+,.
.,forsyth,gene,HP1407,HYPOTHETICAL PROTEIEN,1471967,1472842,conserved hypothetical integral membrane protein {Haemophilus influenzae},875,32120,.,+,.
.,forsyth,gene,HP1408,HYPOTHETICAL PROTEIEN,1477542,1477874,hypothetical protein,332,12210,.,+,.
.,forsyth,gene,HP1409,HYPOTHETICAL PROTEIEN,1477927,1479660,hypothetical protein,1733,63580,.,+,.
.,forsyth,gene,HP1410,HYPOTHETICAL PROTEIEN,1479704,1480885,hypothetical protein,1181,43340,.,+,.
.,forsyth,gene,HP1411,HYPOTHETICAL PROTEIEN,1481000,1482856,hypothetical protein,1856,68090,.,+,.
.,forsyth,gene,HP1412,HYPOTHETICAL PROTEIEN,1482975,1483898,hypothetical protein,923,33880,.,+,.
.,forsyth,gene,HP1413,HYPOTHETICAL PROTEIEN,1484032,1484475,conserved hypothetical protein {Haemophilus influenzae},443,16280,.,-,.
.,forsyth,gene,HP1414,HYPOTHETICAL PROTEIEN,1484535,1484873,conserved hypothetical protein {Haemophilus influenzae},338,12430,.,+,.
.,forsyth,gene,HP1415,TRANSLATION,1484977,1485774,tRNA delta(2)-isopentenylpyrophosphate transferase (miaA) {Escherichia coli},797,29260,.,+,.
.,forsyth,gene,HP1416,CELL ENVELOPE,1485782,1486882,"lipopolysaccharide 1,2-glucosyltransferase (rfaJ) {Escherichia coli}",1100,40370,.,+,.
.,forsyth,gene,HP1417,HYPOTHETICAL PROTEIEN,1486895,1488561,conserved hypothetical protein {Escherichia coli},1666,61123.33333,.,+,.
.,forsyth,gene,HP1418,CELL ENVELOPE,1488628,1489404,UDP-N-acetylenolpyruvoylglucosamine reductase (murB) {Bacillus subtilis},776,28490,.,-,.
.,forsyth,gene,HP1419,CELL ENVELOPE,1489411,1489674,flagellar biosynthetic protein (fliQ) {Escherichia coli},263,9680,.,-,.
.,forsyth,gene,HP1420,CELL ENVELOPE,1489688,1490989,flagellar export protein ATP synthase (fliI) {Bacillus subtilis},1301,47740,.,-,.
.,forsyth,gene,HP1421,CELLULAR PROCESSES,1490993,1491904,conjugative transfer regulon protein (trbB) {Agrobacterium radiobacter},911,33440,.,-,.
.,forsyth,gene,HP1422,TRANSLATION,1491924,1494683,isoleucyl-tRNA synthetase (ileS) {Campylobacter jejuni},2759,101200,.,-,.
.,forsyth,gene,HP1423,HYPOTHETICAL PROTEIEN,1494711,1494962,conserved hypothetical protein {Bacillus subtilis},251,9240,.,-,.
.,forsyth,gene,HP1424,HYPOTHETICAL PROTEIEN,1495064,1495681,hypothetical protein,617,22660,.,+,.
.,forsyth,gene,HP1425,HYPOTHETICAL PROTEIEN,1495815,1496039,hypothetical protein,224,8250,.,-,.
.,forsyth,gene,HP1426,HYPOTHETICAL PROTEIEN,1496099,1496638,conserved hypothetical protein {Bacillus subtilis},539,19800,.,-,.
.,forsyth,gene,HP1427,TRANSPORT AND BINDING PROTEINS,1496992,1497171,"histidine-rich, metal binding polypeptide (hpn) {Helicobacter pylori}",179,6600,.,-,.
.,forsyth,gene,HP1428,HYPOTHETICAL PROTEIEN,1497370,1498440,conserved hypothetical protein {Pseudomonas aeruginosa},1070,39270,.,-,.
.,forsyth,gene,HP1429,CELL ENVELOPE,1498440,1499426,polysialic acid capsule expression protein (kpsF) {Haemophilus influenzae},986,36190,.,-,.
.,forsyth,gene,HP1430,HYPOTHETICAL PROTEIEN,1499413,1501479,conserved hypothetical ATP-binding protein {Bacillus subtilis},2066,75790,.,-,.
.,forsyth,gene,HP1431,OTHER CATEGORIES,1501520,1502332,"16S rRNA (adenosine-N6,N6-)-dimethyltransferase (ksgA) {Haemophilus influenzae}",812,29810,.,-,.
.,forsyth,gene,HP1432,TRANSPORT AND BINDING PROTEINS,1502586,1502801,histidine and glutamine-rich protein {Helicobacter pylori},215,7920,.,+,.
.,forsyth,gene,HP1433,HYPOTHETICAL PROTEIEN,1503441,1506008,hypothetical protein,2567,94160,.,-,.
.,forsyth,gene,HP1434,"PURINES, PYRIMIDINES, NUCLEOSIDES AND NUCLEOTIDES",1506120,1506998,formyltetrahydrofolate hydrolase (purU) {Haemophilus influenzae},878,32230,.,-,.
.,forsyth,gene,HP1435,TRANSLATION,1507004,1507879,protease IV (PspA) {Campylobacter jejuni},875,32120,.,-,.
.,forsyth,gene,HP1436,HYPOTHETICAL PROTEIEN,1507950,1508195,hypothetical protein,245,9020,.,+,.
.,forsyth,gene,HP1437,HYPOTHETICAL PROTEIEN,1508432,1509148,hypothetical protein,716,26290,.,+,.
.,forsyth,gene,HP1438,HYPOTHETICAL PROTEIEN,1509160,1510173,conserved hypothetical lipoprotein {Mycoplasma hominis},1013,37180,.,+,.
.,forsyth,gene,HP1439,HYPOTHETICAL PROTEIEN,1510188,1510430,hypothetical protein,242,8910,.,+,.
.,forsyth,gene,HP1440,HYPOTHETICAL PROTEIEN,1513146,1513922,hypothetical protein,776,28490,.,-,.
.,forsyth,gene,HP1441,TRANSLATION,1514043,1514531,"peptidyl-prolyl cis-trans isomerase B, cyclosporin-type rotamase (ppi) {Synechococcus sp.}",488,17930,.,+,.
.,forsyth,gene,HP1442,REGULATORY FUNCTIONS,1514554,1514781,carbon storage regulator (csrA) {Bacillus subtilis},227,8360,.,+,.
.,forsyth,gene,HP1443,HYPOTHETICAL PROTEIEN,1514781,1515584,conserved hypothetical protein {Bacillus subtilis},803,29480,.,+,.
.,forsyth,gene,HP1444,OTHER CATEGORIES,1515584,1516039,small protein (smpB) {Haemophilus influenzae},455,16720,.,+,.
.,forsyth,gene,HP1445,TRANSPORT AND BINDING PROTEINS,1516045,1516494,biopolymer transport protein (exbB) {Haemophilus influenzae},449,16500,.,+,.
.,forsyth,gene,HP1446,TRANSPORT AND BINDING PROTEINS,1516508,1516906,biopolymer transport protein (exbD) {Haemophilus influenzae},398,14630,.,+,.
.,forsyth,gene,HP1447,TRANSLATION,1516981,1517112,ribosomal protein L34 (rpl34) {Coxiella burnetii},131,4840,.,+,.
.,forsyth,gene,HP1448,TRANSLATION,1517075,1517557,"ribonuclease P, protein component (rnpA) {Bacillus subtilis}",482,17710,.,+,.
.,forsyth,gene,HP1449,HYPOTHETICAL PROTEIEN,1517547,1517897,conserved hypothetical protein {Coxiella burnetii},350,12870,.,+,.
.,forsyth,gene,HP1450,CELL ENVELOPE,1517906,1519546,60 kDa inner-membrane protein {Pseudomonas putida},1640,60170,.,+,.
.,forsyth,gene,HP1451,HYPOTHETICAL PROTEIEN,1519549,1520340,hypothetical protein,791,29040,.,+,.
.,forsyth,gene,HP1452,CELLULAR PROCESSES,1520303,1521685,thiophene and furan oxidizer (tdhF) {Bacillus subtilis},1382,50710,.,+,.
.,forsyth,gene,HP1453,HYPOTHETICAL PROTEIEN,1521892,1524129,conserved hypothetical protein {Helicobacter pylori},2237,82060,.,+,.
.,forsyth,gene,HP1454,HYPOTHETICAL PROTEIEN,1524952,1525860,hypothetical protein,908,33330,.,-,.
.,forsyth,gene,HP1455,HYPOTHETICAL PROTEIEN,1525873,1526262,hypothetical protein,389,14300,.,-,.
.,forsyth,gene,HP1456,CELL ENVELOPE,1526222,1526746,membrane-associated lipoprotein (lpp20) {Helicobacter pylori},524,19250,.,-,.
.,forsyth,gene,HP1457,HYPOTHETICAL PROTEIEN,1526773,1527402,hypothetical protein,629,23100,.,-,.
.,forsyth,gene,HP1458,"BIOSYNTHESIS OF COFACTORS, PROSTHETIC GROUPS, AND CARRIERS",1527775,1528086,thioredoxin {Arabidopsis thaliana},311,11440,.,-,.
.,forsyth,gene,HP1459,HYPOTHETICAL PROTEIEN,1528144,1528929,conserved hypothetical protein {Bacillus subtilis},785,28820,.,-,.
.,forsyth,gene,HP1460,REPLICATION,1528914,1532546,DNA polymerase III alpha-subunit (dnaE) {Vibrio cholerae},3632,133210,.,-,.
.,forsyth,gene,HP1461,ENERGY METABOLISM,1532694,1533743,cytochrome c551 peroxidase {Pseudomonas aeruginosa},1049,38500,.,+,.
.,forsyth,gene,HP1462,CELL ENVELOPE,1533926,1534441,secreted protein involved in flagellar motility {Helicobacter pylori},515,18920,.,-,.
.,forsyth,gene,HP1463,HYPOTHETICAL PROTEIEN,1534532,1535206,hypothetical protein,674,24750,.,-,.
.,forsyth,gene,HP1464,HYPOTHETICAL PROTEIEN,1535212,1536024,conserved hypothetical secreted protein {Synechocystis sp.},812,29810,.,-,.
.,forsyth,gene,HP1465,TRANSPORT AND BINDING PROTEINS,1536012,1536794,"ABC transporter, ATP-binding protein (HI1087) {Haemophilus influenzae}",782,28710,.,-,.
.,forsyth,gene,HP1466,HYPOTHETICAL PROTEIEN,1536797,1537927,conserved hypothetical integral membrane protein {Haemophilus influenzae},1130,41470,.,-,.
.,forsyth,gene,HP1467,HYPOTHETICAL PROTEIEN,1538062,1538754,hypothetical protein,692,25410,.,+,.
.,forsyth,gene,HP1468,AMINO-ACID BIOSYNTHESIS,1538765,1539784,branched-chain-amino-acid aminotransferase (ilvE) {Haemophilus influenzae},1019,37400,.,-,.
.,forsyth,gene,HP1469,CELL ENVELOPE,1539839,1540582,outer membrane protein (omp31),743,27280,.,-,.
.,forsyth,gene,HP1470,REPLICATION,1540700,1543375,DNA polymerase I (polA) {Thermus aquaticus},2675,98120,.,-,.
.,forsyth,gene,HP1471,REPLICATION,1543446,1544636,type IIS restriction enzyme R protein (BCGIB) {Bacillus coagulans},1190,43670,.,-,.
.,forsyth,gene,HP1472,REPLICATION,1544705,1546741,type IIS restriction enzyme M protein (mod) {Bacillus coagulans},2036,74690,.,-,.
.,forsyth,gene,HP1473,HYPOTHETICAL PROTEIEN,1546775,1547347,hypothetical protein,572,21010,.,-,.
.,forsyth,gene,HP1474,"PURINES, PYRIMIDINES, NUCLEOSIDES AND NUCLEOTIDES",1547338,1547910,thymidylate kinase (tmk) {Mycoplasma genitalium},572,21010,.,-,.
.,forsyth,gene,HP1475,CELL ENVELOPE,1547915,1548385,lipopolysaccharide core biosynthesis protein (kdtB) {Escherichia coli},470,17270,.,-,.
.,forsyth,gene,HP1476,OTHER CATEGORIES,1548388,1548948,phenylacrylic acid decarboxylase {Methanococcus jannaschii},560,20570,.,-,.
.,forsyth,gene,HP1477,HYPOTHETICAL PROTEIEN,1548961,1549614,hypothetical protein,653,23980,.,-,.
.,forsyth,gene,HP1478,REPLICATION,1549614,1551659,DNA helicase II (uvrD) {Haemophilus influenzae},2045,75020,.,-,.
.,forsyth,gene,HP1479,HYPOTHETICAL PROTEIEN,1551659,1554190,hypothetical protein,2531,92840,.,-,.
.,forsyth,gene,HP1480,TRANSLATION,1554203,1555447,seryl-tRNA synthetase (serS) {Escherichia coli},1244,45650,.,-,.
.,forsyth,gene,HP1481,HYPOTHETICAL PROTEIEN,1555451,1556245,hypothetical protein,794,29150,.,-,.
.,forsyth,gene,HP1482,HYPOTHETICAL PROTEIEN,1556252,1556509,hypothetical protein,257,9460,.,-,.
.,forsyth,gene,HP1483,OTHER CATEGORIES,1556522,1557259,gerC2 protein (gerC2) {Lactococcus lactis},737,27060,.,-,.
.,forsyth,gene,HP1484,HYPOTHETICAL PROTEIEN,1557289,1557732,conserved hypothetical integral membrane protein {Rhodobacter sphaeroides},443,16280,.,-,.
.,forsyth,gene,HP1485,TRANSLATION,1557746,1558315,proline dipeptidase (pepQ) {Haemophilus influenzae},569,20900,.,-,.
.,forsyth,gene,HP1486,HYPOTHETICAL PROTEIEN,1558305,1559432,conserved hypothetical integral membrane protein {Escherichia coli},1127,41360,.,-,.
.,forsyth,gene,HP1487,HYPOTHETICAL PROTEIEN,1559432,1560526,conserved hypothetical integral membrane protein {Bacillus subtilis},1094,40150,.,-,.
.,forsyth,gene,HP1488,HYPOTHETICAL PROTEIEN,1560541,1561527,conserved hypothetical secreted protein {Escherichia coli},986,36190,.,-,.
.,forsyth,gene,HP1489,HYPOTHETICAL PROTEIEN,1561542,1563071,lipase-like protein {Serratia marcescens},1529,56100,.,-,.
.,forsyth,gene,HP1490,CELLULAR PROCESSES,1563071,1564417,hemolysin {Synechocystis sp.},1346,49390,.,-,.
.,forsyth,gene,HP1491,TRANSPORT AND BINDING PROTEINS,1564524,1566122,phosphate permease {Haemophilus influenzae},1598,58630,.,-,.
.,forsyth,gene,HP1492,HYPOTHETICAL PROTEIEN,1566261,1566527,conserved hypothetical nifU-like protein {Synechocystis sp.},266,9790,.,+,.
.,forsyth,gene,HP1493,HYPOTHETICAL PROTEIEN,1566542,1567150,hypothetical protein,608,22330,.,+,.
.,forsyth,gene,HP1494,CELL ENVELOPE,1567157,1568497,UDP-MurNac-tripeptide synthetase (murE) {Haemophilus influenzae},1340,49170,.,+,.
.,forsyth,gene,HP1495,ENERGY METABOLISM,1568504,1569451,transaldolase (tal) {Anabaena sp.},947,34760,.,+,.
.,forsyth,gene,HP1496,OTHER CATEGORIES,1569509,1570042,general stress protein (ctc) {Bacillus subtilis},533,19580,.,+,.
.,forsyth,gene,HP1497,TRANSLATION,1570055,1570612,peptidyl-tRNA hydrolase (pth) {Haemophilus influenzae},557,20460,.,+,.
.,forsyth,gene,HP1498,HYPOTHETICAL PROTEIEN,1570670,1571734,hypothetical protein,1064,39050,.,+,.
.,forsyth,gene,HP1499,HYPOTHETICAL PROTEIEN,1571852,1572667,hypothetical protein,815,29920,.,+,.
.,forsyth,gene,HP1500,HYPOTHETICAL PROTEIEN,1572838,1572906,hypothetical protein,68,2530,.,-,.
.,forsyth,gene,HP1501,CELL ENVELOPE,1573071,1574234,outer membrane protein (omp32),1163,42680,.,-,.
.,forsyth,gene,HP1502,HYPOTHETICAL PROTEIEN,1574413,1574847,hypothetical protein,434,15950,.,+,.
.,forsyth,gene,HP1503,TRANSPORT AND BINDING PROTEINS,1574850,1577213,"cation-transporting ATPase, P-type (copA) {Enterococcus faecalis}",2363,86680,.,-,.
.,forsyth,gene,HP1504,HYPOTHETICAL PROTEIEN,1577242,1577955,conserved hypothetical protein {Bacillus subtilis},713,26180,.,-,.
.,forsyth,gene,HP1505,"BIOSYNTHESIS OF COFACTORS, PROSTHETIC GROUPS, AND CARRIERS",1577940,1578971,riboflavin biosynthesis protein (ribG) {Haemophilus influenzae},1031,37840,.,-,.
.,forsyth,gene,HP1506,TRANSPORT AND BINDING PROTEINS,1578971,1580194,glutamate permease (gltS) {Escherichia coli},1223,44880,.,-,.
.,forsyth,gene,HP1507,HYPOTHETICAL PROTEIEN,1580322,1581476,conserved hypothetical ATP-binding protein {Synechocystis PCC6803},1154,42350,.,+,.
.,forsyth,gene,HP1508,ENERGY METABOLISM,1581492,1582865,ferrodoxin-like protein {Paracoccus denitrificans},1373,50380,.,-,.
.,forsyth,gene,HP1509,HYPOTHETICAL PROTEIEN,1582845,1583630,conserved hypothetical integral membrane protein {Mycoplasma genitalium},785,28820,.,+,.
.,forsyth,gene,HP1510,HYPOTHETICAL PROTEIEN,1583630,1583980,conserved hypothetical protein {Mycoplasma genitalium},350,12870,.,+,.
.,forsyth,gene,HP1511,HYPOTHETICAL PROTEIEN,1583967,1584290,hypothetical protein,323,11880,.,+,.
.,forsyth,gene,HP1512,TRANSPORT AND BINDING PROTEINS,1584447,1587077,iron-regulated outer membrane protein (frpB) {Neisseria meningitidis},2630,96470,.,+,.
.,forsyth,gene,HP1513,TRANSLATION,1587307,1588464,selenocystein synthase (selA) {Escherichia coli},1157,42460,.,+,.
.,forsyth,gene,HP1514,TRANSCRIPTION,1588569,1589753,transcription termination factor NusA (nusA) {Thermus aquaticus},1184,43450,.,+,.
.,forsyth,gene,HP1515,HYPOTHETICAL PROTEIEN,1589956,1590045,hypothetical protein,89,3300,.,+,.
.,forsyth,gene,HP1516,HYPOTHETICAL PROTEIEN,1590112,1590648,hypothetical protein,536,19690,.,-,.
.,forsyth,gene,HP1517,REPLICATION,1590652,1594488,type IIS restriction enzyme R and M protein (ECO57IR) {Escherichia coli},3836,140690,.,-,.
.,forsyth,gene,HP1518,HYPOTHETICAL PROTEIEN,1594493,1594777,hypothetical protein,284,10450,.,-,.
.,forsyth,gene,HP1519,HYPOTHETICAL PROTEIEN,1594911,1595660,hypothetical protein,749,27500,.,-,.
.,forsyth,gene,HP1520,HYPOTHETICAL PROTEIEN,1595773,1597062,hypothetical protein,1289,47300,.,-,.
.,forsyth,gene,HP1521,REPLICATION,1597199,1600099,type III restriction enzyme R protein (res) {Salmonella choleraesuis},2900,106370,.,-,.
.,forsyth,gene,HP1522,REPLICATION,1600105,1602038,adenine specific DNA methyltransferase (mod) {Escherichia coli},1933,70913.33333,.,-,.
.,forsyth,gene,HP1523,REPLICATION,1602091,1603959,DNA recombinase (recG) {Escherichia coli},1868,68530,.,-,.
.,forsyth,gene,HP1524,HYPOTHETICAL PROTEIEN,1604041,1604385,hypothetical protein,344,12650,.,+,.
.,forsyth,gene,HP1525,HYPOTHETICAL PROTEIEN,1604392,1605024,hypothetical protein,632,23210,.,+,.
.,forsyth,gene,HP1526,REPLICATION,1605027,1605776,exodeoxyribonuclease (lexA) {Bacillus subtilis},749,27500,.,-,.
.,forsyth,gene,HP1527,HYPOTHETICAL PROTEIEN,1605959,1607395,hypothetical protein,1436,52690,.,-,.
.,forsyth,gene,HP1528,HYPOTHETICAL PROTEIEN,1607394,1607468,hypothetical protein,74,2750,.,+,.
.,forsyth,gene,HP1529,REPLICATION,1607627,1608997,chromosomal replication initiator protein (dnaA) {Bacillus subtilis},1370,50270,.,-,.
.,forsyth,gene,HP1530,"PURINES, PYRIMIDINES, NUCLEOSIDES AND NUCLEOTIDES",1609150,1609689,purine nucleoside phosphorylase (punB) {Bacillus stearothermophilus},539,19800,.,+,.
.,forsyth,gene,HP1531,HYPOTHETICAL PROTEIEN,1609735,1609971,hypothetical protein,236,8690,.,+,.
.,forsyth,gene,HP1532,CENTRAL INTERMEDIARY METABOLISM,1609975,1611765,glucosamine fructose-6-phosphate aminotransferase (isomerizing) (glmS) {Haemophilus influenzae},1790,65670,.,+,.
.,forsyth,gene,HP1533,HYPOTHETICAL PROTEIEN,1611722,1612414,conserved hypothetical protein {Corynebacterium glutamicum},692,25410,.,+,.
.,forsyth,gene,HP1534,OTHER CATEGORIES,1613004,1614284,IS605 transposase (tnpB) {Helicobacter pylori},1280,46970,.,-,.
.,forsyth,gene,HP1535,OTHER CATEGORIES,1614354,1614779,IS605 transposase (tnpA) {Helicobacter pylori},425,15620,.,+,.
.,forsyth,gene,HP1536,HYPOTHETICAL PROTEIEN,1614842,1614895,hypothetical protein,53,1980,.,-,.
.,forsyth,gene,HP1537,HYPOTHETICAL PROTEIEN,1615030,1615713,hypothetical protein,683,25080,.,+,.
.,forsyth,gene,HP1538,ENERGY METABOLISM,1615881,1616735,"ubiquinol cytochrome c oxidoreductase, cytochrome c1 subunit (fbcH) {Bradyrhizobium japonicum}",854,31350,.,-,.
.,forsyth,gene,HP1539,ENERGY METABOLISM,1616735,1617970,"ubiquinol cytochrome c oxidoreductase, cytochrome b subunit (fbcH) {Bradyrhizobium japonicum}",1235,45320,.,-,.
.,forsyth,gene,HP1540,ENERGY METABOLISM,1617984,1618484,"ubiquinol cytochrome c oxidoreductase, Rieske 2Fe-2S subunit (fbcF) {Bradyrhizobium japonicum}",500,18370,.,-,.
.,forsyth,gene,HP1541,REPLICATION,1618612,1621608,transcription-repair coupling factor (trcF) {Haemophilus influenzae},2996,109890,.,-,.
.,forsyth,gene,HP1542,HYPOTHETICAL PROTEIEN,1621615,1622022,hypothetical protein,407,14960,.,-,.
.,forsyth,gene,HP1543,CELL ENVELOPE,1621944,1622879,toxR-activated gene (tagE) {Vibrio cholerae},935,34320,.,-,.
.,forsyth,gene,HP1544,CELL ENVELOPE,1622891,1623814,toxR-activated gene (tagE) {Vibrio cholerae},923,33880,.,-,.
.,forsyth,gene,HP1545,"BIOSYNTHESIS OF COFACTORS, PROSTHETIC GROUPS, AND CARRIERS",1623817,1624998,folylpolyglutamate synthase (folC) {Haemophilus influenzae},1181,43340,.,-,.
.,forsyth,gene,HP1546,HYPOTHETICAL PROTEIEN,1624991,1625500,hypothetical protein,509,18700,.,-,.
.,forsyth,gene,HP1547,TRANSLATION,1625500,1627917,leucyl-tRNA synthetase (leuS) {Haemophilus influenzae},2417,88660,.,-,.
.,forsyth,gene,HP1548,HYPOTHETICAL PROTEIEN,1627930,1628265,conserved hypothetical integral membrane protein {Vibrio cholerae},335,12320,.,-,.
.,forsyth,gene,HP1549,CELLULAR PROCESSES,1628278,1629246,protein-export membrane protein (secF) {Escherichia coli},968,35530,.,-,.
.,forsyth,gene,HP1550,CELLULAR PROCESSES,1629258,1630766,protein-export membrane protein (secD) {Escherichia coli},1508,55330,.,-,.
.,forsyth,gene,HP1551,HYPOTHETICAL PROTEIEN,1630832,1631212,conserved hypothetical secreted protein {Escherichia coli},380,13970,.,-,.
.,forsyth,gene,HP1552,TRANSPORT AND BINDING PROTEINS,1631263,1632576,Na+/H+ antiporter (nhaA) {Escherichia coli},1313,48180,.,-,.
.,forsyth,gene,HP1553,REPLICATION,1632603,1635437,helicase {Bacillus subtilis},2834,103950,.,-,.
.,forsyth,gene,HP1554,TRANSLATION,1635686,1636477,ribosomal protein S2 (rps2) {Escherichia coli},791,29040,.,+,.
.,forsyth,gene,HP1555,TRANSLATION,1636480,1637544,translation elongation factor EF-Ts (tsf) {Spiroplasma citri},1064,39050,.,+,.
.,forsyth,gene,HP1556,CELLULAR PROCESSES,1637999,1639843,cell division protein (ftsI)  {Bacillus subtilis},1844,67650,.,-,.
.,forsyth,gene,HP1557,CELL ENVELOPE,1640002,1640328,flagellar basal-body protein (fliE) {Bacillus subtilis},326,11990,.,-,.
.,forsyth,gene,HP1558,CELL ENVELOPE,1640459,1640941,flagellar basal-body rod protein (flgC) (proximal rod protein) {Borrelia burgdorferi},482,17710,.,-,.
.,forsyth,gene,HP1559,CELL ENVELOPE,1640957,1641376,flagellar basal-body rod protein (flgB) (proximal rod protein) {Salmonella choleraesuis},419,15400,.,-,.
.,forsyth,gene,HP1560,CELLULAR PROCESSES,1641584,1642747,cell division protein (ftsW) Escherichia coli,1163,42680,.,+,.
.,forsyth,gene,HP1561,TRANSPORT AND BINDING PROTEINS,1642777,1643781,"iron(III) ABC transporter, periplasmic iron-binding protein (ceuE) {Campylobacter coli}",1004,36850,.,-,.
.,forsyth,gene,HP1562,TRANSPORT AND BINDING PROTEINS,1643985,1644983,"iron(III) ABC transporter, periplasmic iron-binding protein (ceuE) {Campylobacter coli}",998,36630,.,-,.
.,forsyth,gene,HP1563,CELLULAR PROCESSES,1645224,1645817,alkyl hydroperoxide reductase (tsaA) {Helicobacter pylori},593,21780,.,+,.
.,forsyth,gene,HP1564,CELL ENVELOPE,1645960,1646772,outer membrane protein {Pasteurella haemolytica},812,29810,.,+,.
.,forsyth,gene,HP1565,CELL ENVELOPE,1647271,1649034,penicillin-binding protein 2 (pbp2) {Haemophilus influenzae},1763,64680,.,-,.
.,forsyth,gene,HP1566,HYPOTHETICAL PROTEIEN,1649018,1649458,hypothetical protein,440,16170,.,-,.
.,forsyth,gene,HP1567,HYPOTHETICAL PROTEIEN,1649474,1650097,conserved hypothetical ATP-binding protein {Mycoplasma genitalium},623,22880,.,-,.
.,forsyth,gene,HP1568,HYPOTHETICAL PROTEIEN,1650097,1650645,hypothetical protein,548,20130,.,-,.
.,forsyth,gene,HP1569,HYPOTHETICAL PROTEIEN,1650648,1651238,hypothetical protein,590,21670,.,-,.
.,forsyth,gene,HP1570,HYPOTHETICAL PROTEIEN,1651216,1651707,conserved hypothetical protein {Haemophilus influenzae},491,18040,.,-,.
.,forsyth,gene,HP1571,CELL ENVELOPE,1651707,1652651,rare lipoprotein A (rlpA) {Haemophilus influenzae},944,34650,.,-,.
.,forsyth,gene,HP1572,REGULATORY FUNCTIONS,1652654,1653769,regulatory protein DniR {Escherichia coli},1115,40920,.,-,.
.,forsyth,gene,HP1573,HYPOTHETICAL PROTEIEN,1653860,1654621,conserved hypothetical protein {Bacillus subtilis},761,27940,.,-,.
.,forsyth,gene,HP1574,"BIOSYNTHESIS OF COFACTORS, PROSTHETIC GROUPS, AND CARRIERS",1654696,1655313,riboflavin synthase alpha subunit (ribC) {Actinobacillus pleuropneumoniae},617,22660,.,+,.
.,forsyth,gene,HP1575,CELL ENVELOPE,1655317,1655586,flhB protein (flhB) {Yersinia enterocolitica},269,9900,.,+,.
.,forsyth,gene,HP1576,TRANSPORT AND BINDING PROTEINS,1655611,1656591,"ABC transporter, ATP-binding protein (abc) {Haemophilus influenzae}",980,35970,.,+,.
.,forsyth,gene,HP1577,TRANSPORT AND BINDING PROTEINS,1656596,1657240,"ABC transporter, permease protein (yaeE) {Escherichia coli}",644,23650,.,+,.
.,forsyth,gene,HP1578,CELL ENVELOPE,1657278,1658393,LPS biosynthesis protein,1115,40920,.,-,.
.,forsyth,gene,HP1579,HYPOTHETICAL PROTEIEN,1658445,1658870,hypothetical protein,425,15620,.,-,.
.,forsyth,gene,HP1580,HYPOTHETICAL PROTEIEN,1658883,1659542,hypothetical protein,659,24200,.,-,.
.,forsyth,gene,HP1581,CELL ENVELOPE,1659476,1660483,methicillin resistance protein (llm) {Staphylococcus aureus},1007,36960,.,-,.
.,forsyth,gene,HP1582,"BIOSYNTHESIS OF COFACTORS, PROSTHETIC GROUPS, AND CARRIERS",1660610,1661395,pyridoxal phosphate biosynthetic protein J (pdxJ) {Aquifex pyrophilus},785,28820,.,+,.
.,forsyth,gene,HP1583,"BIOSYNTHESIS OF COFACTORS, PROSTHETIC GROUPS, AND CARRIERS",1661400,1662320,pyridoxal phosphate biosynthetic protein A (pdxA) {Escherichia coli},920,33770,.,+,.
.,forsyth,gene,HP1584,TRANSLATION,1662388,1663407,sialoglycoprotease (gcp) {Haemophilus influenzae},1019,37400,.,+,.
.,forsyth,gene,HP1585,CELL ENVELOPE,1663590,1664375,flagellar basal-body rod protein (flgG) {Salmonella choleraesuis},785,28820,.,+,.
.,forsyth,gene,HP1586,HYPOTHETICAL PROTEIEN,1664450,1664785,hypothetical protein,335,12320,.,+,.
.,forsyth,gene,HP1587,HYPOTHETICAL PROTEIEN,1664880,1665344,conserved hypothetical protein {Escherichia coli},464,17050,.,-,.
.,forsyth,gene,HP1588,HYPOTHETICAL PROTEIEN,1666032,1666790,conserved hypothetical protein {Escherichia coli},758,27830,.,-,.
.,forsyth,gene,HP1589,HYPOTHETICAL PROTEIEN,1667060,1667680,conserved hypothetical protein {Escherichia coli},620,22770,.,-,.
.,forsyth,gene,HP1590,HYPOTHETICAL PROTEIEN,1667684,1667800,hypothetical protein,116,4290,.,-,.